DMS_id,Site_Independent,EVmutation,DeepSequence_single,DeepSequence_ensemble,EVE_single,EVE_ensemble,Unirep,Unirep_evotune,MSA_Transformer_single,MSA_Transformer_ensemble,ESM1b,ESM1v_single,ESM1v_ensemble,ESM2_8M,ESM2_35M,ESM2_150M,ESM2_650M,ESM2_3B,ESM2_15B,Wavenet,RITA_s,RITA_m,RITA_l,RITA_xl,Progen2_small,Progen2_medium,Progen2_base,Progen2_large,Progen2_xlarge,GEMME,VESPA,VESPAl,ProtGPT2,Tranception_S_no_retrieval,Tranception_M_no_retrieval,Tranception_L_no_retrieval,Tranception_S,Tranception_M,Tranception_L,TranceptEVE_S,TranceptEVE_M,TranceptEVE_L,CARP_38M,CARP_600K,CARP_640M,CARP_76M,MIF,MIFST,ESM-IF1,ProteinMPNN,RITA_ensemble,Progen2_ensemble,number_mutants,UniProt_ID,Neff_L_category,Taxon,Selection Type
A0A140D2T1_ZIKV_Sourisseau_2019,0.383,0.354,0.131,0.103,0.394,0.405,-0.133,0.062,0.475,0.454,-0.001,-0.048,0.015,-0.073,-0.054,-0.058,0.213,0.363,0.375,0.216,0.361,0.309,0.317,0.305,0.329,0.342,0.328,0.312,0.293,0.43,0.319,0.296,0.005,0.304,0.331,0.272,0.362,0.366,0.351,0.361,0.358,0.373,-0.06,-0.073,0.131,-0.061,-0.061,0.131,0.287,0.129,0.346,0.346,9576,A0A140D2T1_ZIKV,medium,Virus,OrganismalFitness
A0A192B1T2_9HIV1_Haddox_2018,0.481,0.407,0.413,0.432,0.509,0.516,0.0,0.513,0.514,0.514,0.456,0.492,0.516,-0.003,0.015,0.035,0.08,0.132,0.164,0.465,0.496,0.507,0.509,0.505,0.497,0.501,0.463,0.49,0.484,0.496,0.541,0.507,0.327,0.492,0.483,0.514,0.509,0.503,0.513,0.524,0.518,0.528,0.422,-0.021,0.497,0.429,0.329,0.451,0.206,0.136,0.519,0.508,12577,A0A192B1T2_9HIV1,medium,Virus,OrganismalFitness
A0A1I9GEU1_NEIME_Kennouche_2019,-0.011,0.044,0.107,0.098,0.053,0.054,-0.024,0.084,0.094,0.102,0.04,0.068,0.068,-0.037,-0.047,-0.016,0.03,0.027,0.025,0.067,-0.01,0.047,0.071,0.088,0.05,0.088,0.08,0.089,0.095,0.045,0.046,0.036,0.03,0.036,0.055,0.099,0.031,0.041,0.057,0.058,0.061,0.075,-0.055,-0.056,0.039,-0.043,0.051,0.055,0.039,0.04,0.066,0.087,922,A0A1I9GEU1_NEIME,medium,Prokaryote,Activity
A0A2Z5U3Z0_9INFA_Doud_2016,0.478,0.473,0.484,0.517,0.545,0.548,0.009,0.492,0.164,0.53,0.124,0.516,0.55,-0.004,0.013,0.064,0.507,0.498,0.501,0.413,0.467,0.534,0.52,0.542,0.433,0.52,0.513,0.494,0.504,0.538,0.49,0.4,0.076,0.47,0.525,0.523,0.518,0.548,0.537,0.557,0.576,0.573,0.006,0.0,0.339,0.017,0.43,0.487,0.462,0.174,0.542,0.544,10715,A0A2Z5U3Z0_9INFA,medium,Virus,OrganismalFitness
A0A2Z5U3Z0_9INFA_Wu_2014,0.48,0.506,0.454,0.478,0.506,0.521,0.021,0.436,0.496,0.515,0.155,0.461,0.509,0.048,0.073,0.073,0.464,0.481,0.485,0.458,0.45,0.503,0.484,0.511,0.345,0.46,0.482,0.447,0.475,0.513,0.442,0.375,0.085,0.442,0.493,0.519,0.506,0.534,0.541,0.541,0.556,0.558,0.052,0.051,0.253,0.069,0.355,0.38,0.362,0.147,0.513,0.491,2350,A0A2Z5U3Z0_9INFA,medium,Virus,OrganismalFitness
A4D664_9INFA_Soh_2019,0.411,0.34,0.406,0.403,0.409,0.408,0.029,0.364,0.333,0.336,0.044,0.026,0.033,0.022,0.02,0.027,0.149,0.211,0.27,0.26,0.329,0.386,0.404,0.398,0.064,0.26,0.285,0.244,0.33,0.443,0.318,0.296,0.055,0.348,0.371,0.404,0.366,0.38,0.393,0.434,0.439,0.461,0.019,-0.0,0.08,-0.001,0.262,0.254,0.126,0.105,0.398,0.292,14421,A4D664_9INFA,medium,Virus,OrganismalFitness
A4GRB6_PSEAI_Chen_2020,0.317,0.492,0.657,0.664,0.623,0.641,0.344,0.529,0.695,0.67,0.68,0.647,0.668,0.431,0.528,0.655,0.738,0.712,0.627,0.567,0.409,0.533,0.564,0.624,0.526,0.622,0.639,0.638,0.705,0.671,0.742,0.673,0.242,0.423,0.552,0.629,0.557,0.588,0.652,0.653,0.66,0.679,0.481,0.071,0.671,0.601,0.664,0.713,0.629,0.422,0.576,0.679,5004,A4GRB6_PSEAI,high,Prokaryote,OrganismalFitness
AACC1_PSEAI_Dandage_2018,0.282,0.474,0.331,0.414,0.487,0.491,0.196,0.191,0.496,0.484,0.413,0.483,0.489,0.196,0.248,0.256,0.49,0.511,0.518,0.391,0.206,0.232,0.276,0.306,0.273,0.428,0.407,0.413,0.438,0.465,0.507,0.455,0.021,0.259,0.246,0.417,0.427,0.418,0.466,0.471,0.466,0.495,0.216,0.17,0.354,0.243,0.257,0.374,0.357,0.183,0.26,0.424,1801,AACC1_PSEAI,high,Prokaryote,OrganismalFitness
ADRB2_HUMAN_Jones_2020,0.331,0.423,0.506,0.514,0.497,0.517,0.463,0.5,0.435,0.5,0.534,0.526,0.539,0.408,0.444,0.474,0.493,0.505,0.515,0.521,0.509,0.524,0.517,0.493,0.524,0.531,0.538,0.533,0.502,0.545,0.5,0.414,0.298,0.528,0.53,0.506,0.528,0.541,0.533,0.533,0.538,0.537,0.471,0.181,0.528,0.51,0.419,0.477,0.451,0.223,0.528,0.54,7800,ADRB2_HUMAN,medium,Human,Other
AMIE_PSEAE_Wrenbeck_2017,0.246,0.443,0.496,0.506,0.477,0.464,0.093,0.436,0.592,0.569,0.57,0.613,0.662,0.326,0.408,0.428,0.557,0.674,0.613,0.506,0.555,0.525,0.532,0.542,0.566,0.561,0.534,0.559,0.508,0.558,0.583,0.528,0.265,0.601,0.47,0.405,0.585,0.479,0.438,0.58,0.506,0.481,0.356,0.096,0.483,0.412,0.368,0.469,0.407,0.213,0.57,0.584,6227,AMIE_PSEAE,high,Prokaryote,Activity
LGK_LIPST_Klesmith_2015,0.28,0.426,0.485,0.494,0.481,0.498,0.104,0.465,0.579,0.56,0.444,0.537,0.564,0.179,0.327,0.382,0.515,0.58,0.578,0.499,0.276,0.396,0.462,0.495,0.365,0.492,0.525,0.479,0.552,0.542,0.537,0.46,0.139,0.307,0.398,0.555,0.37,0.404,0.527,0.482,0.495,0.54,0.176,0.051,0.483,0.367,0.398,0.507,0.492,0.145,0.443,0.531,7890,LGK_LIPST,medium,Eukaryote,OrganismalFitness
BLAT_ECOLX_Deng_2012,0.322,0.504,0.508,0.521,0.507,0.508,0.075,0.312,0.523,0.521,0.517,0.501,0.518,0.243,0.354,0.461,0.528,0.461,0.352,0.455,0.375,0.378,0.4,0.383,0.391,0.445,0.453,0.406,0.343,0.464,0.519,0.487,0.107,0.392,0.402,0.373,0.457,0.471,0.473,0.513,0.526,0.522,0.33,0.011,0.48,0.406,0.423,0.496,0.46,0.252,0.431,0.466,4996,BLAT_ECOLX,high,Prokaryote,OrganismalFitness
BLAT_ECOLX_Firnberg_2014,0.471,0.708,0.732,0.747,0.709,0.729,0.134,0.459,0.702,0.704,0.703,0.665,0.707,0.411,0.555,0.658,0.737,0.573,0.424,0.662,0.566,0.563,0.537,0.531,0.595,0.646,0.654,0.577,0.452,0.683,0.758,0.752,0.186,0.551,0.529,0.48,0.646,0.638,0.637,0.731,0.734,0.736,0.54,0.046,0.7,0.595,0.616,0.703,0.696,0.321,0.611,0.664,4783,BLAT_ECOLX,high,Prokaryote,OrganismalFitness
BLAT_ECOLX_Jacquier_2013,0.456,0.689,0.698,0.72,0.703,0.723,0.113,0.441,0.666,0.666,0.668,0.656,0.684,0.362,0.52,0.626,0.704,0.588,0.503,0.635,0.564,0.537,0.542,0.528,0.573,0.632,0.625,0.578,0.462,0.567,0.719,0.691,0.143,0.54,0.549,0.508,0.628,0.642,0.647,0.716,0.728,0.734,0.482,0.04,0.663,0.562,0.527,0.64,0.603,0.29,0.607,0.651,989,BLAT_ECOLX,high,Prokaryote,OrganismalFitness
BLAT_ECOLX_Stiffler_2015,0.466,0.707,0.732,0.743,0.711,0.727,0.115,0.459,0.688,0.691,0.698,0.668,0.707,0.399,0.557,0.661,0.731,0.589,0.43,0.655,0.568,0.57,0.528,0.525,0.597,0.651,0.661,0.577,0.46,0.679,0.767,0.761,0.158,0.558,0.522,0.475,0.645,0.63,0.629,0.73,0.731,0.733,0.532,0.03,0.703,0.598,0.604,0.693,0.682,0.324,0.607,0.666,4996,BLAT_ECOLX,high,Prokaryote,OrganismalFitness
BRCA1_HUMAN_Findlay_2018,0.501,0.385,0.441,0.432,0.424,0.466,0.125,0.189,0.472,0.501,0.494,0.404,0.447,0.134,0.392,0.455,0.515,0.497,0.394,0.296,0.145,0.379,0.405,0.361,0.305,0.473,0.457,0.442,0.423,0.438,0.539,0.482,0.22,0.151,0.179,0.409,0.456,0.456,0.514,0.475,0.476,0.533,0.229,0.132,0.534,0.457,0.44,0.469,0.116,0.12,0.417,0.471,1837,BRCA1_HUMAN,low,Human,OrganismalFitness
C6KNH7_9INFA_Lee_2018,0.393,0.371,0.351,0.357,0.433,0.436,-0.025,0.451,0.4,0.403,0.06,0.428,0.492,-0.014,-0.022,-0.007,0.483,0.405,0.426,0.343,0.396,0.363,0.378,0.349,0.254,0.454,0.428,0.465,0.37,0.475,0.457,0.36,0.11,0.354,0.374,0.392,0.412,0.419,0.433,0.439,0.441,0.452,-0.024,-0.033,0.294,-0.002,0.513,0.539,0.544,0.227,0.391,0.473,10754,C6KNH7_9INFA,medium,Virus,OrganismalFitness
CALM1_HUMAN_Weile_2017,0.175,0.233,0.238,0.233,0.238,0.236,0.174,0.187,0.237,0.251,0.25,0.235,0.264,0.161,0.199,0.195,0.212,0.218,0.225,0.229,0.173,0.227,0.242,0.254,0.232,0.276,0.279,0.3,0.313,0.239,0.21,0.146,0.087,0.216,0.253,0.291,0.218,0.242,0.266,0.238,0.244,0.246,0.213,0.156,0.268,0.251,0.106,0.143,0.164,0.088,0.233,0.301,1813,CALM1_HUMAN,high,Human,OrganismalFitness
CAPSD_AAV2S_Sinai_2021,0.407,0.345,0.317,0.372,0.346,0.33,0.374,0.424,0.35,0.368,0.183,0.196,0.199,0.254,0.286,0.203,0.277,0.183,0.124,0.258,0.191,0.25,0.269,0.279,0.203,0.198,0.266,0.204,0.399,0.445,0.183,0.177,0.132,0.202,0.262,0.492,0.38,0.386,0.473,0.338,0.343,0.426,0.092,0.16,0.26,0.112,0.402,0.393,0.347,0.319,0.278,0.261,42328,CAPSD_AAV2S,low,Virus,OrganismalFitness
CCDB_ECOLI_Adkar_2012,0.357,0.486,0.52,0.547,0.528,0.531,-0.031,0.185,0.367,0.439,0.424,0.351,0.432,-0.006,-0.018,0.406,0.466,0.463,0.264,0.457,0.027,-0.015,-0.115,0.142,-0.139,0.053,-0.029,0.034,0.425,0.453,0.554,0.555,0.124,0.006,0.056,0.31,0.442,0.426,0.458,0.507,0.494,0.522,0.018,-0.05,0.444,0.02,0.285,0.426,0.343,0.242,0.036,0.081,1176,CCDB_ECOLI,high,Prokaryote,Activity
CCDB_ECOLI_Tripathi_2016,0.434,0.506,0.524,0.541,0.517,0.528,-0.008,0.294,0.445,0.483,0.49,0.435,0.483,-0.007,-0.001,0.462,0.511,0.522,0.362,0.518,0.034,0.014,-0.074,0.171,-0.107,0.094,-0.029,0.074,0.476,0.505,0.542,0.51,0.112,0.009,0.129,0.424,0.48,0.48,0.532,0.518,0.517,0.548,0.005,-0.055,0.495,0.017,0.317,0.433,0.335,0.23,0.055,0.133,1663,CCDB_ECOLI,high,Prokaryote,OrganismalFitness
CP2C9_HUMAN_Amorosi_2021_abundance,0.505,0.572,0.594,0.611,0.596,0.61,0.529,0.555,0.577,0.59,0.513,0.588,0.621,0.531,0.605,0.625,0.635,0.626,0.591,0.611,0.553,0.548,0.587,0.558,0.571,0.585,0.59,0.572,0.572,0.605,0.573,0.511,0.208,0.581,0.563,0.569,0.618,0.618,0.624,0.634,0.63,0.632,0.579,0.116,0.534,0.607,0.555,0.538,0.607,0.218,0.604,0.61,6370,CP2C9_HUMAN,high,Human,OrganismalFitness
CP2C9_HUMAN_Amorosi_2021_activity,0.526,0.59,0.626,0.645,0.616,0.635,0.583,0.615,0.583,0.598,0.519,0.642,0.666,0.57,0.655,0.679,0.679,0.678,0.62,0.652,0.587,0.592,0.619,0.573,0.618,0.587,0.593,0.592,0.582,0.637,0.603,0.544,0.225,0.638,0.605,0.572,0.666,0.658,0.638,0.668,0.659,0.65,0.638,0.094,0.557,0.666,0.603,0.577,0.656,0.263,0.639,0.627,6142,CP2C9_HUMAN,high,Human,OrganismalFitness
DLG4_HUMAN_Faure_2021,0.679,0.584,0.607,0.577,0.609,0.616,0.723,0.629,0.602,0.614,0.52,0.55,0.608,0.743,0.764,0.728,0.584,0.487,0.443,0.65,0.574,0.583,0.569,0.538,0.605,0.607,0.564,0.562,0.495,0.614,0.634,0.621,0.511,0.576,0.638,0.58,0.653,0.7,0.667,0.643,0.661,0.636,0.581,0.233,0.372,0.528,0.637,0.453,0.672,0.315,0.581,0.594,6976,DLG4_HUMAN,low,Human,OrganismalFitness
DLG4_RAT_McLaughlin_2012,0.486,0.442,0.487,0.491,0.526,0.539,0.49,0.437,0.488,0.496,0.469,0.557,0.588,0.411,0.543,0.581,0.543,0.478,0.471,0.444,0.378,0.389,0.373,0.371,0.407,0.42,0.407,0.367,0.395,0.49,0.556,0.537,0.246,0.367,0.392,0.307,0.47,0.478,0.443,0.538,0.544,0.54,0.527,0.076,0.443,0.5,0.439,0.308,0.459,0.135,0.4,0.425,1576,DLG4_RAT,low,Eukaryote,Binding
DYR_ECOLI_Thompson_2019,0.384,0.484,0.469,0.472,0.476,0.474,-0.018,0.321,0.487,0.49,0.469,0.416,0.436,0.055,0.349,0.455,0.48,0.506,0.512,0.485,0.199,0.36,0.266,0.31,0.342,0.436,0.476,0.441,0.418,0.451,0.451,0.408,0.1,0.355,0.348,0.347,0.407,0.415,0.423,0.459,0.476,0.481,0.318,-0.019,0.442,0.39,0.248,0.403,0.321,0.111,0.316,0.462,2363,DYR_ECOLI,medium,Prokaryote,OrganismalFitness
ENV_HV1B9_DuenasDecamp_2016,0.369,0.397,0.238,0.367,0.388,0.377,0.056,0.353,0.38,0.375,0.359,0.415,0.389,0.11,0.055,0.035,0.012,0.048,0.095,0.388,0.38,0.358,0.408,0.419,0.263,0.394,0.401,0.391,0.374,0.389,0.355,0.322,0.253,0.368,0.373,0.404,0.392,0.396,0.407,0.39,0.392,0.392,0.343,-0.04,0.334,0.395,0.355,0.325,0.364,0.231,0.4,0.375,375,ENV_HV1B9,medium,Virus,OrganismalFitness
ENV_HV1BR_Haddox_2016,0.338,0.303,0.322,0.323,0.339,0.345,-0.001,0.322,0.343,0.345,0.298,0.32,0.336,-0.009,-0.006,0.004,0.046,0.069,0.16,0.337,0.35,0.358,0.371,0.364,0.345,0.358,0.358,0.354,0.362,0.35,0.325,0.29,0.189,0.344,0.36,0.358,0.359,0.366,0.362,0.367,0.369,0.365,0.233,-0.013,0.321,0.293,0.212,0.245,0.119,0.072,0.374,0.378,12863,ENV_HV1BR,medium,Virus,OrganismalFitness
ESTA_BACSU_Nutschel_2020,0.258,0.399,0.389,0.415,0.387,0.387,0.187,0.315,0.435,0.431,0.336,0.305,0.335,0.169,0.27,0.267,0.3,0.281,0.323,0.32,0.121,0.196,0.268,0.286,0.27,0.254,0.311,0.272,0.379,0.379,0.434,0.406,0.075,0.184,0.272,0.261,0.31,0.329,0.326,0.403,0.407,0.397,0.193,0.121,0.289,0.262,0.557,0.489,0.545,0.368,0.261,0.328,2172,ESTA_BACSU,high,Prokaryote,Stability
F7YBW8_MESOW_Aakre_2015,0.06,0.395,0.395,0.44,0.428,0.43,0.016,0.32,0.375,0.413,0.437,0.382,0.393,-0.091,-0.001,0.049,0.383,0.366,0.434,0.391,-0.075,-0.122,-0.104,-0.005,0.098,0.125,-0.021,0.298,0.403,0.375,0.461,0.441,0.037,-0.036,-0.124,0.433,0.062,0.011,0.425,0.38,0.367,0.444,-0.064,-0.081,0.199,-0.048,-0.008,0.246,0.069,0.035,-0.081,0.22,9192,F7YBW8_MESOW,high,Prokaryote,OrganismalFitness
GAL4_YEAST_Kitzman_2015,0.237,0.403,0.507,0.567,0.486,0.532,0.337,-0.004,0.602,0.58,0.623,0.458,0.462,0.34,0.392,0.528,0.668,0.67,0.655,0.507,0.319,0.355,0.383,0.372,0.364,0.424,0.493,0.451,0.579,0.628,0.651,0.563,0.303,0.279,0.331,0.325,0.56,0.555,0.557,0.508,0.509,0.503,0.395,0.301,0.604,0.446,0.287,0.568,0.308,0.114,0.37,0.504,1195,GAL4_YEAST,medium,Eukaryote,OrganismalFitness
GCN4_YEAST_Staller_2018,0.253,0.25,0.245,0.248,0.242,0.241,0.182,0.221,0.249,0.25,0.238,0.272,0.284,0.318,0.278,0.266,0.281,0.261,0.248,0.186,0.175,0.189,0.168,0.167,0.158,0.118,0.081,0.134,0.164,0.225,0.255,0.247,0.025,0.175,0.169,0.265,0.258,0.257,0.278,0.258,0.257,0.274,0.107,0.192,0.157,0.126,0.145,0.183,0.201,0.167,0.179,0.144,2638,GCN4_YEAST,low,Eukaryote,Binding
GFP_AEQVI_Sarkisyan_2016,0.649,0.644,0.672,0.673,0.679,0.679,0.049,0.635,0.648,0.657,0.524,0.098,0.103,0.078,0.131,0.103,0.108,0.149,0.29,0.598,0.078,0.105,0.181,0.098,0.046,0.188,0.298,0.642,0.647,0.678,0.607,0.615,0.074,0.066,0.182,0.629,0.649,0.651,0.672,0.683,0.685,0.706,0.024,-0.014,0.041,0.036,0.512,0.508,0.713,0.602,0.123,0.446,51714,GFP_AEQVI,low,Eukaryote,Activity
GRB2_HUMAN_Faure_2021,0.405,0.521,0.507,0.538,0.54,0.546,0.486,0.45,0.471,0.486,0.533,0.455,0.515,0.526,0.598,0.626,0.647,0.535,0.579,0.534,0.544,0.516,0.514,0.453,0.532,0.509,0.446,0.524,0.448,0.504,0.428,0.422,0.464,0.536,0.506,0.404,0.517,0.506,0.436,0.562,0.561,0.532,0.584,0.323,0.53,0.572,0.672,0.527,0.69,0.516,0.525,0.515,63366,GRB2_HUMAN,medium,Human,OrganismalFitness
HIS7_YEAST_Pokusaeva_2019,0.472,0.542,0.558,0.557,0.533,0.531,0.146,0.273,0.508,0.506,0.472,0.411,0.477,0.057,0.113,0.44,0.411,0.475,0.48,0.454,0.325,0.402,0.433,0.478,0.404,0.485,0.464,0.516,0.539,0.524,0.4,0.374,0.143,0.397,0.453,0.585,0.488,0.496,0.616,0.573,0.548,0.582,0.14,0.04,0.299,0.02,0.378,0.424,0.529,0.392,0.443,0.518,496137,HIS7_YEAST,medium,Eukaryote,OrganismalFitness
HSP82_YEAST_Flynn_2019,0.349,0.367,0.398,0.409,0.401,0.401,0.159,0.347,0.427,0.423,0.367,0.392,0.417,0.018,0.094,0.174,0.283,0.359,0.37,0.391,0.384,0.397,0.389,0.407,0.398,0.419,0.423,0.397,0.434,0.425,0.454,0.441,0.194,0.38,0.394,0.392,0.403,0.415,0.411,0.418,0.427,0.424,0.133,-0.065,0.371,0.313,0.188,0.308,0.11,0.062,0.414,0.437,13294,HSP82_YEAST,medium,Eukaryote,OrganismalFitness
HSP82_YEAST_Mishra_2016,0.487,0.461,0.541,0.553,0.543,0.543,0.385,0.399,0.472,0.48,0.491,0.547,0.556,0.178,0.291,0.372,0.461,0.473,0.429,0.485,0.501,0.504,0.494,0.528,0.532,0.51,0.54,0.479,0.515,0.557,0.558,0.55,0.338,0.496,0.51,0.505,0.525,0.534,0.528,0.552,0.558,0.552,0.495,-0.104,0.485,0.533,0.105,0.352,0.096,0.04,0.529,0.536,4323,HSP82_YEAST,medium,Eukaryote,OrganismalFitness
I6TAH8_I68A0_Doud_2015,0.347,0.317,0.268,0.264,0.364,0.361,-0.005,0.297,0.303,0.324,0.013,0.018,0.014,0.018,0.025,0.01,0.02,0.013,0.094,0.212,0.308,0.328,0.374,0.377,0.004,0.011,0.097,0.002,0.302,0.368,0.25,0.253,0.171,0.304,0.332,0.337,0.329,0.354,0.348,0.383,0.399,0.401,0.007,0.02,0.016,0.019,0.209,0.209,0.231,0.1,0.365,0.127,9462,I6TAH8_I68A0,medium,Virus,Other
IF1_ECOLI_Kelsic_2016,0.328,0.499,0.541,0.539,0.527,0.537,0.177,0.387,0.234,0.255,0.534,0.54,0.565,0.193,0.477,0.55,0.599,0.556,0.515,0.49,0.361,0.438,0.366,0.411,0.451,0.458,0.482,0.443,0.459,0.401,0.52,0.463,0.238,0.458,0.477,0.527,0.463,0.47,0.495,0.529,0.532,0.539,0.371,0.15,0.562,0.516,0.321,0.518,0.475,0.244,0.412,0.484,1367,IF1_ECOLI,high,Prokaryote,OrganismalFitness
KCNH2_HUMAN_Kozek_2020,0.449,0.421,0.298,0.292,0.211,0.21,0.454,0.151,0.356,0.33,0.307,0.216,0.234,0.253,0.197,0.229,0.28,0.258,0.248,0.382,0.468,0.513,0.495,0.463,0.502,0.491,0.455,0.477,0.481,0.46,0.433,0.318,0.344,0.471,0.525,0.511,0.499,0.554,0.538,0.472,0.517,0.509,0.394,0.223,0.193,0.291,0.219,-0.079,-0.202,0.086,0.503,0.5,200,KCNH2_HUMAN,medium,Human,Activity
KKA2_KLEPN_Melnikov_2014,0.25,0.53,0.437,0.622,0.599,0.603,0.199,0.423,0.569,0.594,0.566,0.597,0.621,0.212,0.261,0.487,0.601,0.645,0.662,0.498,0.285,0.42,0.518,0.54,0.353,0.578,0.577,0.568,0.638,0.627,0.637,0.586,0.148,0.243,0.485,0.586,0.445,0.524,0.588,0.586,0.609,0.63,0.253,0.076,0.559,0.386,0.456,0.582,0.551,0.267,0.503,0.607,4960,KKA2_KLEPN,high,Prokaryote,OrganismalFitness
MK01_HUMAN_Brenan_2016,0.176,0.198,0.237,0.241,0.223,0.227,0.209,0.163,0.144,0.139,0.033,0.167,0.182,0.17,0.199,0.195,0.178,0.189,0.141,0.184,0.209,0.117,0.069,0.016,0.183,0.089,0.057,0.076,-0.067,0.218,0.176,0.222,0.106,0.169,0.058,0.004,0.193,0.119,0.093,0.227,0.205,0.202,0.196,0.125,0.135,0.184,0.059,-0.0,0.133,0.006,0.11,0.077,6809,MK01_HUMAN,medium,Human,OrganismalFitness
MSH2_HUMAN_Jia_2020,0.352,0.399,0.367,0.376,0.383,0.39,0.204,0.339,0.39,0.395,0.349,0.38,0.4,0.213,0.349,0.397,0.339,0.296,0.204,0.364,0.296,0.31,0.264,0.257,0.326,0.317,0.32,0.326,0.301,0.394,0.351,0.324,0.208,0.277,0.351,0.281,0.35,0.388,0.346,0.387,0.405,0.383,0.284,0.103,0.4,0.355,0.293,0.363,0.062,0.099,0.313,0.343,16749,MSH2_HUMAN,medium,Human,OrganismalFitness
MTH3_HAEAE_RockahShmuel_2015,0.371,0.612,0.709,0.718,0.696,0.704,0.314,0.644,0.671,0.68,0.581,0.692,0.708,0.19,0.352,0.405,0.527,0.608,0.644,0.658,0.311,0.454,0.6,0.662,0.488,0.663,0.711,0.684,0.727,0.679,0.697,0.652,0.291,0.353,0.495,0.665,0.422,0.496,0.638,0.657,0.679,0.714,0.324,-0.031,0.477,0.341,0.449,0.574,0.583,0.225,0.593,0.707,1777,MTH3_HAEAE,medium,Prokaryote,OrganismalFitness
NCAP_I34A1_Doud_2015,0.364,0.328,0.334,0.333,0.363,0.364,0.002,0.335,0.338,0.358,0.015,0.019,0.02,0.023,0.026,0.02,0.028,0.031,0.107,0.269,0.352,0.382,0.408,0.413,0.018,0.042,0.108,0.03,0.352,0.377,0.27,0.279,0.126,0.356,0.373,0.415,0.39,0.402,0.424,0.425,0.426,0.441,0.019,0.015,0.027,0.025,0.259,0.27,0.278,0.123,0.409,0.176,9462,NCAP_I34A1,medium,Virus,Other
NRAM_I33A0_Jiang_2016,0.569,0.565,0.501,0.49,0.584,0.584,0.035,0.39,0.519,0.628,-0.076,0.162,0.448,-0.075,-0.098,0.005,0.161,0.541,0.575,0.343,0.583,0.633,0.584,0.571,0.047,0.53,0.627,0.462,0.654,0.635,0.404,0.441,-0.169,0.512,0.532,0.551,0.592,0.615,0.621,0.628,0.638,0.632,-0.105,-0.127,-0.111,-0.111,0.422,0.414,0.448,,0.621,0.477,298,NRAM_I33A0,low,Virus,Other
NUD15_HUMAN_Suiter_2020,0.271,0.453,0.564,0.596,0.591,0.594,-0.005,0.389,0.643,0.671,0.603,0.6,0.645,0.299,0.419,0.46,0.526,0.583,0.599,0.501,0.301,0.454,0.546,0.518,0.412,0.579,0.577,0.549,0.542,0.587,0.623,0.553,0.147,0.36,0.423,0.575,0.433,0.456,0.604,0.587,0.586,0.635,0.386,0.015,0.603,0.429,0.483,0.581,0.534,0.317,0.545,0.604,2844,NUD15_HUMAN,high,Human,Other
P53_HUMAN_Giacomelli_2018_Null_Etoposide,0.415,0.424,0.329,0.344,0.432,0.427,-0.088,0.319,0.307,0.309,0.467,0.457,0.509,-0.154,-0.146,0.314,0.432,0.469,0.497,0.116,0.312,0.438,0.453,0.409,0.39,0.472,0.484,0.493,0.368,0.423,0.465,0.41,0.208,0.258,0.449,0.355,0.403,0.462,0.4,0.427,0.469,0.413,-0.151,-0.155,0.475,-0.051,0.389,0.471,0.414,0.186,0.447,0.502,7467,P53_HUMAN,low,Human,OrganismalFitness
P53_HUMAN_Giacomelli_2018_Null_Nutlin,0.35,0.395,0.294,0.304,0.383,0.38,-0.087,0.269,0.304,0.308,0.482,0.447,0.498,-0.158,-0.145,0.29,0.404,0.431,0.459,0.126,0.294,0.447,0.463,0.43,0.375,0.487,0.5,0.523,0.329,0.42,0.45,0.375,0.213,0.239,0.453,0.36,0.354,0.431,0.379,0.372,0.43,0.383,-0.144,-0.153,0.471,-0.063,0.403,0.48,0.426,0.188,0.457,0.489,7467,P53_HUMAN,low,Human,OrganismalFitness
P53_HUMAN_Giacomelli_2018_WT_Nutlin,0.445,0.462,0.342,0.366,0.479,0.481,-0.143,0.3,0.299,0.293,0.551,0.496,0.554,-0.194,-0.174,0.362,0.4,0.446,0.467,0.028,0.41,0.563,0.521,0.48,0.482,0.535,0.55,0.616,0.285,0.507,0.493,0.449,0.225,0.326,0.612,0.408,0.448,0.568,0.433,0.475,0.567,0.438,-0.185,-0.202,0.544,-0.08,0.452,0.553,0.461,0.223,0.535,0.532,7467,P53_HUMAN,low,Human,OrganismalFitness
P53_HUMAN_Kotler_2018,0.629,0.588,0.496,0.556,0.555,0.576,0.109,0.498,0.582,0.579,0.6,0.538,0.622,0.095,0.108,0.628,0.678,0.698,0.702,0.432,0.429,0.461,0.478,0.463,0.47,0.48,0.465,0.47,0.493,0.593,0.631,0.585,0.039,0.398,0.468,0.42,0.611,0.584,0.564,0.604,0.588,0.581,0.09,0.04,0.638,0.221,0.467,0.583,0.479,0.252,0.518,0.518,1048,P53_HUMAN,low,Human,OrganismalFitness
P84126_THETH_Chan_2017,0.508,0.58,0.603,0.617,0.564,0.578,0.364,0.526,0.637,0.636,0.569,0.552,0.588,0.319,0.551,0.559,0.605,0.596,0.571,0.618,0.419,0.507,0.478,0.558,0.521,0.584,0.589,0.571,0.653,0.522,0.553,0.469,0.359,0.474,0.499,0.536,0.515,0.526,0.547,0.56,0.568,0.581,0.465,0.032,0.543,0.51,0.337,0.452,0.512,0.125,0.507,0.614,1519,P84126_THETH,medium,Prokaryote,OrganismalFitness
PA_I34A1_Wu_2015,0.518,0.519,0.499,0.508,0.539,0.543,0.041,0.358,0.383,0.304,0.037,0.054,0.101,0.024,0.029,0.025,0.038,0.041,0.356,0.325,0.456,0.493,0.533,0.538,0.219,0.408,0.444,0.429,0.438,0.584,0.384,0.374,0.107,0.436,0.475,0.541,0.546,0.561,0.572,0.588,0.592,0.584,0.028,0.019,0.031,0.02,0.244,0.232,0.172,0.095,0.528,0.451,1820,PA_I34A1,medium,Virus,OrganismalFitness
PABP_YEAST_Melamed_2013,0.663,0.617,0.541,0.55,0.654,0.648,0.474,0.569,0.662,0.655,0.688,0.662,0.678,0.476,0.566,0.648,0.716,0.684,0.695,0.541,0.638,0.665,0.666,0.692,0.638,0.698,0.7,0.676,0.666,0.674,0.703,0.635,0.261,0.638,0.648,0.64,0.689,0.692,0.688,0.683,0.687,0.684,0.605,-0.027,0.67,0.654,0.361,0.612,0.514,0.197,0.688,0.704,37708,PABP_YEAST,medium,Eukaryote,OrganismalFitness
POLG_CXB3N_Mattenberger_2021,0.423,0.39,0.377,0.411,0.46,0.473,-0.036,0.336,0.486,0.5,0.292,-0.059,0.042,-0.079,-0.056,0.177,0.395,0.404,0.426,0.356,0.339,0.39,0.381,0.377,0.138,0.388,0.383,0.369,0.393,0.495,0.386,0.319,0.007,0.049,0.274,0.355,0.342,0.385,0.413,0.387,0.43,0.458,-0.065,-0.066,0.342,-0.054,0.193,0.339,0.113,0.046,0.395,0.392,15711,POLG_CXB3N,medium,Virus,OrganismalFitness
POLG_HCVJF_Qi_2014,0.605,0.547,0.41,0.413,0.605,0.614,-0.039,0.196,0.608,0.591,0.178,0.637,0.635,0.101,0.128,0.114,0.116,0.09,0.078,0.26,0.4,0.443,0.452,0.492,0.422,0.475,0.32,0.41,0.517,0.63,0.587,0.485,0.182,0.474,0.505,0.522,0.515,0.547,0.578,0.48,0.528,0.56,0.114,0.053,0.506,0.109,0.109,0.506,0.643,0.35,0.487,0.476,1630,POLG_HCVJF,medium,Virus,OrganismalFitness
PTEN_HUMAN_Matreyek_2021,0.372,0.393,0.368,0.39,0.397,0.408,0.153,0.358,0.427,0.432,0.449,0.409,0.454,0.165,0.274,0.462,0.465,0.265,0.29,0.477,0.191,0.46,0.408,0.391,0.27,0.338,0.323,0.377,0.294,0.479,0.39,0.388,0.127,0.275,0.427,0.343,0.383,0.457,0.412,0.419,0.463,0.447,0.242,0.027,0.442,0.347,0.482,0.473,0.482,0.229,0.463,0.374,5083,PTEN_HUMAN,medium,Human,Other
PTEN_HUMAN_Mighell_2018,0.48,0.504,0.511,0.516,0.536,0.54,0.177,0.347,0.483,0.457,0.475,0.469,0.499,0.206,0.407,0.546,0.519,0.308,0.291,0.514,0.335,0.413,0.328,0.279,0.41,0.291,0.278,0.317,0.228,0.525,0.485,0.475,0.058,0.374,0.404,0.299,0.499,0.474,0.418,0.532,0.527,0.531,0.371,-0.009,0.51,0.484,0.421,0.416,0.48,0.202,0.394,0.335,7260,PTEN_HUMAN,medium,Human,Activity
Q2N0S5_9HIV1_Haddox_2018,0.493,0.379,0.352,0.393,0.495,0.502,0.003,0.437,0.504,0.514,0.47,0.509,0.537,-0.005,-0.003,-0.002,0.044,0.093,0.168,0.403,0.518,0.403,0.39,0.337,0.517,0.401,0.394,0.436,0.354,0.507,0.478,0.483,0.291,0.494,0.419,0.406,0.52,0.502,0.501,0.526,0.515,0.513,0.413,-0.016,0.502,0.456,0.396,0.463,0.263,0.145,0.444,0.459,12729,Q2N0S5_9HIV1,medium,Virus,OrganismalFitness
Q59976_STRSQ_Romero_2015,0.475,0.593,0.634,0.643,0.654,0.662,0.363,0.535,0.685,0.655,0.588,0.519,0.543,0.144,0.448,0.516,0.572,0.56,0.57,0.649,0.598,0.651,0.652,0.663,0.622,0.662,0.677,0.673,0.68,0.684,0.633,0.575,0.304,0.606,0.652,0.634,0.616,0.653,0.657,0.666,0.672,0.675,0.49,0.008,0.587,0.524,0.408,0.533,0.533,0.155,0.671,0.691,2999,Q59976_STRSQ,medium,Prokaryote,Activity
R1AB_SARS2_Flynn_2022,0.577,0.561,0.212,0.227,0.6,0.605,-0.049,0.292,-0.037,-0.037,0.103,-0.03,-0.04,-0.009,-0.026,0.079,0.105,0.498,0.577,0.266,0.214,0.259,0.274,0.289,0.242,0.236,0.203,0.21,0.224,0.558,0.507,0.408,-0.056,0.157,0.22,0.216,0.35,0.399,0.401,0.546,0.567,0.565,-0.031,-0.051,0.073,-0.038,0.453,0.415,0.496,0.232,0.272,0.241,5725,R1AB_SARS2,medium,Virus,OrganismalFitness
RASH_HUMAN_Bandaru_2017,0.447,0.436,0.444,0.476,0.466,0.48,0.313,0.353,0.408,0.413,0.318,0.36,0.405,0.457,0.514,0.487,0.498,0.44,0.313,0.514,0.437,0.414,0.42,0.396,0.433,0.403,0.401,0.374,0.305,0.434,0.338,0.319,0.18,0.399,0.439,0.377,0.454,0.478,0.45,0.472,0.485,0.487,0.478,0.326,0.322,0.453,0.386,0.252,0.458,0.255,0.432,0.412,3134,RASH_HUMAN,high,Human,Activity
REV_HV1H2_Fernandes_2016,0.206,0.159,0.221,0.227,0.216,0.216,0.038,0.316,0.246,0.251,0.128,0.245,0.267,0.046,0.046,0.173,0.24,0.281,0.274,0.17,0.216,0.259,0.238,0.24,0.29,0.294,0.16,0.253,0.255,0.282,0.35,0.353,0.06,0.231,0.273,0.24,0.245,0.269,0.236,0.246,0.261,0.235,0.053,0.06,0.208,0.071,0.258,0.234,0.304,0.224,0.252,0.305,2147,REV_HV1H2,medium,Virus,OrganismalFitness
RL40A_YEAST_Mavor_2016,0.283,0.37,0.372,0.417,0.38,0.399,0.122,0.372,0.376,0.389,0.192,0.285,0.315,0.104,0.397,0.482,0.518,0.446,0.527,0.43,0.382,0.512,0.48,0.422,0.493,0.433,0.433,0.43,0.4,0.319,0.406,0.408,0.044,0.387,0.451,0.368,0.407,0.456,0.398,0.439,0.469,0.411,0.286,0.071,0.282,0.294,0.068,0.091,0.177,-0.026,0.479,0.47,1253,RL40A_YEAST,medium,Eukaryote,OrganismalFitness
RL40A_YEAST_Roscoe_2013,0.313,0.402,0.418,0.47,0.43,0.454,0.086,0.367,0.443,0.416,0.218,0.307,0.367,0.122,0.423,0.534,0.599,0.479,0.556,0.488,0.424,0.553,0.549,0.467,0.537,0.49,0.503,0.487,0.46,0.391,0.523,0.538,0.139,0.437,0.522,0.427,0.459,0.526,0.449,0.494,0.533,0.467,0.357,0.076,0.317,0.319,0.106,0.116,0.253,0.026,0.532,0.531,1195,RL40A_YEAST,medium,Eukaryote,OrganismalFitness
RL40A_YEAST_Roscoe_2014,0.371,0.285,0.351,0.387,0.331,0.368,0.161,0.381,0.37,0.377,0.163,0.24,0.267,0.227,0.521,0.529,0.53,0.427,0.438,0.394,0.37,0.466,0.433,0.405,0.439,0.38,0.373,0.336,0.325,0.359,0.35,0.361,0.236,0.39,0.431,0.351,0.425,0.455,0.408,0.42,0.428,0.383,0.292,0.154,0.268,0.295,0.317,0.247,0.38,0.207,0.444,0.4,1380,RL40A_YEAST,medium,Eukaryote,Activity
SC6A4_HUMAN_Young_2021,0.387,0.456,0.423,0.433,0.504,0.522,0.352,0.507,0.552,0.568,0.545,0.531,0.542,0.159,0.327,0.502,0.543,0.548,0.524,0.555,0.498,0.511,0.5,0.496,0.512,0.52,0.518,0.525,0.511,0.541,0.463,0.36,0.342,0.513,0.512,0.491,0.53,0.542,0.53,0.549,0.555,0.545,0.489,0.112,0.549,0.531,0.467,0.527,0.501,0.182,0.519,0.534,11576,SC6A4_HUMAN,medium,Human,Activity
SCN5A_HUMAN_Glazer_2019,0.13,0.131,0.162,0.162,0.153,0.158,0.13,-0.014,0.152,0.135,0.141,0.217,0.135,0.216,0.177,0.156,0.183,0.152,0.125,0.126,0.106,0.143,0.151,0.127,0.124,0.106,0.093,0.107,0.167,0.144,0.186,0.181,0.095,0.075,0.068,0.069,0.095,0.086,0.086,0.14,0.14,0.152,0.086,0.137,0.165,0.154,0.03,0.092,0.053,0.014,0.129,0.124,224,SCN5A_HUMAN,medium,Human,OrganismalFitness
SPG1_STRSG_Olson_2014,0.239,0.282,-0.004,0.006,0.247,0.272,-0.041,0.017,0.142,0.245,0.305,0.237,0.192,0.28,0.232,0.264,0.301,0.251,0.337,0.278,0.252,0.216,0.214,0.208,0.232,0.222,0.218,0.239,0.354,0.283,0.478,0.494,0.111,0.223,0.175,0.279,0.243,0.204,0.289,0.229,0.188,0.29,-0.092,-0.112,0.158,0.004,0.362,0.306,0.423,0.147,0.227,0.259,536962,SPG1_STRSG,low,Prokaryote,Binding
SPIKE_SARS2_Starr_2020_binding,0.158,0.205,0.062,0.151,0.249,0.252,-0.046,0.369,0.416,0.414,-0.002,-0.064,-0.039,-0.049,-0.036,-0.022,-0.018,-0.008,0.038,0.337,0.305,0.368,0.357,0.364,0.384,0.347,0.315,0.378,0.319,0.247,0.324,0.357,0.171,0.338,0.328,0.355,0.334,0.325,0.317,0.356,0.346,0.341,-0.036,-0.013,-0.022,-0.008,0.517,0.483,0.405,0.16,0.368,0.376,3802,SPIKE_SARS2,medium,Virus,Binding
SPIKE_SARS2_Starr_2020_expression,0.2,0.314,0.165,0.279,0.445,0.45,-0.016,0.352,0.527,0.557,0.05,-0.023,0.004,-0.026,0.001,0.01,0.012,0.018,0.072,0.355,0.317,0.382,0.374,0.387,0.379,0.367,0.322,0.397,0.328,0.359,0.313,0.346,0.178,0.344,0.346,0.383,0.361,0.361,0.367,0.451,0.455,0.475,0.005,0.022,0.024,0.041,0.561,0.533,0.465,0.187,0.386,0.387,3798,SPIKE_SARS2,medium,Virus,Binding
SRC_HUMAN_Ahler_2019,0.526,0.508,0.465,0.465,0.496,0.507,0.532,0.44,0.258,0.37,0.469,0.561,0.585,0.447,0.486,0.49,0.555,0.515,0.467,0.484,0.439,0.413,0.421,0.373,0.437,0.46,0.438,0.422,0.33,0.542,0.578,0.574,0.431,0.41,0.411,0.348,0.502,0.502,0.492,0.521,0.52,0.516,0.567,0.397,0.487,0.546,0.309,0.296,0.409,0.098,0.439,0.442,3372,SRC_HUMAN,medium,Human,OrganismalFitness
SUMO1_HUMAN_Weile_2017,0.369,0.373,0.419,0.438,0.48,0.478,0.13,0.425,0.462,0.494,0.433,0.467,0.51,0.25,0.496,0.533,0.509,0.38,0.34,0.517,0.217,0.414,0.443,0.43,0.468,0.386,0.46,0.431,0.333,0.438,0.46,0.445,0.212,0.245,0.473,0.329,0.405,0.511,0.41,0.452,0.522,0.463,0.49,0.086,0.395,0.527,0.497,0.428,0.509,0.412,0.432,0.453,1700,SUMO1_HUMAN,high,Human,OrganismalFitness
SYUA_HUMAN_Newberry_2020,0.103,0.111,0.119,0.132,0.131,0.139,0.131,0.212,0.1,0.152,0.234,0.242,0.233,0.105,0.142,0.15,0.137,0.206,0.205,0.22,0.138,0.203,0.155,0.141,0.086,0.151,0.167,0.105,0.136,0.227,0.205,0.189,0.005,0.137,0.197,0.181,0.124,0.176,0.159,0.134,0.166,0.156,0.115,0.068,0.16,0.155,-0.052,0.046,-0.06,-0.074,0.167,0.141,2497,SYUA_HUMAN,medium,Human,OrganismalFitness
TADBP_HUMAN_Bolognesi_2019,0.097,0.061,0.1,0.096,0.08,0.08,0.291,-0.018,0.058,0.041,0.013,0.051,0.048,0.121,0.047,0.021,-0.12,-0.028,0.053,-0.075,0.158,0.063,-0.011,-0.006,0.206,0.082,0.006,0.023,-0.014,0.036,0.088,0.112,-0.051,0.226,0.273,0.121,0.142,0.185,0.121,0.105,0.129,0.109,0.121,0.212,-0.002,0.078,0.271,0.033,0.223,0.059,0.038,0.047,1196,TADBP_HUMAN,low,Human,OrganismalFitness
TAT_HV1BR_Fernandes_2016,0.293,0.201,0.255,0.268,0.319,0.3,-0.09,0.397,0.303,0.328,0.185,0.343,0.342,-0.034,-0.008,-0.005,0.017,-0.057,0.044,0.203,0.379,0.364,0.396,0.398,0.394,0.269,0.136,0.246,0.223,0.368,0.405,0.387,0.283,0.385,0.211,0.203,0.379,0.263,0.237,0.366,0.295,0.268,0.005,-0.054,0.292,0.181,0.23,0.284,0.344,0.207,0.397,0.279,1577,TAT_HV1BR,high,Virus,OrganismalFitness
TPK1_HUMAN_Weile_2017,0.217,0.236,0.219,0.228,0.23,0.229,0.067,0.253,0.245,0.276,0.285,0.27,0.318,0.108,0.199,0.253,0.339,0.328,0.371,0.249,0.088,0.142,0.228,0.272,0.115,0.267,0.273,0.253,0.306,0.255,0.253,0.188,0.117,0.115,0.214,0.301,0.232,0.252,0.305,0.243,0.252,0.277,0.12,0.089,0.309,0.17,0.206,0.267,0.245,0.116,0.212,0.289,3181,TPK1_HUMAN,medium,Human,OrganismalFitness
TPMT_HUMAN_Matreyek_2018,0.372,0.456,0.489,0.509,0.499,0.513,0.241,0.445,0.471,0.476,0.546,0.517,0.547,0.308,0.433,0.531,0.539,0.476,0.448,0.511,0.333,0.42,0.481,0.496,0.447,0.506,0.481,0.466,0.424,0.547,0.542,0.489,0.334,0.33,0.471,0.411,0.478,0.513,0.478,0.517,0.537,0.515,0.371,0.204,0.539,0.495,0.476,0.534,0.54,0.238,0.478,0.508,3648,TPMT_HUMAN,medium,Human,Other
TPOR_HUMAN_Bridgford_2020,0.376,0.365,0.283,0.263,0.288,0.296,0.37,0.455,0.504,0.482,0.407,0.368,0.37,0.279,0.378,0.294,0.29,0.422,0.362,0.362,0.25,0.338,0.313,0.377,0.367,0.2,0.471,0.451,0.34,0.45,0.436,0.274,0.395,0.372,0.321,0.419,0.429,0.408,0.451,0.408,0.382,0.437,0.295,0.303,0.353,0.348,0.126,0.357,0.309,0.035,0.327,0.385,562,TPOR_HUMAN,low,Human,OrganismalFitness
TRPC_SACS2_Chan_2017,0.575,0.606,0.558,0.574,0.575,0.585,0.173,0.499,0.635,0.66,0.621,0.611,0.643,0.325,0.539,0.618,0.653,0.632,0.601,0.592,0.421,0.564,0.508,0.575,0.498,0.499,0.558,0.521,0.524,0.529,0.59,0.52,0.221,0.52,0.555,0.558,0.575,0.598,0.591,0.59,0.612,0.601,0.434,0.072,0.612,0.498,0.321,0.512,0.507,0.122,0.575,0.563,1519,TRPC_SACS2,medium,Prokaryote,OrganismalFitness
TRPC_THEMA_Chan_2017,0.405,0.45,0.394,0.411,0.416,0.417,0.395,0.434,0.479,0.477,0.439,0.478,0.506,0.327,0.47,0.503,0.464,0.47,0.499,0.43,0.336,0.399,0.395,0.455,0.437,0.421,0.369,0.387,0.478,0.39,0.427,0.365,0.14,0.329,0.46,0.448,0.39,0.442,0.438,0.418,0.445,0.442,0.397,0.14,0.461,0.395,0.253,0.386,0.393,0.075,0.416,0.433,1519,TRPC_THEMA,medium,Prokaryote,OrganismalFitness
UBC9_HUMAN_Weile_2017,0.371,0.496,0.521,0.531,0.508,0.522,-0.042,0.403,0.496,0.519,0.42,0.477,0.509,0.001,0.004,0.403,0.473,0.518,0.538,0.557,0.22,0.405,0.445,0.419,0.42,0.479,0.471,0.449,0.442,0.484,0.454,0.432,0.071,0.233,0.403,0.428,0.327,0.452,0.475,0.443,0.517,0.54,0.277,-0.008,0.427,0.492,0.322,0.35,0.446,0.243,0.43,0.484,2563,UBC9_HUMAN,medium,Human,OrganismalFitness
UBE4B_MOUSE_Starita_2013,0.412,0.417,0.454,0.468,0.463,0.47,0.078,0.089,0.344,0.364,0.361,0.447,0.471,0.399,0.463,0.459,0.459,0.351,0.349,0.383,0.122,0.324,0.337,0.3,0.444,0.376,0.395,0.376,0.289,0.433,0.437,0.396,0.091,0.026,0.096,0.262,0.419,0.351,0.39,0.467,0.454,0.472,0.409,0.041,0.42,0.458,0.307,0.393,-0.017,0.118,0.314,0.408,899,UBE4B_MOUSE,low,Eukaryote,Activity
VKOR1_HUMAN_Chiasson_2020_abundance,0.409,0.416,0.402,0.422,0.437,0.437,0.245,0.396,0.475,0.508,0.438,0.447,0.474,0.251,0.443,0.5,0.493,0.484,0.472,0.464,0.286,0.298,0.396,0.43,0.368,0.471,0.463,0.437,0.442,0.481,0.383,0.288,0.09,0.256,0.364,0.505,0.462,0.483,0.548,0.476,0.492,0.538,0.236,0.18,0.464,0.384,0.446,0.441,0.49,0.279,0.417,0.495,2695,VKOR1_HUMAN,medium,Human,Stability
VKOR1_HUMAN_Chiasson_2020_activity,0.329,0.368,0.399,0.41,0.413,0.428,0.0,0.386,0.417,0.417,0.419,0.427,0.448,0.016,0.298,0.369,0.43,0.446,0.445,0.415,0.051,0.073,0.272,0.31,0.132,0.384,0.384,0.36,0.385,0.421,0.431,0.388,0.179,0.022,0.135,0.37,0.339,0.35,0.401,0.409,0.42,0.436,0.084,0.021,0.416,0.226,0.225,0.334,0.366,0.1,0.212,0.365,697,VKOR1_HUMAN,medium,Human,Stability
YAP1_HUMAN_Araya_2012,0.428,0.321,0.464,0.46,0.449,0.455,0.329,0.289,0.07,0.053,0.333,0.28,0.285,0.411,0.457,0.451,0.466,0.382,0.313,0.189,0.18,0.176,0.158,0.167,0.299,0.226,0.257,0.207,0.15,0.332,0.425,0.451,0.139,0.302,0.196,0.217,0.402,0.326,0.359,0.435,0.405,0.439,0.485,-0.104,0.335,0.486,0.34,0.362,0.383,0.197,0.176,0.239,10075,YAP1_HUMAN,low,Human,Binding
Q8WTC7_9CNID_Somermeyer_2022,0.286,0.368,0.217,0.215,0.31,0.305,0.025,0.303,0.324,0.331,0.223,-0.009,-0.018,-0.027,-0.035,-0.023,-0.025,-0.007,0.034,0.23,0.013,0.037,0.057,0.013,-0.005,-0.001,0.037,0.252,0.267,0.373,0.297,0.307,-0.018,-0.026,0.009,0.303,0.231,0.237,0.318,0.304,0.309,0.345,-0.013,-0.008,-0.024,-0.027,0.097,0.143,0.292,0.189,0.032,0.136,33510,Q8WTC7_9CNID,Low,Eukaryote,Activity
D7PM05_CLYGR_Somermeyer_2022,0.53,0.625,0.613,0.582,0.629,0.631,0.073,0.475,0.649,0.659,0.439,0.066,0.064,0.068,0.053,0.036,0.05,0.072,0.152,0.438,0.039,0.042,0.114,0.082,0.009,0.047,0.068,0.194,0.361,0.623,0.563,0.574,0.016,0.096,0.125,0.156,0.536,0.536,0.532,0.63,0.629,0.618,0.004,0.024,0.009,0.028,0.292,0.316,0.505,0.396,0.076,0.167,24515,D7PM05_CLYGR,Low,Eukaryote,Activity
Q6WV13_9MAXI_Somermeyer_2022,0.327,0.393,0.26,0.264,0.333,0.334,-0.031,0.115,0.402,0.386,0.242,0.036,0.022,0.014,0.046,0.011,0.01,0.01,-0.022,0.294,0.013,0.045,0.003,0.102,0.004,-0.002,0.03,-0.005,-0.013,0.426,0.344,0.354,0.043,0.031,0.022,0.014,0.248,0.246,0.245,0.33,0.327,0.324,0.014,-0.015,-0.004,0.019,0.161,0.156,0.299,0.169,0.043,0.003,31401,Q6WV12_9MAXI,Low,Eukaryote,Activity
SPG1_STRSG_Wu_2016,-0.051,0.025,0.048,0.048,0.036,0.042,0.036,-0.048,0.257,0.225,0.121,0.086,0.059,0.03,0.097,0.118,0.128,0.165,0.199,0.083,-0.012,-0.033,-0.051,-0.023,-0.061,0.016,-0.014,-0.031,-0.031,0.102,0.146,0.125,-0.083,0.001,-0.085,-0.024,0.039,0.013,0.021,0.044,0.027,0.027,-0.013,-0.099,0.04,-0.026,0.091,0.023,0.18,0.089,-0.031,-0.026,149360,SPG1_STRSG,Medium,Prokaryote,Binding
CAS9_STRP1_Spencer_2017_positive,0.159,0.179,0.162,0.166,0.169,0.177,0.04,0.1,0.183,0.19,0.175,0.069,0.073,0.063,0.09,0.154,0.182,0.188,0.194,0.006,0.043,0.081,0.173,0.12,0.043,0.194,0.182,0.179,0.068,0.187,0.199,0.179,0.027,0.035,0.047,0.166,0.17,0.172,0.189,0.184,0.184,0.194,0.061,0.028,0.181,0.106,0.106,0.181,0.036,0.037,0.124,0.151,8117,CAS9_STRP1,Medium,Eukaryote,Activity
A0A247D711_LISMN_Stadelmann_2021,0.436,0.459,0.109,0.041,0.428,0.428,0.003,0.026,0.345,0.311,0.087,0.088,0.093,0.064,0.084,0.097,0.066,0.084,0.084,0.059,0.021,0.015,0.04,0.078,-0.029,0.067,0.01,0.037,0.106,0.473,0.337,0.351,0.093,0.041,0.024,0.057,0.301,0.292,0.311,0.253,0.242,0.263,0.047,0.002,0.074,0.084,0.418,0.441,0.476,0.364,0.037,0.043,1653,A0A247D711_LISMN,High,Eukaryote,Activity
HXK4_HUMAN_Gersing_2022_activity,0.489,0.516,0.477,0.49,0.484,0.492,0.229,0.387,0.509,0.525,0.446,0.464,0.491,0.183,0.292,0.51,0.517,0.508,0.476,0.051,0.453,0.449,0.442,0.421,0.449,0.465,0.452,0.448,0.402,0.503,0.492,0.45,0.179,0.472,0.426,0.37,0.503,0.482,0.446,0.513,0.508,0.493,0.316,0.032,0.501,0.478,0.356,0.439,0.394,0.168,0.466,0.459,8570,HXK4_HUMAN,Medium,Human,OrganismalFitness
ANCSZ_Hobbs_2022,0.562,0.521,0.445,0.472,0.524,0.528,0.525,0.452,0.482,0.485,0.527,0.522,0.543,0.535,0.592,0.598,0.609,0.598,0.57,0.021,0.462,0.493,0.509,0.5,0.497,0.519,0.513,0.469,0.494,0.557,0.542,0.525,0.318,0.483,0.503,0.475,0.537,0.549,0.538,0.545,0.556,0.543,0.549,0.42,0.496,0.523,0.471,0.458,0.422,0.165,0.515,0.526,4670,ANCSZ,Medium,Eukaryote,Activity
PAI1_HUMAN_Huttinger_2021,0.403,0.395,0.377,0.392,0.402,0.413,0.054,0.314,0.435,0.438,0.435,0.408,0.43,0.083,0.391,0.434,0.448,0.335,0.27,0.015,0.132,0.381,0.364,0.345,0.351,0.395,0.399,0.372,0.33,0.423,0.393,0.356,0.141,0.171,0.37,0.379,0.384,0.404,0.412,0.414,0.424,0.426,0.35,0.049,0.43,0.407,0.379,0.45,0.404,0.152,0.351,0.396,5345,PAI1_HUMAN,,Human,Activity
HXK4_HUMAN_Gersing_2023_abundance,0.322,0.362,0.325,0.351,0.341,0.348,0.057,0.329,0.379,0.404,0.338,0.332,0.364,0.136,0.185,0.328,0.367,0.376,0.358,0.072,0.282,0.29,0.314,0.316,0.285,0.307,0.316,0.315,0.32,0.374,0.295,0.253,0.17,0.305,0.304,0.317,0.34,0.349,0.359,0.348,0.362,0.369,0.168,0.071,0.351,0.336,0.399,0.382,0.391,0.16,0.324,0.327,8396,HXK4_HUMAN,Medium,Human,OrganismalFitness
PHOT_CHLRE_Chen_2023,0.211,0.44,0.731,0.706,0.352,0.335,0.654,0.552,0.792,0.776,0.647,0.621,0.632,0.768,0.823,0.714,0.749,0.714,0.758,0.365,0.685,0.678,0.596,0.699,0.533,0.616,0.596,0.656,0.602,0.587,0.572,0.49,0.303,0.565,0.511,0.602,0.597,0.564,0.606,0.416,0.445,0.422,0.623,0.395,0.599,0.621,0.2,0.502,,0.41,0.691,0.622,167529,PHOT_CHLRE,High,Eukaryote,Activity
S22A1_HUMAN_Yee_2023_abundance,0.507,0.55,0.568,0.573,0.584,0.597,0.38,0.511,0.599,0.6,0.597,0.602,0.65,0.484,0.537,0.558,0.626,0.599,0.566,0.038,0.492,0.596,0.606,0.59,0.526,0.611,0.629,0.6,0.557,0.582,0.571,0.444,0.33,0.522,0.596,0.59,0.566,0.627,0.631,0.618,0.633,0.633,0.504,0.274,0.584,0.555,0.44,0.547,0.534,0.176,0.627,0.634,9803,S22A1_HUMAN,Medium,Human,OrganismalFitness
S22A1_HUMAN_Yee_2023_activity,0.45,0.517,0.557,0.57,0.553,0.566,0.347,0.508,0.569,0.549,0.553,0.543,0.605,0.448,0.48,0.477,0.575,0.547,0.525,0.03,0.488,0.579,0.57,0.561,0.526,0.584,0.597,0.567,0.533,0.578,0.596,0.508,0.299,0.504,0.577,0.568,0.527,0.59,0.591,0.586,0.604,0.601,0.458,0.238,0.561,0.501,0.408,0.527,0.503,0.169,0.6,0.608,10094,S22A1_HUMAN,Medium,Human,Activity
KCNE1_HUMAN_Muhammad_2023_expression,0.13,0.116,0.093,0.129,0.124,0.103,0.209,0.024,0.067,0.07,0.187,0.162,0.138,0.163,0.177,0.129,0.106,0.062,0.073,-0.017,0.181,0.183,0.092,0.039,0.191,0.111,0.108,0.055,0.046,0.096,0.089,0.057,-0.17,0.147,0.225,0.097,0.138,0.152,0.115,0.138,0.141,0.121,0.199,0.166,0.093,0.194,0.179,0.116,0.139,0.086,0.147,0.119,2339,KCNE1_HUMAN,Medium,Human,Other
KCNE1_HUMAN_Muhammad_2023_function,0.417,0.498,0.479,0.496,0.479,0.514,0.215,0.52,0.504,0.48,0.368,0.472,0.57,0.209,0.162,0.599,0.525,0.465,0.38,0.023,0.272,0.293,0.448,0.539,0.285,0.614,0.58,0.603,0.575,0.488,0.568,0.475,-0.034,0.189,0.376,0.616,0.464,0.5,0.618,0.524,0.551,0.634,0.212,0.208,0.528,0.198,0.202,0.425,0.182,0.093,0.433,0.611,2315,KCNE1_HUMAN,Medium,Human,Activity
RNC_ECOLI_Weeks_2023,0.544,0.592,0.57,0.584,0.594,0.595,0.058,0.423,0.571,0.589,0.59,0.574,0.595,0.064,0.557,0.588,0.596,0.595,0.592,0.002,0.554,0.57,0.509,0.499,0.557,0.584,0.583,0.586,0.571,0.594,0.578,0.539,0.187,0.538,0.54,0.431,0.581,0.587,0.545,0.617,0.616,0.606,0.529,0.06,0.588,0.567,0.299,0.524,0.281,0.177,0.557,0.601,4277,RNC_ECOLI,Medium,Prokaryote,Activity
HEM3_HUMAN_Loggerenberg_2023,0.418,0.409,0.403,0.407,0.42,0.418,0.126,0.103,0.431,0.434,0.388,0.375,0.394,0.142,0.387,0.408,0.393,0.418,0.429,0.108,0.349,0.373,0.37,0.375,0.358,0.387,0.376,0.385,0.402,0.435,0.42,0.41,0.093,0.377,0.381,0.377,0.42,0.43,0.438,0.427,0.434,0.44,0.323,0.135,0.384,0.378,0.314,0.358,0.301,0.146,0.392,0.404,5689,HEM3_HUMAN,Medium,Human,Other
OXDA_RHOTO_Vanella_2023_expression,0.18,0.253,0.29,0.287,0.276,0.272,0.19,0.193,0.293,0.306,0.327,0.299,0.298,0.221,0.257,0.298,0.315,0.351,0.34,-0.01,0.169,0.243,0.252,0.233,0.217,0.264,0.295,0.275,0.31,0.308,0.289,0.241,0.082,0.227,0.211,0.246,0.268,0.259,0.267,0.284,0.278,0.278,0.243,0.144,0.304,0.234,0.385,0.356,0.333,0.142,0.245,0.296,6769,OXDA_RHOTO,High,Eukaryote,Other
OXDA_RHOTO_Vanella_2023_activity,0.104,0.292,0.364,0.373,0.356,0.356,0.195,0.251,0.322,0.345,0.383,0.34,0.352,0.122,0.219,0.326,0.37,0.39,0.401,0.003,0.125,0.214,0.303,0.305,0.219,0.343,0.356,0.329,0.407,0.378,0.429,0.408,0.102,0.164,0.213,0.293,0.267,0.275,0.305,0.342,0.344,0.355,0.153,0.014,0.369,0.247,0.295,0.386,0.361,0.139,0.264,0.36,6396,OXDA_RHOTO,High,Eukaryote,Activity
PRKN_HUMAN_Clausen_2023,0.605,0.619,0.6,0.586,0.622,0.614,0.182,0.459,0.469,0.5,0.582,0.599,0.633,0.233,0.292,0.363,0.501,0.658,0.663,-0.029,0.281,0.557,0.609,0.576,0.447,0.632,0.623,0.623,0.52,0.622,0.568,0.526,0.266,0.241,0.55,0.593,0.569,0.621,0.64,0.611,0.638,0.654,0.309,0.093,0.591,0.352,0.649,0.618,0.696,0.298,0.592,0.63,8756,PRKN_HUMAN,Low,Human,Stability
DYR_ECOLI_Nguyen_2023,0.34,0.424,0.448,0.453,0.451,0.454,0.004,0.425,0.449,0.471,0.523,0.527,0.542,0.133,0.5,0.525,0.544,0.529,0.511,-0.038,0.373,0.421,0.281,0.342,0.435,0.388,0.387,0.454,0.333,0.48,0.502,0.477,0.148,0.405,0.235,0.225,0.46,0.33,0.356,0.459,0.406,0.418,0.469,0.013,0.519,0.499,0.264,0.428,0.374,0.157,0.373,0.419,2916,DYR_ECOLI,High,Prokaryote,OrganismalFitness
ENVZ_ECOLI_Ghose_2023,0.115,0.095,0.18,0.178,0.187,0.188,0.04,0.19,0.177,0.19,0.154,0.202,0.214,0.194,0.207,0.195,0.172,0.154,0.113,-0.046,0.164,0.152,0.201,0.183,0.176,0.164,0.199,0.183,0.163,0.178,0.133,0.135,0.142,0.18,0.184,0.193,0.207,0.213,0.215,0.195,0.201,0.199,0.194,0.134,0.187,0.185,0.055,0.149,0.114,0.036,0.196,0.19,1121,ENVZ_ECOLI,High,Prokaryote,Activity
MLAC_ECOLI_MacRae_2023,0.225,0.352,0.419,0.424,0.409,0.411,-0.014,0.36,0.418,0.419,0.399,0.399,0.425,-0.011,0.236,0.273,0.382,0.382,0.412,-0.113,0.078,0.366,0.38,0.402,0.313,0.383,0.392,0.382,0.424,0.4,0.44,0.41,0.039,0.131,0.315,0.296,0.265,0.327,0.315,0.374,0.396,0.395,0.177,-0.036,0.329,0.235,0.006,0.193,0.123,-0.026,0.359,0.413,4007,MLAC_ECOLI,Medium,Prokaryote,OrganismalFitness
Q837P5_ENTFA_Meier_2023,0.196,0.416,0.421,0.459,0.39,0.395,0.222,0.263,0.244,0.335,0.326,0.344,0.328,0.129,0.24,0.334,0.374,0.436,0.392,-0.014,0.356,0.399,0.435,0.41,0.319,0.408,0.428,0.511,0.455,0.336,0.378,0.352,0.186,0.399,0.427,0.51,0.342,0.391,0.477,0.417,0.428,0.457,0.274,0.186,0.356,0.271,0.353,0.296,0.391,0.098,0.438,0.46,747,Q837P5_ENTFA,Medium,Prokaryote,Activity
Q837P4_ENTFA_Meier_2023,0.451,0.465,0.489,0.507,0.503,0.517,0.454,0.404,0.478,0.527,0.563,0.539,0.561,0.42,0.475,0.492,0.515,0.545,0.523,-0.019,0.521,0.445,0.441,0.462,0.552,0.535,0.541,0.449,0.521,0.524,0.527,0.477,0.19,0.491,0.516,0.454,0.491,0.538,0.512,0.54,0.549,0.544,0.458,0.37,0.545,0.49,0.231,0.454,0.373,0.114,0.513,0.564,697,Q837P4_ENTFA,Medium,Prokaryote,Activity
CCR5_HUMAN_Gill_2023,0.271,0.279,0.282,0.289,0.274,0.282,0.316,0.309,0.354,0.357,0.358,0.345,0.357,0.325,0.358,0.362,0.347,0.339,0.341,0.074,0.367,0.366,0.323,0.326,0.369,0.356,0.346,0.36,0.322,0.364,0.3,0.251,0.13,0.367,0.365,0.363,0.367,0.375,0.376,0.324,0.324,0.323,0.354,0.175,0.362,0.361,0.278,0.306,0.291,0.173,0.363,0.362,6137,CCR5_HUMAN,High,Human,Other
Q53Z42_HUMAN_McShan_2019_expression,0.524,0.485,0.526,0.538,0.55,0.548,-0.062,0.415,0.507,0.559,0.413,0.467,0.507,0.088,0.106,0.489,0.554,0.55,0.558,0.081,0.415,0.47,0.459,0.448,0.476,0.514,0.492,0.511,0.534,0.533,0.553,0.505,0.183,0.417,0.44,0.405,0.52,0.538,0.533,0.555,0.564,0.563,0.308,0.093,0.526,0.483,0.454,0.49,0.458,0.207,0.487,0.537,3344,Q53Z42_HUMAN,Medium,Human,Binding
Q53Z42_HUMAN_McShan_2019_binding-TAPBPR,0.356,0.341,0.348,0.353,0.358,0.355,0.081,0.245,0.244,0.315,0.235,0.301,0.325,0.192,0.186,0.364,0.33,0.287,0.347,0.23,0.249,0.267,0.257,0.215,0.292,0.297,0.268,0.306,0.299,0.303,0.371,0.341,0.098,0.238,0.268,0.182,0.311,0.334,0.294,0.352,0.365,0.348,0.402,0.202,0.321,0.328,0.311,0.341,0.338,0.192,0.267,0.313,3344,Q53Z42_HUMAN,Medium,Human,Binding
RPC1_LAMBD_Li_2019_low-expression,0.246,0.412,0.475,0.498,0.462,0.455,0.165,0.466,0.401,0.425,0.488,0.466,0.481,0.253,0.263,0.363,0.523,0.579,0.591,0.048,0.195,0.338,0.38,0.415,0.182,0.366,0.321,0.299,0.562,0.447,0.635,0.611,0.119,0.135,0.322,0.463,0.235,0.323,0.454,0.42,0.447,0.498,0.269,0.271,0.357,0.28,0.262,0.375,0.393,0.266,0.362,0.37,351,RPC1_LAMBD,High,Prokaryote,Activity
RPC1_LAMBD_Li_2019_high-expression,0.288,0.398,0.484,0.493,0.45,0.447,0.24,0.361,0.476,0.477,0.442,0.461,0.514,0.29,0.289,0.401,0.549,0.52,0.509,0.082,0.176,0.29,0.351,0.386,0.223,0.349,0.323,0.305,0.467,0.383,0.535,0.472,0.11,0.149,0.338,0.457,0.278,0.362,0.464,0.416,0.449,0.491,0.297,0.314,0.418,0.328,0.25,0.407,0.376,0.176,0.332,0.369,351,RPC1_LAMBD,High,Prokaryote,Activity
B2L11_HUMAN_Dutta_2010_binding-Mcl-1,0.688,0.27,0.668,0.661,0.53,0.646,0.216,0.529,0.18,0.196,0.206,-0.019,0.396,0.174,0.123,0.151,0.27,0.367,0.315,-0.174,0.239,0.076,0.304,0.568,0.067,0.251,0.362,0.372,0.366,0.734,0.358,0.338,0.295,0.266,0.213,0.341,0.544,0.469,0.388,0.615,0.57,0.402,0.146,0.138,0.207,0.17,0.287,0.307,0.432,-0.005,0.375,0.322,170,B2L11_HUMAN,Low,Human,Binding
HSP82_YEAST_Cote-Hammarlof_2020_growth-H2O2,0.316,0.36,0.371,0.376,0.364,0.365,0.194,0.394,0.451,0.449,0.362,0.416,0.453,-0.073,0.071,0.234,0.257,0.309,0.293,0.02,0.374,0.398,0.399,0.386,0.338,0.366,0.411,0.415,0.42,0.397,0.436,0.395,0.225,0.34,0.34,0.34,0.363,0.362,0.361,0.382,0.381,0.381,0.01,-0.056,0.383,0.4,0.068,0.267,0.097,-0.015,0.415,0.417,2252,HSP82_YEAST,Medium,Eukaryote,OrganismalFitness
A4_HUMAN_Seuma_2022,0.394,0.385,0.449,0.425,0.312,0.316,0.345,0.175,0.398,0.396,0.302,0.312,0.394,0.382,0.366,0.372,0.431,0.48,0.352,,0.327,0.281,0.318,0.306,0.406,0.297,0.32,0.313,0.314,0.479,0.251,0.186,0.43,0.393,0.273,0.37,0.441,0.372,0.458,0.436,0.4,0.416,0.366,0.362,0.421,0.356,0.279,0.358,-0.191,0.06,0.314,0.337,14811,A4_HUMAN,Low,Human,Stability
SRC_HUMAN_Nguyen_2022,0.428,0.426,0.413,0.428,0.429,0.425,0.442,0.405,0.365,0.47,0.401,0.478,0.504,0.342,0.378,0.387,0.471,0.443,0.415,0.029,0.373,0.344,0.35,0.306,0.381,0.397,0.372,0.358,0.269,0.453,0.493,0.484,0.355,0.348,0.343,0.282,0.416,0.412,0.399,0.44,0.437,0.43,0.477,0.304,0.427,0.466,0.221,0.227,0.31,0.063,0.366,0.376,3366,SRC_HUMAN,Medium,Human,OrganismalFitness
F7YBW7_MESOW_Ding_2023,0.572,0.535,0.535,0.55,0.55,0.545,0.499,0.463,0.551,0.528,0.488,0.467,0.481,0.486,0.626,0.632,0.446,0.456,0.479,0.498,0.459,0.525,0.413,0.403,0.531,0.387,0.454,0.38,0.386,0.533,0.556,0.567,0.269,0.484,0.546,0.577,0.566,0.601,0.598,0.56,0.583,0.564,0.365,0.24,0.31,0.338,0.368,0.453,0.572,0.442,0.476,0.443,7922,F7YBW7_MESOW,high,Bacteria,OrganismalFitness
RASK_HUMAN_Weng_2022_abundance,,,0.356,0.346,0.332,0.353,0.211,0.244,0.295,0.284,0.276,0.252,0.291,0.336,0.367,0.335,0.271,0.231,0.21,0.169,0.266,0.333,0.372,0.384,0.279,0.347,0.402,0.345,0.47,0.357,0.21,0.167,0.208,0.198,0.325,0.398,0.275,0.368,0.436,0.334,0.37,0.388,0.237,0.335,0.058,0.243,0.334,0.327,0.377,0.326,0.358,0.403,26012,RASK_HUMAN,High,Human,OrganismalFitness
RASK_HUMAN_Weng_2022_binding-DARPin_K55,,,0.602,0.617,0.598,0.598,0.268,0.35,0.667,0.628,0.585,0.496,0.544,0.573,0.605,0.621,0.652,0.563,0.446,0.173,0.568,0.511,0.549,0.458,0.537,0.534,0.479,0.396,0.358,0.569,0.529,0.49,0.289,0.515,0.589,0.499,0.555,0.601,0.543,0.605,0.616,0.597,0.56,0.298,0.464,0.597,0.239,0.269,0.585,0.281,0.549,0.5,24873,RASK_HUMAN,High,Human,OrganismalFitness
SRC_HUMAN_Chakraborty_2023_binding-DAS_25uM,0.435,0.427,0.41,0.433,0.441,0.437,0.454,0.401,0.356,0.472,0.403,0.48,0.504,0.358,0.39,0.393,0.465,0.426,0.409,0.017,0.372,0.35,0.354,0.309,0.37,0.395,0.364,0.35,0.257,0.456,0.498,0.495,0.36,0.339,0.335,0.28,0.414,0.411,0.401,0.443,0.441,0.437,0.475,0.316,0.423,0.458,0.238,0.246,0.324,0.046,0.369,0.367,3637,SRC_HUMAN,Medium,Human,Activity
AICDA_HUMAN_Gajula_2014_3cycles,0.138,0.396,0.474,0.464,0.429,0.445,-0.287,0.327,0.269,0.36,0.415,0.348,0.442,-0.245,-0.264,0.196,0.328,0.347,0.262,-0.041,-0.219,0.14,0.388,0.395,0.013,0.321,0.417,0.413,0.282,0.376,0.45,0.405,0.057,-0.039,0.057,0.339,0.206,0.218,0.367,0.399,0.402,0.444,-0.228,-0.238,0.379,0.258,0.328,0.401,0.328,0.243,0.223,0.347,209,AICDA_HUMAN,Medium,Human,Activity
OTC_HUMAN_Lo_2023,0.524,0.564,0.484,0.522,0.55,0.552,0.127,0.404,0.571,0.577,0.546,0.578,0.576,0.142,0.411,0.512,0.531,0.51,0.534,0.032,0.453,0.461,0.522,0.545,0.476,0.555,0.526,0.54,0.574,0.599,0.475,0.409,0.085,0.429,0.511,0.569,0.522,0.57,0.614,0.567,0.584,0.599,0.279,0.092,0.524,0.463,0.649,0.606,0.674,0.364,0.539,0.575,1570,OTC_HUMAN,Medium,Human,Activity
CASP3_HUMAN_Roychowdhury_2020,0.382,0.543,0.61,0.622,0.626,0.632,0.054,0.478,0.641,0.649,0.59,0.589,0.625,0.264,0.574,0.639,0.638,0.554,0.514,0.056,0.233,0.512,0.517,0.532,0.505,0.556,0.554,0.526,0.567,0.608,0.599,0.542,0.217,0.092,0.482,0.52,0.533,0.562,0.582,0.628,0.619,0.628,0.422,-0.006,0.616,0.563,0.414,0.558,0.499,0.263,0.541,0.577,1567,CASP3_HUMAN,High,Human,Activity
CASP7_HUMAN_Roychowdhury_2020,0.372,0.516,0.619,0.617,0.609,0.613,0.057,0.47,0.607,0.635,0.585,0.607,0.628,0.306,0.598,0.632,0.622,0.572,0.562,0.114,0.206,0.532,0.529,0.558,0.529,0.579,0.589,0.563,0.572,0.642,0.596,0.538,0.332,0.103,0.543,0.521,0.517,0.594,0.586,0.599,0.628,0.628,0.461,0.019,0.646,0.596,0.479,0.612,0.573,0.329,0.54,0.604,1680,CASP7_HUMAN,Medium,Human,Activity
SERC_HUMAN_Xie_2023,0.375,0.483,0.544,0.544,0.52,0.53,0.013,0.456,0.524,0.546,0.518,0.533,0.544,0.183,0.407,0.529,0.558,0.577,0.543,-0.058,0.492,0.511,0.513,0.484,0.5,0.53,0.518,0.534,0.504,0.506,0.516,0.469,0.192,0.513,0.528,0.519,0.528,0.54,0.544,0.548,0.551,0.552,0.319,0.031,0.54,0.46,0.382,0.461,0.352,0.189,0.521,0.54,1914,SERC_HUMAN,High,Human,OrganismalFitness
MTHR_HUMAN_Weile_2021,0.25,0.271,0.249,0.257,0.258,0.257,0.205,0.194,0.294,0.291,0.387,0.291,0.317,0.169,0.414,0.482,0.348,0.276,0.285,-0.016,0.443,0.162,0.217,0.265,0.437,0.239,0.264,0.245,0.295,0.296,0.22,0.189,0.143,0.451,0.307,0.212,0.378,0.315,0.254,0.363,0.309,0.269,0.278,0.111,0.379,0.411,0.239,0.338,0.377,0.092,0.288,0.308,12464,MTHR_HUMAN,Low,Human,OrganismalFitness
AMFR_HUMAN_Rocklin_2023_4G3O,0.358,0.418,0.419,0.407,0.387,0.398,-0.301,0.13,0.306,0.277,0.374,0.332,0.393,-0.209,0.286,0.321,0.261,0.297,0.26,-0.091,-0.052,-0.218,-0.051,-0.038,-0.317,-0.089,-0.05,-0.121,0.056,0.396,0.254,0.228,0.09,-0.287,-0.139,-0.275,0.392,0.402,0.356,0.424,0.422,0.374,-0.185,-0.194,0.172,0.116,0.259,0.12,0.433,0.355,-0.117,-0.106,2972,AMFR_HUMAN,Medium,Human,Stability
ARGR_ECOLI_Rocklin_2023_1AOY,0.277,0.413,0.411,0.43,0.431,0.423,0.306,0.386,0.38,0.431,0.409,0.283,0.419,0.332,0.297,0.511,0.497,0.499,0.435,0.066,0.372,0.439,0.448,0.403,0.362,0.437,0.473,0.461,0.418,0.46,0.409,0.31,0.073,0.394,0.396,0.43,0.405,0.415,0.439,0.465,0.46,0.471,0.285,0.267,0.45,0.408,0.725,0.651,0.738,0.636,0.45,0.466,1287,ARGR_ECOLI,Medium,Prokaryote,Stability
BBC1_YEAST_Rocklin_2023_1TG0,0.216,0.332,0.395,0.399,0.394,0.403,0.212,0.256,0.417,0.425,0.425,0.429,0.446,0.331,0.421,0.423,0.479,0.458,0.499,0.267,0.335,0.346,0.376,0.343,0.144,0.391,0.403,0.382,0.307,0.338,0.345,0.314,0.273,0.354,0.261,0.299,0.392,0.338,0.365,0.421,0.386,0.405,0.21,0.116,0.316,0.243,0.567,0.46,0.644,0.568,0.363,0.386,2069,BBC1_YEAST,High,Eukaryote,Stability
BCHB_CHLTE_Rocklin_2023_2KRU,0.364,0.418,0.357,0.364,0.365,0.382,0.1,0.248,0.588,0.547,0.394,0.44,0.452,0.166,0.182,0.301,0.51,0.521,0.421,0.36,0.122,0.362,0.22,0.376,0.207,0.421,0.281,0.402,0.435,0.607,0.549,0.496,0.07,0.245,0.294,0.431,0.44,0.44,0.483,0.392,0.396,0.436,0.116,0.109,0.205,0.175,0.587,0.543,0.683,0.567,0.306,0.396,1572,BCHB_CHLTE,Medium,Prokaryote,Stability
CATR_CHLRE_Rocklin_2023_2AMI,0.533,0.559,0.599,0.606,0.626,0.629,0.68,0.558,0.291,0.391,0.614,0.625,0.642,0.564,0.689,0.688,0.658,0.615,0.644,0.041,0.621,0.603,0.619,0.602,0.641,0.627,0.593,0.561,0.587,0.649,0.611,0.619,0.439,0.626,0.611,0.633,0.649,0.642,0.665,0.622,0.62,0.638,0.448,0.432,0.321,0.471,0.488,0.407,0.679,0.573,0.627,0.615,1903,CATR_CHLRE,High,Eukaryote,Stability
CBPA2_HUMAN_Rocklin_2023_1O6X,0.644,0.718,0.744,0.745,0.716,0.729,0.482,0.577,0.751,0.752,0.77,0.751,0.747,0.529,0.688,0.736,0.702,0.727,0.718,0.092,0.486,0.522,0.699,0.692,0.547,0.665,0.673,0.674,0.71,0.732,0.71,0.654,0.104,0.509,0.642,0.703,0.699,0.706,0.732,0.746,0.736,0.748,0.514,0.303,0.638,0.653,0.71,0.7,0.82,0.775,0.659,0.692,2068,CBPA2_HUMAN,Medium,Human,Stability
CBX4_HUMAN_Rocklin_2023_2K28,0.498,0.548,0.673,0.706,0.633,0.684,-0.266,0.611,0.621,0.6,0.615,0.638,0.648,-0.271,0.735,0.699,0.682,0.609,0.606,-0.114,0.486,0.589,0.581,0.587,0.553,0.577,0.589,0.531,0.569,0.633,0.667,0.653,0.423,0.425,0.505,0.54,0.601,0.6,0.623,0.676,0.698,0.701,0.623,-0.321,0.379,0.563,0.17,0.161,0.614,0.587,0.575,0.572,2282,CBX4_HUMAN,High,Human,Stability
CSN4_MOUSE_Rocklin_2023_1UFM,0.389,0.504,0.432,0.445,0.47,0.477,0.26,0.4,0.433,0.455,0.481,0.532,0.562,0.449,0.686,0.518,0.484,0.423,0.415,0.122,0.449,0.455,0.502,0.514,0.443,0.587,0.53,0.504,0.501,0.532,0.401,0.389,0.244,0.341,0.474,0.546,0.497,0.536,0.576,0.468,0.513,0.53,0.414,0.324,0.497,0.536,0.565,0.546,0.653,0.621,0.533,0.561,3295,CSN4_MOUSE,Medium,Eukaryote,Stability
CUE1_YEAST_Rocklin_2023_2MYX,0.357,0.451,0.434,0.438,0.474,0.444,0.154,0.453,0.419,0.443,0.483,0.437,0.449,0.153,0.428,0.478,0.547,0.498,0.467,0.233,0.174,0.206,0.225,0.102,0.117,0.224,0.255,0.248,0.434,0.42,0.469,0.414,0.231,0.16,0.146,0.213,0.38,0.387,0.393,0.438,0.441,0.448,0.157,0.064,0.466,0.26,0.521,0.506,0.654,0.483,0.187,0.287,1580,CUE1_YEAST,Medium,Eukaryote,Stability
DN7A_SACS2_Rocklin_2023_1JIC,0.171,0.198,0.218,0.23,0.2,0.259,-0.071,0.317,0.177,0.324,0.085,0.133,0.144,0.074,0.209,0.255,0.337,0.337,0.37,0.017,-0.068,0.045,0.033,0.066,0.041,0.107,0.057,0.071,0.235,0.298,0.431,0.351,0.054,-0.013,-0.023,0.031,0.212,0.2,0.211,0.243,0.227,0.231,0.106,-0.048,0.299,0.129,0.568,0.56,0.66,0.556,0.02,0.107,1008,DN7A_SACS2,Medium,Archaea,Stability
DNJA1_HUMAN_Rocklin_2023_2LO1,0.738,0.75,0.76,0.757,0.767,0.764,0.756,0.732,0.7,0.72,0.773,0.763,0.79,0.827,0.816,0.817,0.803,0.753,0.798,0.047,0.669,0.736,0.776,0.75,0.782,0.765,0.774,0.721,0.764,0.775,0.729,0.714,0.66,0.78,0.776,0.805,0.808,0.816,0.823,0.774,0.787,0.787,0.679,0.166,0.445,0.69,0.652,0.535,0.779,0.786,0.751,0.776,2264,DNJA1_HUMAN,High,Human,Stability
DOCK1_MOUSE_Rocklin_2023_2M0Y,0.418,0.453,0.422,0.439,0.495,0.501,0.057,0.432,0.378,0.539,0.525,0.509,0.528,0.224,0.458,0.486,0.531,0.508,0.531,0.333,0.34,0.418,0.402,0.408,0.315,0.402,0.365,0.348,0.395,0.448,0.471,0.469,0.216,0.202,0.321,0.252,0.473,0.49,0.494,0.489,0.491,0.507,0.361,-0.177,0.516,0.44,0.379,0.395,0.419,0.441,0.412,0.403,2915,DOCK1_MOUSE,High,Eukaryote,Stability
EPHB2_HUMAN_Rocklin_2023_1F0M,0.615,0.706,0.705,0.708,0.732,0.733,-0.32,0.684,0.746,0.766,0.762,0.792,0.797,-0.378,0.768,0.803,0.81,0.769,0.744,-0.042,0.555,0.599,0.685,0.656,0.641,0.664,0.684,0.705,0.735,0.795,0.752,0.738,0.677,0.612,0.603,0.644,0.716,0.711,0.728,0.741,0.737,0.735,0.629,-0.254,0.625,0.634,0.665,0.606,0.828,0.762,0.639,0.703,1960,EPHB2_HUMAN,High,Human,Stability
FECA_ECOLI_Rocklin_2023_2D1U,0.38,0.431,0.45,0.458,0.448,0.441,0.023,0.297,0.426,0.455,0.509,0.307,0.414,0.059,0.449,0.536,0.524,0.48,0.386,0.286,0.169,0.272,0.343,0.288,0.156,0.477,0.451,0.292,0.394,0.52,0.409,0.336,0.276,0.065,0.121,0.148,0.355,0.348,0.302,0.415,0.415,0.389,0.395,0.009,0.499,0.446,0.583,0.545,0.588,0.528,0.289,0.39,1886,FECA_ECOLI,High,Eukaryote,Stability
FKBP3_HUMAN_Rocklin_2023_2KFV,0.423,0.394,0.479,0.482,0.487,0.498,0.18,0.342,0.279,0.278,0.171,0.18,0.17,0.172,0.163,0.147,0.188,0.265,0.378,0.209,0.221,0.213,0.218,0.279,0.169,0.229,0.193,0.25,0.22,0.478,0.315,0.319,-0.077,0.095,0.168,0.23,0.398,0.41,0.342,0.484,0.49,0.409,0.18,0.184,0.177,0.21,0.685,0.603,0.687,0.589,0.261,0.271,1237,FKBP3_HUMAN,Medium,Human,Stability
HCP_LAMBD_Rocklin_2023_2L6Q,0.315,0.41,0.113,0.147,0.351,0.36,0.241,0.399,0.358,0.36,0.666,0.459,0.505,0.285,0.416,0.574,0.686,0.588,0.577,0.023,0.292,0.306,0.362,0.368,0.324,0.325,0.21,0.345,0.515,0.579,0.636,0.504,0.191,0.262,0.287,0.486,0.43,0.443,0.531,0.374,0.43,0.507,0.31,0.285,0.614,0.376,0.667,0.724,0.73,0.601,0.363,0.374,1040,HCP_LAMBD,Medium,Virus,Stability
HECD1_HUMAN_Rocklin_2023_3DKM,0.291,0.37,0.323,0.324,0.332,0.336,0.055,0.234,0.349,0.373,0.303,0.532,0.478,0.134,0.206,0.474,0.387,0.34,0.385,-0.016,-0.024,0.232,0.302,0.264,0.16,0.294,0.308,0.247,0.214,0.312,0.332,0.307,0.103,0.135,0.101,0.229,0.327,0.298,0.353,0.327,0.341,0.359,0.087,0.037,0.445,0.14,0.258,0.273,0.38,0.324,0.219,0.246,5586,HECD1_HUMAN,Medium,Human,Stability
ILF3_HUMAN_Rocklin_2023_2L33,0.233,0.336,0.444,0.438,0.437,0.436,0.022,0.315,0.425,0.416,0.353,0.359,0.366,0.192,0.324,0.435,0.318,0.282,0.167,-0.144,0.206,0.214,0.257,0.312,0.347,0.233,0.372,0.255,0.259,0.457,0.349,0.313,0.097,0.127,0.282,0.362,0.282,0.349,0.401,0.382,0.389,0.445,0.279,0.045,0.339,0.395,0.418,0.368,0.475,0.342,0.272,0.312,1329,ILF3_HUMAN,High,Human,Stability
ISDH_STAAW_Rocklin_2023_2LHR,0.094,0.101,0.206,0.197,0.231,0.231,0.326,0.128,0.324,0.348,0.453,0.418,0.434,0.377,0.394,0.449,0.429,0.479,0.45,0.074,0.326,0.199,0.218,0.228,0.318,0.335,0.329,0.298,0.36,0.304,0.396,0.334,0.236,0.291,0.249,0.298,0.259,0.219,0.245,0.263,0.221,0.244,0.307,0.254,0.357,0.337,0.608,0.544,0.519,0.494,0.266,0.347,1944,ISDH_STAAW,High,Prokaryote,Stability
MAFG_MOUSE_Rocklin_2023_1K1V,0.613,0.636,0.633,0.634,0.621,0.623,0.405,0.643,0.625,0.622,0.619,0.585,0.615,0.453,0.429,0.471,0.48,0.551,0.413,0.626,0.448,0.494,0.522,0.566,0.46,0.515,0.447,0.536,0.49,0.602,0.621,0.609,0.392,0.329,0.565,0.509,0.589,0.647,0.657,0.629,0.661,0.683,0.316,0.081,0.431,0.25,0.609,0.335,0.638,0.613,0.537,0.505,1429,MAFG_MOUSE,Medium,Eukaryote,Stability
MBD11_ARATH_Rocklin_2023_6ACV,0.551,0.723,0.708,0.727,0.757,0.763,-0.058,0.572,0.704,0.733,0.727,0.543,0.607,-0.146,0.025,0.742,0.699,0.685,0.74,0.569,-0.032,0.058,0.576,0.615,0.193,0.561,0.537,0.568,0.714,0.748,0.729,0.67,0.649,-0.282,0.063,0.033,0.586,0.658,0.634,0.729,0.751,0.742,-0.065,-0.203,0.623,0.428,0.52,0.655,0.773,0.578,0.35,0.581,2116,MBD11_ARATH,Medium,Eukaryote,Stability
MYO3_YEAST_Rocklin_2023_2BTT,0.143,0.248,0.334,0.362,0.379,0.411,0.155,0.251,0.472,0.481,0.519,0.454,0.463,0.171,0.411,0.583,0.588,0.507,0.247,0.193,0.351,0.247,0.336,0.311,0.342,0.287,0.364,0.313,0.336,0.283,0.279,0.178,0.126,0.419,0.332,0.282,0.382,0.329,0.292,0.411,0.401,0.382,0.117,0.049,0.441,0.299,0.413,0.447,0.479,0.362,0.331,0.354,3297,MYO3_YEAST,High,Eukaryote,Stability
NKX31_HUMAN_Rocklin_2023_2L9R,0.428,0.548,0.586,0.584,0.607,0.619,0.582,0.553,0.599,0.614,0.56,0.558,0.575,0.627,0.638,0.674,0.651,0.582,0.602,0.162,0.564,0.557,0.556,0.564,0.576,0.579,0.606,0.54,0.577,0.64,0.525,0.506,0.551,0.494,0.565,0.577,0.578,0.624,0.628,0.601,0.618,0.621,0.463,0.397,0.351,0.418,0.595,0.406,0.643,0.645,0.574,0.592,2482,NKX31_HUMAN,High,Human,Stability
NUSA_ECOLI_Rocklin_2023_1WCL,0.392,0.589,0.58,0.571,0.602,0.613,0.285,0.465,0.45,0.411,0.56,0.491,0.541,0.322,0.39,0.405,0.494,0.532,0.533,0.087,0.394,0.549,0.572,0.589,0.325,0.497,0.44,0.525,0.572,0.638,0.67,0.706,0.183,0.365,0.419,0.425,0.505,0.493,0.508,0.628,0.601,0.622,0.375,0.245,0.381,0.357,0.687,0.647,0.73,0.659,0.547,0.483,2028,NUSA_ECOLI,High,Prokaryote,Stability
NUSG_MYCTU_Rocklin_2023_2MI6,0.405,0.404,0.417,0.431,0.451,0.434,0.23,0.423,0.488,0.479,0.398,0.311,0.384,0.389,0.561,0.51,0.518,0.525,0.477,0.037,0.264,0.339,0.315,0.347,0.38,0.385,0.461,0.334,0.378,0.502,0.394,0.387,0.321,0.269,0.275,0.372,0.395,0.399,0.426,0.413,0.417,0.424,0.448,0.145,0.401,0.536,0.683,0.571,0.759,0.642,0.323,0.409,1380,NUSG_MYCTU,High,Prokaryote,Stability
OBSCN_HUMAN_Rocklin_2023_1V1C,0.54,0.697,0.759,0.777,0.744,0.757,0.384,0.455,0.708,0.782,0.691,0.747,0.759,0.392,0.779,0.819,0.797,0.786,0.755,0.168,0.688,0.689,0.663,0.687,0.589,0.667,0.694,0.726,0.604,0.735,0.694,0.679,0.549,0.262,0.461,0.575,0.687,0.695,0.704,0.755,0.76,0.764,0.551,0.116,0.526,0.636,0.65,0.562,0.782,0.748,0.702,0.693,3197,OBSCN_HUMAN,High,Human,Stability
ODP2_GEOSE_Rocklin_2023_1W4G,-0.211,-0.17,0.339,0.188,0.333,0.332,-0.149,0.093,0.203,0.197,0.064,-0.183,-0.173,-0.069,-0.151,0.14,0.221,0.089,0.21,-0.032,0.189,0.174,0.159,0.177,0.171,0.195,0.166,0.192,0.233,0.327,0.062,0.023,0.245,-0.05,0.025,0.012,0.19,0.181,0.178,0.271,0.26,0.29,0.274,-0.062,0.346,0.335,0.458,0.431,0.437,0.327,0.191,0.202,1134,ODP2_GEOSE,High,Prokaryote,Stability
OTU7A_HUMAN_Rocklin_2023_2L2D,0.116,0.243,0.184,0.201,0.224,0.227,0.192,0.134,0.167,0.236,0.434,0.6,0.578,0.205,0.563,0.588,0.319,0.362,0.408,-0.035,0.184,0.178,0.221,0.275,0.345,0.26,0.38,0.307,0.148,0.259,0.406,0.388,0.132,0.168,0.225,0.349,0.201,0.198,0.308,0.242,0.22,0.262,0.365,0.184,0.543,0.548,0.532,0.533,0.61,0.537,0.265,0.317,635,OTU7A_HUMAN,High,Human,Stability
PIN1_HUMAN_Rocklin_2023_1I6C,0.222,0.327,0.68,0.645,0.631,0.661,0.585,0.5,0.702,0.71,0.654,0.638,0.683,0.66,0.646,0.665,0.67,0.52,0.548,-0.167,0.456,0.671,0.63,0.61,0.559,0.672,0.681,0.647,0.658,0.689,0.692,0.644,0.531,0.539,0.626,0.667,0.607,0.671,0.72,0.677,0.705,0.73,0.554,-0.189,0.618,0.507,0.539,0.564,0.691,0.671,0.664,0.694,802,PIN1_HUMAN,High,Human,Stability
PITX2_HUMAN_Rocklin_2023_2L7M,0.579,0.52,0.548,0.555,0.549,0.553,0.506,0.47,0.592,0.54,0.467,0.442,0.429,0.557,0.652,0.675,0.626,0.586,0.507,0.452,0.513,0.454,0.477,0.45,0.547,0.493,0.465,0.428,0.468,0.536,0.403,0.386,0.45,0.558,0.508,0.481,0.596,0.548,0.538,0.573,0.537,0.538,0.459,0.409,0.271,0.331,0.448,0.282,0.693,0.631,0.486,0.496,1824,PITX2_HUMAN,High,Human,Stability
PKN1_HUMAN_Rocklin_2023_1URF,0.179,0.188,0.218,0.234,0.249,0.254,0.198,0.187,0.174,0.224,0.253,0.287,0.304,0.314,0.347,0.464,0.298,0.236,0.238,0.111,0.31,0.289,0.278,0.325,0.3,0.291,0.31,0.292,0.295,0.29,0.326,0.317,0.067,0.335,0.278,0.311,0.262,0.285,0.308,0.288,0.28,0.293,0.266,0.279,0.26,0.3,0.512,0.379,0.493,0.469,0.316,0.306,1301,PKN1_HUMAN,High,Human,Stability
POLG_PESV_Rocklin_2023_2MXD,0.251,0.455,0.373,0.407,0.47,0.463,0.07,0.42,0.493,0.566,0.375,0.315,0.384,0.132,0.14,0.031,0.16,0.114,0.084,0.373,0.079,0.058,0.016,0.157,0.106,-0.059,0.008,-0.084,0.17,0.507,0.575,0.58,0.131,0.003,-0.033,0.053,0.382,0.383,0.384,0.453,0.463,0.452,0.009,-0.034,0.037,0.03,0.457,0.454,0.65,0.579,0.083,0.036,5130,POLG_PESV,Medium,Virus,Stability
PR40A_HUMAN_Rocklin_2023_1UZC,0.562,0.655,0.745,0.736,0.773,0.774,0.518,0.493,0.808,0.796,0.727,0.669,0.711,0.54,0.535,0.821,0.805,0.74,0.727,-0.273,0.552,0.694,0.7,0.725,0.634,0.716,0.733,0.723,0.744,0.795,0.777,0.756,0.637,0.593,0.556,0.611,0.735,0.746,0.738,0.764,0.784,0.775,0.439,0.281,0.325,0.432,0.641,0.422,0.794,0.784,0.693,0.727,2033,PR40A_HUMAN,Medium,Human,Stability
PSAE_SYNP2_Rocklin_2023_1PSE,0.572,0.576,0.565,0.565,0.576,0.572,0.3,0.442,0.485,0.481,0.692,0.597,0.605,0.498,0.57,0.678,0.708,0.627,0.583,0.405,0.304,0.242,0.467,0.391,0.462,0.492,-0.202,0.471,0.529,0.553,0.558,0.505,0.098,0.328,0.409,0.43,0.546,0.543,0.498,0.586,0.585,0.541,0.418,0.231,0.63,0.478,0.577,0.615,0.699,0.644,0.418,0.444,1579,PSAE_SYNP2,Medium,Prokaryote,Stability
RAD_ANTMA_Rocklin_2023_2CJJ,0.28,0.183,0.286,0.3,0.325,0.355,0.508,0.373,0.635,0.636,0.507,0.473,0.508,0.458,0.687,0.704,0.493,0.467,0.542,0.3,0.541,0.575,0.536,0.454,0.552,0.419,0.546,0.444,0.417,0.598,0.422,0.365,0.258,0.477,0.601,0.439,0.497,0.588,0.467,0.436,0.486,0.41,0.575,0.224,0.15,0.372,0.464,0.24,0.656,0.553,0.577,0.498,912,RAD_ANTMA,High,Eukaryote,Stability
RBP1_HUMAN_Rocklin_2023_2KWH,0.19,0.108,0.302,0.307,0.305,0.303,0.271,0.277,0.196,0.224,0.43,0.404,0.391,0.321,0.394,0.491,0.552,0.328,0.335,0.197,0.366,0.108,0.267,0.263,0.297,0.078,0.16,0.293,0.202,0.365,0.373,0.318,0.239,0.291,0.364,0.384,0.318,0.34,0.339,0.317,0.334,0.318,0.32,0.256,0.417,0.407,0.49,0.55,0.578,0.459,0.327,0.265,1332,RBP1_HUMAN,High,Human,Stability
RCD1_ARATH_Rocklin_2023_5OAO,0.304,0.284,0.363,0.37,0.367,0.355,0.303,0.255,0.375,0.425,0.486,0.388,0.417,0.368,0.392,0.498,0.505,0.482,0.478,0.267,0.267,0.243,0.33,0.395,0.32,0.481,0.454,0.412,0.465,0.398,0.478,0.406,0.046,0.293,0.308,0.324,0.36,0.361,0.352,0.403,0.402,0.386,0.3,0.28,0.361,0.322,0.426,0.413,0.56,0.534,0.318,0.466,1261,RCD1_ARATH,Medium,Eukaryote,Stability
RCRO_LAMBD_Rocklin_2023_1ORC,0.293,0.518,0.584,0.577,0.557,0.588,0.167,0.263,0.516,0.541,0.558,0.477,0.542,0.226,0.422,0.451,0.596,0.573,0.639,0.49,0.129,0.17,0.225,0.175,-0.041,0.132,-0.003,0.087,0.577,0.59,0.569,0.537,0.096,0.178,0.127,0.567,0.44,0.45,0.58,0.568,0.598,0.621,0.023,0.138,0.47,0.184,0.627,0.638,0.782,0.691,0.186,0.192,2278,RCRO_LAMBD,High,Prokaryote,Stability
RD23A_HUMAN_Rocklin_2023_1IFY,0.33,0.333,0.466,0.466,0.479,0.479,0.196,0.434,0.597,0.541,0.457,0.518,0.536,0.254,0.675,0.533,0.513,0.464,0.39,-0.043,0.422,0.422,0.395,0.453,0.545,0.513,0.51,0.477,0.494,0.51,0.414,0.399,0.429,0.288,0.531,0.475,0.484,0.568,0.54,0.482,0.537,0.536,0.514,0.076,0.561,0.553,0.506,0.557,0.582,0.506,0.459,0.524,1019,RD23A_HUMAN,High,Human,Stability
RFAH_ECOLI_Rocklin_2023_2LCL,0.064,0.21,0.212,0.232,0.229,0.227,-0.015,0.238,0.25,0.237,0.248,0.218,0.25,-0.032,0.078,0.055,0.299,0.261,0.246,-0.309,-0.067,0.059,0.121,0.115,-0.043,0.13,0.151,0.114,0.158,0.214,0.268,0.213,-0.009,0.009,0.102,0.133,0.107,0.144,0.156,0.22,0.216,0.208,0.11,-0.077,0.19,0.104,0.301,0.245,0.384,0.33,0.083,0.131,1326,RFAH_ECOLI,High,Prokaryote,Stability
RL20_AQUAE_Rocklin_2023_1GYZ,0.341,0.588,0.607,0.601,0.603,0.61,0.224,0.577,0.584,0.581,0.675,0.684,0.689,0.235,0.421,0.487,0.699,0.68,0.676,0.492,0.151,0.493,0.47,0.475,0.473,0.481,0.534,0.545,0.622,0.636,0.563,0.544,0.078,0.481,0.522,0.506,0.54,0.579,0.574,0.588,0.624,0.625,0.036,-0.051,0.459,0.278,0.674,0.626,0.816,0.77,0.445,0.55,1461,RL20_AQUAE,High,Prokaryote,Stability
RPC1_BP434_Rocklin_2023_1R69,0.627,0.681,0.656,0.673,0.606,0.644,0.67,0.593,0.656,0.665,0.711,0.739,0.748,0.722,0.741,0.752,0.708,0.687,0.63,0.434,0.699,0.75,0.735,0.682,0.742,0.731,0.718,0.723,0.66,0.743,0.666,0.609,0.621,0.633,0.738,0.716,0.72,0.747,0.737,0.699,0.693,0.69,0.745,0.672,0.73,0.726,0.685,0.626,0.793,0.723,0.741,0.738,1459,RPC1_BP434,High,Virus,Stability
RS15_GEOSE_Rocklin_2023_1A32,0.393,0.31,0.336,0.328,0.321,0.326,0.178,0.188,0.387,0.397,0.468,0.355,0.374,0.289,0.326,0.51,0.409,0.372,0.33,0.259,0.199,0.33,0.317,0.323,0.297,0.34,0.416,0.362,0.367,0.375,0.413,0.396,0.117,0.423,0.325,0.306,0.453,0.377,0.365,0.395,0.348,0.32,0.333,0.262,0.443,0.381,0.582,0.44,0.607,0.55,0.308,0.377,1195,RS15_GEOSE,Medium,Prokaryote,Stability
SAV1_MOUSE_Rocklin_2023_2YSB,0.137,0.201,0.394,0.373,0.407,0.399,0.426,0.503,0.52,0.521,0.481,0.463,0.495,0.238,0.496,0.496,0.512,0.52,0.406,0.147,0.491,0.458,0.449,0.479,0.524,0.519,0.476,0.491,0.482,0.518,0.469,0.419,0.353,0.424,0.497,0.499,0.431,0.498,0.489,0.411,0.443,0.444,0.502,-0.043,0.543,0.531,0.325,0.322,0.443,0.505,0.492,0.518,965,SAV1_MOUSE,High,Eukaryote,Stability
SBI_STAAM_Rocklin_2023_2JVG,0.232,0.225,0.38,0.345,0.44,0.403,0.205,0.178,0.512,0.538,0.323,0.266,0.307,0.23,0.266,0.376,0.573,0.658,0.318,0.022,0.228,0.263,0.259,0.235,0.21,0.228,0.221,0.245,0.339,0.549,0.582,0.487,0.169,0.195,0.2,0.225,0.297,0.305,0.314,0.355,0.368,0.382,0.262,0.228,0.316,0.305,0.664,0.627,0.687,0.616,0.307,0.261,1025,SBI_STAAM,Medium,Prokaryote,Stability
SCIN_STAAR_Rocklin_2023_2QFF,0.083,0.14,0.261,0.264,0.3,0.272,0.154,0.065,0.262,0.266,0.299,0.309,0.261,0.208,0.305,0.279,0.346,0.406,0.414,0.053,0.106,0.162,0.134,0.144,0.155,0.194,0.152,0.2,0.215,0.229,0.296,0.208,-0.012,0.072,0.104,0.187,0.132,0.132,0.156,0.245,0.235,0.255,0.231,0.177,0.3,0.269,0.525,0.527,0.517,0.477,0.144,0.191,1212,SCIN_STAAR,High,Prokaryote,Stability
SDA_BACSU_Rocklin_2023_1PV0,0.631,0.646,0.615,0.619,0.647,0.65,0.001,0.303,0.512,0.502,0.606,0.471,0.483,0.249,0.274,0.608,0.594,0.598,0.596,0.567,0.026,0.067,0.003,0.238,0.081,0.123,0.045,0.119,0.214,0.64,0.604,0.581,-0.165,0.01,0.26,0.107,0.607,0.613,0.368,0.652,0.65,0.486,0.038,-0.077,0.345,0.013,0.45,0.426,0.608,0.598,0.087,0.153,2770,SDA_BACSU,Medium,Prokaryote,Stability
SOX30_HUMAN_Rocklin_2023_7JJK,0.225,0.241,0.235,0.242,0.282,0.273,0.369,0.17,0.279,0.28,0.254,0.346,0.362,0.298,0.396,0.333,0.322,0.262,0.261,0.036,0.166,0.167,0.162,0.19,0.264,0.247,0.202,0.253,0.189,0.231,0.087,0.06,0.222,0.133,0.267,0.229,0.217,0.241,0.234,0.275,0.274,0.262,0.271,0.15,0.208,0.356,0.526,0.346,0.53,0.464,0.187,0.241,1010,SOX30_HUMAN,High,Human,Stability
SPA_STAAU_Rocklin_2023_1LP1,0.432,0.509,0.518,0.501,0.552,0.549,-0.093,0.495,0.497,0.539,0.393,0.35,0.379,-0.032,-0.033,-0.064,0.005,-0.01,0.02,0.429,-0.154,0.032,0.205,0.105,-0.081,-0.041,0.057,0.338,0.428,0.564,0.432,0.442,-0.034,-0.011,0.001,0.066,0.437,0.43,0.427,0.548,0.547,0.536,-0.137,-0.087,-0.071,-0.009,0.512,0.45,0.705,0.56,0.051,0.183,2105,SPA_STAAU,Medium,Prokaryote,Stability
SPG2_STRSG_Rocklin_2023_5UBS,0.439,0.517,0.496,0.539,0.569,0.566,0.325,0.309,0.414,0.455,0.501,0.506,0.484,0.366,0.432,0.451,0.5,0.504,0.528,0.454,0.388,0.433,0.436,0.392,0.343,0.465,0.356,0.485,0.501,0.614,0.561,0.536,-0.192,0.356,0.44,0.462,0.294,0.335,0.382,0.561,0.562,0.569,0.257,0.093,0.29,0.244,0.452,0.373,0.704,0.573,0.426,0.454,1451,SPG2_STRSG,Medium,Prokaryote,Stability
SPTN1_CHICK_Rocklin_2023_1TUD,0.572,0.613,0.647,0.599,0.633,0.616,0.23,0.524,0.527,0.56,0.637,0.67,0.648,-0.133,0.619,0.627,0.637,0.726,0.657,0.365,0.578,0.643,0.604,0.589,0.589,0.613,0.652,0.563,0.601,0.621,0.631,0.632,0.457,0.508,0.57,0.548,0.629,0.641,0.621,0.623,0.628,0.618,0.49,-0.223,0.469,0.501,0.428,0.408,0.62,0.626,0.617,0.636,3201,SPTN1_CHICK,High,Eukaryote,Stability
SQSTM_MOUSE_Rocklin_2023_2RRU,0.399,0.522,0.597,0.61,0.604,0.604,0.086,0.449,0.555,0.595,0.514,0.384,0.508,0.186,0.442,0.529,0.618,0.64,0.527,0.11,0.218,0.474,0.49,0.505,0.345,0.544,0.569,0.506,0.538,0.623,0.566,0.526,0.155,0.194,0.444,0.518,0.502,0.54,0.589,0.614,0.604,0.625,0.209,0.119,0.582,0.583,0.651,0.626,0.629,0.619,0.486,0.538,707,SQSTM_MOUSE,Medium,Eukaryote,Stability
SR43C_ARATH_Rocklin_2023_2N88,0.596,0.658,0.684,0.681,0.693,0.684,-0.19,0.508,0.615,0.635,0.702,0.652,0.669,-0.267,0.662,0.702,0.675,0.698,0.681,0.507,-0.109,0.377,0.382,0.504,0.493,0.575,0.607,0.608,0.61,0.665,0.674,0.635,0.359,0.039,0.189,0.368,0.667,0.669,0.673,0.685,0.689,0.68,0.57,-0.297,0.7,0.617,0.204,0.62,0.731,0.716,0.344,0.589,1583,SR43C_ARATH,High,Eukaryote,Stability
SRBS1_HUMAN_Rocklin_2023_2O2W,0.36,0.511,0.696,0.694,0.721,0.717,0.549,0.362,0.666,0.739,0.628,0.675,0.717,0.498,0.713,0.731,0.734,0.673,0.694,0.106,0.679,0.649,0.653,0.62,0.642,0.637,0.659,0.63,0.607,0.694,0.696,0.658,0.577,0.597,0.637,0.645,0.66,0.697,0.705,0.701,0.727,0.728,0.386,0.082,0.539,0.533,0.579,0.535,0.64,0.661,0.662,0.652,1556,SRBS1_HUMAN,High,Human,Stability
TCRG1_MOUSE_Rocklin_2023_1E0L,0.576,0.615,0.644,0.655,0.66,0.662,0.696,0.292,0.716,0.739,0.591,0.647,0.673,0.724,0.707,0.784,0.769,0.707,0.745,0.362,0.49,0.552,0.57,0.609,0.604,0.613,0.66,0.648,0.597,0.68,0.64,0.595,0.642,0.485,0.619,0.669,0.688,0.715,0.71,0.68,0.712,0.695,0.754,0.183,0.626,0.751,0.675,0.587,0.774,0.761,0.58,0.644,1058,TCRG1_MOUSE,Medium,Eukaryote,Stability
THO1_YEAST_Rocklin_2023_2WQG,0.309,0.397,0.482,0.473,0.483,0.481,0.072,0.061,0.509,0.513,0.511,0.562,0.559,0.186,0.557,0.548,0.513,0.532,0.546,0.46,-0.047,0.332,0.349,0.305,0.351,0.383,0.279,0.423,0.534,0.543,0.526,0.512,0.48,0.003,0.403,0.337,0.446,0.505,0.495,0.472,0.51,0.511,0.297,0.11,0.455,0.383,0.491,0.467,0.561,0.601,0.263,0.415,1279,THO1_YEAST,High,Eukaryote,Stability
TNKS2_HUMAN_Rocklin_2023_5JRT,0.464,0.473,0.506,0.495,0.507,0.502,-0.099,0.392,0.401,0.457,0.472,0.522,0.511,0.044,0.547,0.589,0.525,0.529,0.533,0.165,0.262,0.361,0.429,0.394,0.395,0.455,0.385,0.395,0.436,0.528,0.484,0.451,0.25,0.061,0.312,0.333,0.535,0.523,0.517,0.541,0.518,0.518,0.348,-0.029,0.574,0.495,0.531,0.649,0.675,0.624,0.398,0.439,1479,TNKS2_HUMAN,High,Human,Stability
UBE4B_HUMAN_Rocklin_2023_3L1X,0.325,0.443,0.464,0.467,0.467,0.467,0.051,0.346,0.469,0.474,0.391,0.444,0.438,0.347,0.42,0.49,0.46,0.467,0.477,-0.05,0.142,0.353,0.357,0.364,0.345,0.374,0.343,0.322,0.355,0.486,0.475,0.453,0.441,0.079,0.11,0.255,0.383,0.385,0.329,0.472,0.477,0.424,0.355,-0.097,0.346,0.337,0.49,0.405,0.52,0.351,0.327,0.357,3622,UBE4B_HUMAN,High,Human,Stability
UBR5_HUMAN_Rocklin_2023_1I2T,0.442,0.55,0.54,0.538,0.566,0.577,0.152,0.251,0.52,0.505,0.528,0.479,0.548,0.226,0.226,0.158,0.197,0.591,0.601,0.164,0.422,0.414,0.467,0.514,0.473,0.462,0.495,0.488,0.492,0.557,0.497,0.388,0.288,0.304,0.455,0.401,0.484,0.519,0.502,0.592,0.594,0.583,0.135,0.124,0.429,0.212,0.569,0.447,0.637,0.576,0.474,0.504,1453,UBR5_HUMAN,Medium,Human,Stability
VG08_BPP22_Rocklin_2023_2GP8,0.228,0.314,0.228,0.246,0.266,0.255,0.256,0.064,0.322,0.444,0.623,0.568,0.569,0.36,0.514,0.601,0.655,0.611,0.653,0.139,0.395,0.474,0.458,0.531,0.419,0.425,0.41,0.467,0.516,0.487,0.51,0.386,0.038,0.307,0.473,0.464,0.343,0.415,0.464,0.336,0.403,0.409,0.469,0.295,0.552,0.483,0.458,0.561,0.543,0.505,0.503,0.468,723,VG08_BPP22,High,Virus,Stability
VILI_CHICK_Rocklin_2023_1YU5,0.284,0.422,0.594,0.63,0.634,0.637,0.162,0.54,0.64,0.646,0.673,0.653,0.688,0.371,0.316,0.652,0.662,0.589,0.478,0.033,0.293,0.431,0.601,0.524,0.424,0.575,0.494,0.482,0.579,0.599,0.701,0.694,0.322,0.346,0.515,0.521,0.487,0.564,0.563,0.634,0.659,0.642,0.274,0.285,0.429,0.426,0.552,0.441,0.775,0.703,0.516,0.528,2568,VILI_CHICK,High,Eukaryote,Stability
VRPI_BPT7_Rocklin_2023_2WNM,-0.119,0.043,0.164,0.194,0.078,0.119,0.082,0.147,0.213,0.233,0.498,0.36,0.383,0.252,0.41,0.507,0.587,0.612,0.468,-0.026,-0.02,0.135,0.133,0.222,0.215,0.202,0.131,0.199,0.291,0.084,0.499,0.429,0.242,0.065,0.059,0.122,-0.039,-0.028,-0.057,0.064,0.083,0.006,0.254,0.056,0.501,0.357,0.589,0.557,0.593,0.606,0.13,0.223,1047,VRPI_BPT7,Medium,Virus,Stability
YAIA_ECOLI_Rocklin_2023_2KVT,0.291,0.602,0.572,0.597,0.6,0.591,-0.221,0.533,0.61,0.577,0.593,0.611,0.653,-0.107,0.173,0.572,0.625,0.684,0.684,0.538,-0.091,-0.182,-0.13,0.264,-0.125,-0.166,-0.231,-0.023,0.52,0.605,0.681,0.643,-0.06,-0.234,-0.064,0.502,0.349,0.359,0.528,0.572,0.569,0.604,-0.047,-0.26,0.207,-0.013,0.447,0.423,0.651,0.548,-0.036,-0.001,1890,YAIA_ECOLI,Medium,Prokaryote,Stability
YNZC_BACSU_Rocklin_2023_2JVD,0.596,0.61,0.595,0.618,0.604,0.609,0.492,0.394,0.575,0.582,0.673,0.632,0.662,0.584,0.621,0.65,0.658,0.631,0.63,0.538,0.488,0.534,0.612,0.604,0.594,0.611,0.587,0.59,0.643,0.594,0.586,0.547,0.568,0.573,0.567,0.544,0.665,0.634,0.621,0.669,0.624,0.63,0.457,0.361,0.544,0.457,0.494,0.57,0.68,0.652,0.585,0.627,2300,YNZC_BACSU,Medium,Prokaryote,Stability
POLG_DEN26_Suphatrakul_2023,0.5,0.578,0.289,0.286,0.532,0.533,-0.044,0.434,0.357,0.443,0.318,-0.006,-0.0,-0.044,0.007,0.077,0.153,0.275,0.366,0.222,0.453,0.473,0.449,0.456,0.47,0.501,0.493,0.488,0.461,0.622,0.603,0.522,0.035,-0.064,0.115,0.471,0.432,0.383,0.542,0.469,0.397,0.563,-0.055,-0.059,0.391,-0.005,0.36,0.51,0.101,0.116,0.483,0.517,16897,POLG_DEN26,Low,Virus,OrganismalFitness
MET_HUMAN_Estevam_2023,0.454,0.544,0.538,0.563,0.582,0.584,0.517,0.52,0.585,0.601,0.585,0.55,0.562,0.452,0.515,0.542,0.59,0.596,0.599,0.004,0.526,0.506,0.466,0.492,0.53,0.519,0.519,0.488,0.454,0.548,0.57,0.53,0.286,0.471,0.501,0.525,0.512,0.539,0.563,0.558,0.565,0.573,0.542,0.347,0.571,0.575,0.35,0.42,0.498,0.192,0.523,0.527,5393,MET_HUMAN,Medium,Human,Other
RDRP_I33A0_Li_2023,0.313,0.367,0.376,0.387,0.482,0.484,0.029,0.355,0.484,0.486,0.166,0.045,0.057,0.033,0.041,0.128,0.322,0.389,0.491,0.336,0.385,0.436,0.454,0.475,0.125,0.358,0.342,0.345,0.413,0.52,0.45,0.395,0.075,0.377,0.423,0.459,0.425,0.452,0.474,0.494,0.508,0.526,0.03,0.02,0.171,0.033,0.215,0.23,0.188,0.055,0.458,0.371,12003,RDRP_I33A0,Low,Virus,Other
KCNJ2_MOUSE_Coyote-Maestas_2022_function,0.256,0.329,0.334,0.344,0.347,0.353,0.059,0.238,0.308,0.31,0.37,0.348,0.361,0.058,0.289,0.379,0.382,0.385,0.388,0.099,0.345,0.305,0.252,0.241,0.351,0.335,0.316,0.345,0.224,0.372,0.366,0.352,0.148,0.327,0.294,0.235,0.35,0.329,0.289,0.364,0.354,0.335,0.213,-0.022,0.328,0.343,0.189,0.286,0.227,0.084,0.297,0.327,6963,KCNJ2_MOUSE,,Human,Other
KCNJ2_MOUSE_Coyote-Maestas_2022_surface,0.381,0.341,0.254,0.265,0.338,0.34,0.119,0.224,0.291,0.299,0.323,0.287,0.297,0.176,0.36,0.37,0.352,0.343,0.354,0.096,0.239,0.228,0.217,0.245,0.265,0.265,0.26,0.273,0.251,0.368,0.284,0.255,0.174,0.243,0.252,0.235,0.324,0.331,0.33,0.328,0.338,0.34,0.266,0.065,0.263,0.309,0.305,0.262,0.306,0.167,0.244,0.279,6917,KCNJ2_MOUSE,,Human,Other
ACE2_HUMAN_Chan_2020,0.254,0.237,0.187,0.2,0.249,0.242,-0.049,0.077,0.225,0.217,0.244,0.173,0.213,-0.053,0.062,0.216,0.225,0.175,0.178,-0.043,0.033,0.129,0.175,0.207,0.042,0.162,0.207,0.208,0.261,0.217,0.164,0.138,0.08,0.044,0.12,0.134,0.217,0.19,0.196,0.228,0.2,0.205,0.005,0.005,0.244,0.078,0.336,0.292,0.317,0.106,0.182,0.227,2223,ACE2_HUMAN,,Human,Binding
PPM1D_HUMAN_Miller_2022,0.55,0.523,0.531,0.536,0.609,0.61,0.035,0.378,0.549,0.537,0.578,0.599,0.618,0.281,0.386,0.47,0.602,0.628,0.618,0.001,0.45,0.526,0.537,0.43,0.516,0.577,0.567,0.557,0.419,0.601,0.594,0.546,0.234,0.428,0.528,0.537,0.582,0.593,0.591,0.615,0.614,0.616,0.361,-0.05,0.575,0.515,0.503,0.579,0.563,0.236,0.549,0.579,7889,PPM1D_HUMAN,,Human,OrganismalFitness
HMDH_HUMAN_Jiang_2019,0.491,0.421,0.382,0.394,0.456,0.451,0.158,0.282,0.265,0.272,0.275,0.341,0.315,0.046,0.01,0.317,0.509,0.374,0.378,0.047,0.451,0.162,0.175,0.221,0.435,0.197,0.168,0.209,0.213,0.476,0.413,0.401,0.228,0.308,0.247,0.219,0.44,0.34,0.33,,,0.36,0.172,0.069,0.477,0.496,0.323,0.444,-0.184,0.105,0.282,0.247,16853,HMDH_HUMAN,,Human,OrganismalFitness
CBS_HUMAN_Sun_2020,0.334,0.358,0.364,0.383,0.371,0.379,0.202,0.251,0.375,0.372,0.347,0.346,0.372,0.085,0.226,0.335,0.342,0.329,0.339,-0.003,0.356,0.26,0.285,0.288,0.349,0.273,0.29,0.273,0.31,0.381,0.37,0.344,0.197,0.361,0.283,0.266,0.384,0.332,0.327,0.394,0.363,0.363,0.304,0.068,0.376,0.373,0.237,0.268,0.309,0.079,0.316,0.318,7217,CBS_HUMAN,,Human,OrganismalFitness
NPC1_HUMAN_Erwood_2022_HEK293T,0.683,0.7,0.627,0.632,0.7,0.7,0.22,0.529,0.725,0.735,0.701,0.325,0.458,0.221,0.394,0.614,0.694,0.721,0.719,0.147,0.197,0.46,0.412,0.419,0.421,0.491,0.631,0.447,0.495,0.71,0.659,0.548,0.095,0.231,0.547,0.579,0.639,0.675,0.696,,,0.722,0.3,0.134,0.702,0.568,0.499,0.683,0.06,0.211,0.435,0.555,637,NPC1_HUMAN,,Human,Activity
NPC1_HUMAN_Erwood_2022_RPE1,0.779,0.688,0.534,0.554,0.716,0.731,0.417,0.535,0.712,0.728,0.704,0.298,0.357,0.314,0.394,0.629,0.661,0.64,0.709,0.405,0.631,0.49,0.543,0.417,0.408,0.468,0.536,0.373,0.531,0.633,0.74,0.568,0.475,0.466,0.377,0.612,0.787,0.672,0.774,,,0.751,0.506,0.442,0.786,0.391,0.472,0.557,-0.107,0.157,0.604,0.516,63,NPC1_HUMAN,,Human,Activity
BRCA2_HUMAN_Erwood_2022_HEK293T,0.481,0.346,0.44,0.445,0.447,0.481,0.095,0.477,-0.023,-0.082,0.48,0.183,0.103,0.088,0.103,0.416,0.51,0.464,0.473,0.033,0.09,0.494,0.534,0.482,0.533,0.483,0.496,0.499,0.014,0.4,0.297,0.328,0.14,0.119,0.185,0.138,0.42,0.425,0.426,,,0.414,0.163,0.093,0.497,0.047,0.047,0.497,-0.091,0.285,0.473,0.485,265,BRCA2_HUMAN,,Human,OrganismalFitness
SHOC2_HUMAN_Kwon_2022,0.208,0.328,0.378,0.383,0.37,0.379,0.226,0.36,0.267,0.391,0.395,0.384,0.41,0.242,0.249,0.267,0.426,0.388,0.29,0.017,0.262,0.363,0.385,0.355,0.267,0.394,0.39,0.4,0.358,0.407,0.416,0.366,0.153,0.254,0.308,0.376,0.264,0.302,0.367,0.367,0.367,0.396,0.262,0.236,0.421,0.291,0.303,0.358,0.286,0.095,0.394,0.405,10972,SHOC2_HUMAN,,Human,OrganismalFitness
RAF1_HUMAN_Zinkus-Boltz_2019,0.405,0.425,0.382,0.389,0.408,0.408,0.045,0.339,0.482,0.475,0.471,0.423,0.482,0.034,0.242,0.442,0.473,0.433,0.399,0.168,0.285,0.378,0.378,0.339,0.377,0.395,0.378,0.355,0.359,0.439,0.473,0.421,0.12,0.287,0.339,0.363,0.372,0.38,0.396,,,0.441,0.221,0.039,0.48,0.387,0.271,0.383,0.264,0.234,0.374,0.384,297,RAF1_HUMAN,,Human,OrganismalFitness
OPSD_HUMAN_Wan_2019,0.17,0.433,0.445,0.517,0.463,0.466,0.347,0.569,0.577,0.58,0.397,0.499,0.56,0.29,0.508,0.518,0.552,0.449,0.482,0.012,0.528,0.549,0.538,0.578,0.552,0.594,0.598,0.577,0.57,0.511,0.422,0.326,0.17,0.503,0.53,0.485,0.537,0.532,0.503,0.485,0.482,0.488,0.386,0.08,0.493,0.472,0.632,0.518,0.632,0.224,0.565,0.604,165,OPSD_HUMAN,,Human,Other
CAR11_HUMAN_Meitlis_2020_lof,0.421,0.313,0.277,0.258,0.31,0.327,0.108,-0.014,0.286,0.26,0.446,0.49,0.461,0.072,0.115,0.462,0.501,0.533,0.54,0.08,0.141,0.312,0.3,0.277,0.107,0.303,0.306,0.358,0.191,0.338,0.433,0.378,0.334,-0.003,0.264,0.195,0.29,0.325,0.271,0.32,0.326,0.281,0.087,0.041,0.417,0.311,0.417,0.445,0.451,0.175,0.287,0.28,2395,CAR11_HUMAN,,Human,Binding
CAR11_HUMAN_Meitlis_2020_gof,0.265,0.174,0.164,0.15,0.169,0.184,0.1,0.009,0.214,0.199,0.304,0.324,0.302,0.068,0.095,0.337,0.326,0.345,0.357,0.054,0.151,0.198,0.219,0.216,0.037,0.215,0.229,0.226,0.167,0.179,0.326,0.296,0.189,0.005,0.148,0.124,0.203,0.208,0.182,0.204,,0.182,0.089,0.043,0.261,0.215,0.318,0.294,0.335,0.142,0.222,0.2,2374,CAR11_HUMAN,,Human,Binding
ERBB2_HUMAN_Elazar_2016,0.386,0.368,0.254,0.25,0.244,0.268,0.449,0.415,0.447,0.419,0.449,0.48,0.49,0.481,0.463,0.469,0.423,0.373,0.295,0.047,0.457,0.499,0.55,0.471,0.505,0.536,0.596,0.598,0.506,0.381,0.424,0.066,0.489,0.553,0.471,0.521,0.494,0.465,0.492,,,0.439,0.468,0.459,0.537,0.463,0.461,0.491,-0.139,0.022,0.51,0.566,326,ERBB2_HUMAN,,Human,Activity
GLPA_HUMAN_Elazar_2016,0.227,0.134,0.207,0.21,0.18,0.162,0.307,0.524,0.364,0.343,0.388,0.417,0.412,0.339,0.392,0.453,0.425,0.38,0.47,0.094,0.37,0.388,0.364,0.407,0.363,0.39,0.414,0.42,0.49,0.349,0.435,0.276,0.281,0.423,0.372,0.414,0.423,0.392,0.417,0.391,0.362,0.405,0.405,0.384,0.428,0.341,0.33,0.413,0.31,0.177,0.393,0.426,245,GLPA_HUMAN,,Human,Activity
LYAM1_HUMAN_Elazar_2016,0.314,0.303,0.189,0.158,0.258,0.266,0.361,0.172,0.426,0.43,0.436,0.37,0.371,0.307,0.363,0.336,0.31,0.426,0.454,0.03,0.382,0.391,0.386,0.385,0.362,0.369,0.373,0.298,0.339,0.349,0.313,0.179,0.203,0.353,0.437,0.343,0.362,0.41,0.348,0.343,0.372,0.313,0.307,0.346,0.318,0.35,0.17,0.259,0.163,0.103,0.404,0.367,359,LYAM1_HUMAN,,Human,Activity
GDIA_HUMAN_Silverstein_2021,0.442,0.429,0.439,0.446,0.451,0.452,0.205,0.398,0.455,0.459,0.391,0.423,0.46,0.159,0.247,0.448,0.397,0.356,0.411,0.274,0.253,0.385,0.38,0.409,0.326,0.439,0.425,0.384,0.397,0.415,0.423,0.393,0.276,0.321,0.394,0.356,0.432,0.448,0.437,0.451,0.47,0.461,0.233,0.121,0.432,0.26,0.357,0.421,0.387,0.101,0.407,0.43,1154,GDIA_HUMAN,,Human,OrganismalFitness
PPARG_HUMAN_Majithia_2016,0.353,0.539,0.629,0.655,0.612,0.632,0.187,0.339,0.587,0.608,0.623,0.696,0.695,0.028,0.126,0.456,0.594,0.736,0.768,-0.05,0.675,0.692,0.25,0.288,0.592,0.722,0.692,0.719,0.299,0.712,0.583,0.509,0.384,0.709,0.683,0.587,0.673,0.7,0.637,0.698,0.706,0.68,0.266,0.03,0.585,0.45,0.594,0.607,0.631,0.302,0.502,0.656,9576,PPARG_HUMAN,,Human,Other
CD19_HUMAN_Klesmith_2019_FMC_singles,0.189,0.247,0.199,0.211,0.234,0.232,0.051,0.233,0.284,0.285,0.046,0.05,0.072,0.09,0.093,0.054,0.05,0.123,0.217,-0.013,0.096,0.124,0.118,0.119,0.042,0.12,0.112,0.093,0.244,0.283,0.194,0.159,0.077,0.075,0.12,0.093,0.203,0.21,0.202,0.233,0.235,0.231,0.083,0.05,0.104,0.086,0.316,0.258,0.301,0.174,0.124,0.143,3761,CD19_HUMAN,,Human,Other
