Site_Independent,EVmutation,DeepSequence_single,DeepSequence_ensemble,EVE_single,EVE_ensemble,Unirep,Unirep_evotune,MSA_Transformer_single,MSA_Transformer_ensemble,ESM1b,ESM1v_single,ESM1v_ensemble,ESM2_8M,ESM2_35M,ESM2_150M,ESM2_650M,ESM2_3B,ESM2_15B,Wavenet,RITA_s,RITA_m,RITA_l,RITA_xl,Progen2_small,Progen2_medium,Progen2_base,Progen2_large,Progen2_xlarge,GEMME,VESPA,VESPAl,ProtGPT2,Tranception_S_no_retrieval,Tranception_M_no_retrieval,Tranception_L_no_retrieval,Tranception_S,Tranception_M,Tranception_L,TranceptEVE_S,TranceptEVE_M,TranceptEVE_L,CARP_38M,CARP_600K,CARP_640M,CARP_76M,MIF,MIFST,ESM-IF1,ProteinMPNN,ProtSSN_k10_h512,ProtSSN_k10_h768,ProtSSN_k10_h1280,ProtSSN_k20_h512,ProtSSN_k20_h768,ProtSSN_k20_h1280,ProtSSN_k30_h512,ProtSSN_k30_h768,ProtSSN_k30_h1280,ProtSSN_ensemble,SaProt_650M_AF2,SaProt_35M_AF2,PoET,MULAN_small,Selection Type,UniProt_ID,MSA_Neff_L_category,Taxon
0.265,0.23,0.082,0.075,0.28,0.292,-0.124,0.063,0.334,0.335,-0.023,-0.041,0.005,-0.058,-0.045,-0.037,0.147,0.277,0.281,0.168,0.263,0.218,0.219,0.21,0.241,0.236,0.224,0.226,0.197,0.27,0.208,0.191,-0.005,0.217,0.234,0.193,0.264,0.263,0.248,0.258,0.254,0.271,-0.043,-0.061,0.097,-0.052,0.202,0.205,0.21,0.086,0.175,0.178,0.183,0.202,0.191,0.191,0.184,0.183,0.183,0.188,0.14,0.084,0.318,0.046,OrganismalFitness,A0A140D2T1_ZIKV,Medium,Virus
0.359,0.332,0.317,0.337,0.387,0.401,0.008,0.39,0.406,0.409,0.356,0.391,0.401,0.022,0.022,0.04,0.076,0.087,0.1,0.359,0.386,0.397,0.398,0.394,0.393,0.389,0.366,0.384,0.385,0.382,0.435,0.418,0.256,0.385,0.384,0.4,0.393,0.399,0.398,0.402,0.409,0.411,0.329,-0.002,0.378,0.332,0.284,0.359,0.187,0.102,0.167,0.19,0.205,0.208,0.168,0.186,0.187,0.163,0.145,0.197,0.119,0.063,0.392,0.039,OrganismalFitness,A0A192B1T2_9HIV1,Medium,Virus
-0.009,0.026,0.082,0.061,0.043,0.052,0.0,0.065,0.061,0.069,0.017,0.043,0.065,-0.026,-0.03,0.004,0.048,0.022,0.056,0.048,-0.004,0.022,0.052,0.043,0.03,0.061,0.052,0.069,0.065,0.03,0.0,-0.007,0.017,0.043,0.052,0.082,0.03,0.065,0.056,0.039,0.082,0.061,-0.013,-0.035,0.052,-0.03,0.022,0.052,0.035,0.056,0.065,0.052,0.065,0.056,0.065,0.078,0.039,0.069,0.061,0.082,0.043,0.004,0.061,-0.022,Activity,A0A1I9GEU1_NEIME,Medium,Prokaryote
0.347,0.359,0.096,0.041,0.312,0.316,0.028,0.038,0.234,0.258,0.065,0.082,0.087,0.07,0.079,0.084,0.06,0.07,0.084,0.043,0.067,0.055,0.053,0.094,0.014,0.065,0.033,0.07,0.089,0.351,0.244,0.234,0.004,0.053,0.041,0.055,0.212,0.21,0.215,0.193,0.183,0.193,0.062,0.043,0.067,0.074,0.312,0.353,0.328,0.263,0.21,0.237,0.224,0.246,0.241,0.28,0.208,0.244,0.191,0.237,0.316,0.212,0.333,0.116,Activity,A0A247D711_LISMN,High,Prokaryote
0.385,0.389,0.362,0.382,0.415,0.422,-0.008,0.344,0.381,0.382,0.086,0.382,0.412,0.004,0.026,0.047,0.38,0.39,0.376,0.321,0.344,0.401,0.391,0.406,0.312,0.362,0.375,0.349,0.37,0.414,0.361,0.297,0.062,0.347,0.393,0.41,0.404,0.433,0.421,0.446,0.453,0.445,0.016,0.019,0.223,0.017,0.311,0.336,0.322,0.114,0.367,0.359,0.397,0.388,0.389,0.405,0.402,0.388,0.404,0.406,0.156,0.126,0.425,0.125,OrganismalFitness,A0A2Z5U3Z0_9INFA,Medium,Virus
0.385,0.389,0.362,0.382,0.415,0.422,-0.008,0.344,0.381,0.382,0.086,0.382,0.412,0.004,0.026,0.047,0.38,0.39,0.376,0.321,0.344,0.401,0.391,0.406,0.312,0.362,0.375,0.349,0.37,0.414,0.361,0.297,0.062,0.347,0.393,0.41,0.404,0.433,0.421,0.446,0.453,0.445,0.016,0.019,0.223,0.017,0.311,0.336,0.322,0.114,0.367,0.359,0.397,0.388,0.389,0.405,0.402,0.388,0.404,0.406,0.156,0.126,0.425,0.125,OrganismalFitness,A0A2Z5U3Z0_9INFA,Medium,Virus
0.344,0.252,0.341,0.335,0.326,0.323,0.015,0.267,0.254,0.245,0.024,0.019,0.025,0.019,0.02,0.02,0.103,0.139,0.196,0.194,0.269,0.301,0.319,0.313,0.05,0.208,0.224,0.197,0.258,0.365,0.24,0.237,0.024,0.269,0.284,0.314,0.279,0.293,0.296,0.349,0.356,0.367,0.015,0.002,0.047,0.005,0.204,0.199,0.09,0.081,0.154,0.151,0.145,0.163,0.153,0.163,0.158,0.168,0.16,0.158,0.112,0.064,0.239,0.056,OrganismalFitness,A4D664_9INFA,Medium,Virus
0.304,0.469,0.554,0.557,0.514,0.536,0.29,0.427,0.526,0.58,0.585,0.546,0.572,0.354,0.441,0.551,0.639,0.614,0.513,0.465,0.336,0.448,0.463,0.525,0.441,0.514,0.53,0.527,0.593,0.568,0.643,0.573,0.206,0.34,0.464,0.521,0.46,0.493,0.539,0.547,0.556,0.567,0.412,0.08,0.56,0.504,0.546,0.597,0.536,0.325,0.618,0.603,0.596,0.59,0.597,0.607,0.617,0.617,0.616,0.615,0.61,0.417,0.635,0.257,OrganismalFitness,A4GRB6_PSEAI,High,Prokaryote
0.363,0.323,0.35,0.323,0.246,0.243,0.292,0.11,0.246,0.25,0.234,0.218,0.295,0.338,0.307,0.305,0.359,0.371,0.269,0.185,0.217,0.171,0.204,0.198,0.28,0.192,0.212,0.202,0.201,0.388,0.191,0.128,0.412,0.28,0.161,0.236,0.333,0.266,0.361,0.332,0.288,0.31,0.316,0.311,0.333,0.304,0.232,0.315,-0.13,0.042,0.357,0.338,0.337,0.341,0.344,0.316,0.356,0.281,0.29,0.343,0.348,0.332,0.334,0.329,Stability,A4_HUMAN,Low,Human
0.192,0.363,0.249,0.336,0.376,0.374,0.12,0.196,0.389,0.38,0.287,0.345,0.371,0.127,0.147,0.154,0.363,0.398,0.414,0.278,0.112,0.156,0.174,0.209,0.178,0.32,0.298,0.327,0.354,0.363,0.4,0.349,0.003,0.163,0.163,0.311,0.32,0.303,0.334,0.349,0.343,0.385,0.154,0.076,0.243,0.163,0.187,0.265,0.245,0.114,0.363,0.349,0.36,0.349,0.356,0.34,0.351,0.349,0.347,0.358,0.36,0.2,0.409,0.178,OrganismalFitness,AACC1_PSEAI,High,Prokaryote
0.162,0.105,0.08,0.08,0.117,0.103,-0.028,0.013,0.161,0.17,0.18,0.087,0.126,-0.014,0.035,0.152,0.152,0.116,0.089,0.126,-0.005,0.033,0.094,0.141,-0.028,0.074,0.117,0.116,0.18,0.096,0.103,0.073,0.062,0.006,0.04,0.045,0.135,0.092,0.083,0.107,0.083,0.081,0.008,0.045,0.218,0.035,0.288,0.24,0.27,0.08,0.161,0.207,0.161,0.182,0.173,0.195,0.164,0.162,0.166,0.173,0.233,0.161,0.177,0.058,Binding,ACE2_HUMAN,Medium,Human
0.277,0.364,0.41,0.411,0.397,0.407,0.364,0.396,0.432,0.426,0.43,0.428,0.428,0.313,0.341,0.373,0.392,0.402,0.405,0.412,0.425,0.427,0.415,0.39,0.431,0.421,0.421,0.425,0.391,0.429,0.406,0.311,0.25,0.435,0.421,0.401,0.428,0.43,0.427,0.423,0.43,0.428,0.375,0.124,0.431,0.411,0.336,0.396,0.368,0.169,0.386,0.39,0.412,0.402,0.409,0.402,0.395,0.414,0.403,0.417,0.457,0.411,0.434,0.408,Activity,ADRB2_HUMAN,Medium,Human
0.011,0.216,0.267,0.267,0.267,0.267,-0.169,0.139,0.164,0.216,0.216,0.216,0.267,-0.143,-0.143,0.011,0.19,0.19,0.113,0.395,-0.092,0.036,0.19,0.241,-0.066,0.139,0.293,0.216,0.19,0.164,0.293,0.293,0.036,-0.041,-0.015,0.216,0.036,0.113,0.19,0.216,0.241,0.216,-0.169,-0.169,0.164,0.036,0.293,0.241,0.267,0.139,0.216,0.241,0.216,0.216,0.164,0.216,0.216,0.216,0.19,0.19,0.19,-0.015,0.318,0.088,Activity,AICDA_HUMAN,Medium,Human
0.201,0.249,0.241,0.226,0.229,0.234,-0.227,0.013,0.085,0.096,0.188,0.07,0.271,-0.139,0.186,0.127,0.102,0.135,0.127,-0.015,-0.063,-0.157,-0.094,-0.087,-0.271,-0.124,-0.112,-0.176,0.005,0.203,0.125,0.128,0.007,-0.207,-0.108,-0.248,0.222,0.234,0.183,0.262,0.256,0.211,-0.16,-0.162,0.04,0.003,0.143,0.02,0.276,0.232,0.283,0.149,0.048,0.172,0.162,0.164,0.163,0.166,0.174,0.159,0.153,0.26,0.135,0.039,Stability,AMFR_HUMAN,Medium,Human
0.207,0.391,0.424,0.448,0.421,0.396,0.035,0.363,0.314,0.494,0.466,0.496,0.546,0.214,0.282,0.299,0.437,0.557,0.493,0.394,0.452,0.449,0.444,0.454,0.453,0.485,0.455,0.453,0.433,0.47,0.487,0.455,0.243,0.499,0.389,0.351,0.474,0.395,0.36,0.494,0.432,0.415,0.233,0.04,0.358,0.281,0.291,0.374,0.324,0.167,0.448,0.41,0.418,0.435,0.422,0.432,0.413,0.426,0.453,0.435,0.475,0.286,0.539,0.42,Activity,AMIE_PSEAE,High,Prokaryote
0.417,0.382,0.325,0.348,0.364,0.369,0.389,0.342,0.368,0.382,0.405,0.382,0.406,0.36,0.431,0.434,0.448,0.437,0.418,0.008,0.316,0.346,0.38,0.38,0.374,0.383,0.372,0.352,0.37,0.433,0.41,0.406,0.222,0.343,0.37,0.341,0.404,0.424,0.409,0.388,0.408,0.394,0.381,0.285,0.366,0.372,0.339,0.361,0.311,0.123,0.414,0.408,0.431,0.434,0.431,0.442,0.418,0.43,0.422,0.441,0.419,0.442,0.422,0.383,Activity,ANCSZ,Medium,Eukaryote
0.212,0.24,0.293,0.296,0.281,0.281,0.181,0.249,0.315,0.352,0.284,0.203,0.262,0.209,0.181,0.355,0.34,0.377,0.293,0.296,0.225,0.327,0.33,0.277,0.231,0.296,0.29,0.324,0.302,0.336,0.305,0.239,0.066,0.253,0.265,0.324,0.212,0.215,0.281,0.268,0.277,0.299,0.162,0.144,0.33,0.296,0.585,0.498,0.601,0.495,0.371,0.392,0.377,0.386,0.358,0.38,0.355,0.368,0.34,0.377,0.43,0.368,0.371,0.33,Stability,ARGR_ECOLI,Medium,Prokaryote
0.519,0.002,0.508,0.532,0.319,0.508,0.177,0.414,0.201,0.225,0.177,0.059,0.248,0.059,0.154,0.106,0.225,0.343,0.272,0.225,0.154,0.035,0.225,0.366,0.059,0.177,0.319,0.248,0.295,0.658,0.319,0.3,0.201,0.106,0.177,0.366,0.437,0.343,0.343,0.532,0.461,0.366,0.13,0.012,0.154,0.083,0.272,0.248,0.319,0.035,0.272,0.272,0.319,0.201,0.248,0.414,0.225,0.177,0.366,0.248,0.201,0.201,0.39,0.248,Binding,B2L11_HUMAN,Low,Human
0.189,0.239,0.379,0.361,0.375,0.381,0.185,0.282,0.365,0.382,0.433,0.369,0.41,0.324,0.359,0.359,0.439,0.371,0.44,0.29,0.332,0.352,0.381,0.34,0.123,0.375,0.408,0.369,0.299,0.294,0.352,0.329,0.266,0.299,0.206,0.268,0.328,0.263,0.309,0.408,0.359,0.382,0.098,0.108,0.21,0.127,0.468,0.367,0.572,0.514,0.442,0.421,0.448,0.442,0.442,0.446,0.435,0.442,0.442,0.444,0.45,0.483,0.415,0.284,Stability,BBC1_YEAST,High,Eukaryote
0.327,0.307,0.281,0.296,0.284,0.302,0.098,0.159,0.309,0.391,0.33,0.248,0.289,0.118,0.149,0.251,0.406,0.414,0.324,0.342,0.088,0.299,0.154,0.302,0.136,0.363,0.21,0.33,0.34,0.5,0.472,0.401,0.024,0.164,0.23,0.35,0.355,0.36,0.36,0.296,0.309,0.34,0.078,0.085,0.169,0.146,0.421,0.37,0.518,0.431,0.454,0.452,0.464,0.472,0.459,0.487,0.459,0.449,0.454,0.462,0.378,0.21,0.36,0.332,Stability,BCHB_CHLTE,Medium,Prokaryote
0.329,0.521,0.536,0.557,0.517,0.538,0.086,0.328,0.541,0.566,0.526,0.499,0.531,0.253,0.378,0.478,0.568,0.419,0.308,0.483,0.392,0.379,0.359,0.37,0.413,0.474,0.466,0.394,0.322,0.488,0.561,0.559,0.12,0.378,0.357,0.323,0.449,0.444,0.446,0.534,0.542,0.546,0.356,0.038,0.515,0.43,0.424,0.514,0.481,0.23,0.544,0.534,0.54,0.559,0.556,0.55,0.561,0.539,0.542,0.572,0.555,0.417,0.549,0.41,OrganismalFitness,BLAT_ECOLX,High,Prokaryote
0.329,0.521,0.536,0.557,0.517,0.538,0.086,0.328,0.541,0.566,0.526,0.499,0.531,0.253,0.378,0.478,0.568,0.419,0.308,0.483,0.392,0.379,0.359,0.37,0.413,0.474,0.466,0.394,0.322,0.488,0.561,0.559,0.12,0.378,0.357,0.323,0.449,0.444,0.446,0.534,0.542,0.546,0.356,0.038,0.515,0.43,0.424,0.514,0.481,0.23,0.544,0.534,0.54,0.559,0.556,0.55,0.561,0.539,0.542,0.572,0.555,0.417,0.549,0.41,OrganismalFitness,BLAT_ECOLX,High,Prokaryote
0.329,0.521,0.536,0.557,0.517,0.538,0.086,0.328,0.541,0.566,0.526,0.499,0.531,0.253,0.378,0.478,0.568,0.419,0.308,0.483,0.392,0.379,0.359,0.37,0.413,0.474,0.466,0.394,0.322,0.488,0.561,0.559,0.12,0.378,0.357,0.323,0.449,0.444,0.446,0.534,0.542,0.546,0.356,0.038,0.515,0.43,0.424,0.514,0.481,0.23,0.544,0.534,0.54,0.559,0.556,0.55,0.561,0.539,0.542,0.572,0.555,0.417,0.549,0.41,OrganismalFitness,BLAT_ECOLX,High,Prokaryote
0.329,0.521,0.536,0.557,0.517,0.538,0.086,0.328,0.541,0.566,0.526,0.499,0.531,0.253,0.378,0.478,0.568,0.419,0.308,0.483,0.392,0.379,0.359,0.37,0.413,0.474,0.466,0.394,0.322,0.488,0.561,0.559,0.12,0.378,0.357,0.323,0.449,0.444,0.446,0.534,0.542,0.546,0.356,0.038,0.515,0.43,0.424,0.514,0.481,0.23,0.544,0.534,0.54,0.559,0.556,0.55,0.561,0.539,0.542,0.572,0.555,0.417,0.549,0.41,OrganismalFitness,BLAT_ECOLX,High,Prokaryote
0.436,0.298,0.423,0.426,0.403,0.408,0.048,0.227,0.334,0.331,0.413,0.299,0.341,0.077,0.286,0.379,0.413,0.426,0.361,0.237,0.065,0.321,0.341,0.349,0.239,0.403,0.391,0.379,0.398,0.399,0.436,0.416,0.212,0.09,0.127,0.371,0.406,0.406,0.436,0.441,0.431,0.448,0.142,0.068,0.446,0.361,0.369,0.391,0.044,0.122,0.431,0.423,0.428,0.411,0.421,0.423,0.428,0.413,0.408,0.423,0.436,0.398,0.453,0.267,OrganismalFitness,BRCA1_HUMAN,Low,Human
0.312,0.309,0.309,0.309,0.309,0.309,0.068,0.283,0.122,-0.012,0.309,0.095,0.015,0.015,0.015,0.283,0.309,0.309,0.309,0.041,0.015,0.309,0.309,0.309,0.309,0.283,0.309,0.309,0.068,0.309,0.256,0.285,-0.012,0.041,0.068,0.068,0.309,0.309,0.309,0.309,0.309,0.309,0.015,0.015,0.309,-0.012,-0.039,0.015,-0.2,0.175,0.256,0.283,0.283,0.309,0.309,0.309,0.309,0.309,0.309,0.309,-0.039,0.015,0.309,-0.119,OrganismalFitness,BRCA2_HUMAN,,Human
0.297,0.268,0.258,0.264,0.308,0.308,-0.011,0.333,0.267,0.272,0.024,0.32,0.37,-0.002,-0.007,-0.003,0.381,0.293,0.298,0.245,0.288,0.269,0.275,0.261,0.168,0.341,0.323,0.357,0.281,0.345,0.333,0.251,0.088,0.269,0.276,0.299,0.312,0.317,0.318,0.332,0.335,0.325,-0.009,-0.016,0.204,0.014,0.393,0.422,0.426,0.172,0.387,0.396,0.41,0.411,0.417,0.399,0.417,0.416,0.409,0.416,0.235,0.134,0.145,0.06,OrganismalFitness,C6KNH7_9INFA,Medium,Virus
0.135,0.201,0.197,0.204,0.186,0.192,0.124,0.135,0.197,0.221,0.232,0.19,0.234,0.115,0.153,0.153,0.166,0.166,0.168,0.188,0.131,0.184,0.215,0.21,0.188,0.243,0.239,0.25,0.276,0.206,0.166,0.098,0.062,0.173,0.226,0.27,0.175,0.197,0.226,0.204,0.215,0.204,0.164,0.115,0.256,0.212,0.06,0.124,0.137,0.067,0.124,0.144,0.151,0.155,0.153,0.14,0.142,0.133,0.137,0.151,0.252,0.192,0.192,0.157,OrganismalFitness,CALM1_HUMAN,High,Human
0.234,0.195,0.188,0.211,0.194,0.188,0.285,0.285,0.179,0.202,0.122,0.146,0.148,0.201,0.217,0.144,0.201,0.111,0.044,0.163,0.145,0.198,0.206,0.202,0.159,0.149,0.188,0.152,0.3,0.274,0.118,0.11,0.102,0.149,0.203,0.36,0.213,0.223,0.318,0.194,0.197,0.263,0.092,0.136,0.21,0.096,0.313,0.301,0.24,0.221,0.151,0.148,0.131,0.151,0.139,0.139,0.143,0.139,0.15,0.145,0.214,0.167,0.41,-0.001,OrganismalFitness,CAPSD_AAV2S,Low,Virus
0.178,0.142,0.136,0.127,0.12,0.118,0.082,-0.042,0.112,0.108,0.186,0.246,0.215,0.034,0.068,0.263,0.242,0.25,0.272,0.086,0.099,0.114,0.129,0.108,0.007,0.102,0.103,0.132,0.066,0.148,0.192,0.168,0.187,0.016,0.091,0.057,0.172,0.123,0.083,0.154,0.107,0.08,0.066,0.02,0.168,0.183,0.227,0.195,0.209,0.074,0.274,0.263,0.26,0.262,0.256,0.259,0.246,0.263,0.274,0.268,0.301,0.226,0.218,0.186,OrganismalFitness,CAR11_HUMAN,Low,Human
0.178,0.142,0.136,0.127,0.12,0.118,0.082,-0.042,0.112,0.108,0.186,0.246,0.215,0.034,0.068,0.263,0.242,0.25,0.272,0.086,0.099,0.114,0.129,0.108,0.007,0.102,0.103,0.132,0.066,0.148,0.192,0.168,0.187,0.016,0.091,0.057,0.172,0.123,0.083,0.154,0.107,0.08,0.066,0.02,0.168,0.183,0.227,0.195,0.209,0.074,0.274,0.263,0.26,0.262,0.256,0.259,0.246,0.263,0.274,0.268,0.301,0.226,0.218,0.186,OrganismalFitness,CAR11_HUMAN,Low,Human
0.107,0.141,0.123,0.126,0.135,0.139,0.014,0.079,0.131,0.14,0.123,0.046,0.039,0.027,0.056,0.101,0.133,0.137,0.134,0.01,0.027,0.048,0.116,0.091,0.026,0.144,0.138,0.133,0.048,0.128,0.145,0.129,0.016,0.022,0.033,0.12,0.132,0.134,0.132,0.129,0.131,0.139,0.039,0.011,0.129,0.074,0.074,0.129,0.015,0.02,0.123,0.123,0.121,0.125,0.126,0.13,0.127,0.128,0.121,0.128,0.119,0.077,0.153,0.053,Activity,CAS9_STRP1,Medium,Prokaryote
0.314,0.447,0.508,0.503,0.518,0.523,0.053,0.37,0.518,0.518,0.464,0.477,0.487,0.186,0.441,0.518,0.521,0.452,0.38,0.48,0.132,0.378,0.424,0.406,0.383,0.441,0.447,0.393,0.441,0.49,0.467,0.401,0.181,0.048,0.355,0.388,0.39,0.429,0.462,0.505,0.49,0.526,0.27,-0.029,0.48,0.424,0.316,0.429,0.395,0.188,0.459,0.457,0.459,0.462,0.482,0.47,0.467,0.447,0.457,0.487,0.531,0.372,0.475,0.232,Activity,CASP3_HUMAN,High,Human
0.335,0.461,0.509,0.521,0.502,0.502,0.051,0.392,0.487,0.533,0.487,0.502,0.53,0.225,0.516,0.518,0.535,0.499,0.478,0.504,0.18,0.459,0.461,0.464,0.475,0.497,0.511,0.485,0.48,0.549,0.511,0.459,0.299,0.101,0.487,0.425,0.442,0.506,0.509,0.497,0.549,0.533,0.371,0.023,0.549,0.514,0.397,0.523,0.521,0.249,0.514,0.502,0.471,0.492,0.518,0.521,0.495,0.495,0.514,0.511,0.556,0.433,0.528,0.268,Activity,CASP7_HUMAN,Medium,Human
0.47,0.473,0.567,0.563,0.58,0.578,0.607,0.487,0.449,0.422,0.498,0.538,0.563,0.481,0.594,0.586,0.557,0.508,0.573,0.088,0.506,0.515,0.51,0.508,0.54,0.519,0.498,0.46,0.477,0.576,0.536,0.544,0.357,0.527,0.502,0.529,0.569,0.542,0.561,0.58,0.563,0.576,0.395,0.38,0.294,0.424,0.393,0.386,0.576,0.439,0.565,0.544,0.578,0.557,0.584,0.563,0.557,0.536,0.555,0.559,0.512,0.565,0.565,0.466,Stability,CATR_CHLRE,High,Eukaryote
0.555,0.605,0.633,0.634,0.638,0.65,0.375,0.569,0.673,0.685,0.648,0.615,0.611,0.404,0.561,0.642,0.636,0.633,0.607,0.673,0.4,0.406,0.592,0.571,0.449,0.573,0.582,0.557,0.611,0.667,0.658,0.595,0.019,0.404,0.513,0.611,0.576,0.603,0.623,0.65,0.64,0.65,0.397,0.279,0.513,0.522,0.677,0.625,0.805,0.71,0.698,0.725,0.692,0.71,0.737,0.714,0.712,0.71,0.706,0.725,0.631,0.776,0.665,0.656,Stability,CBPA2_HUMAN,Medium,Human
0.297,0.306,0.314,0.339,0.319,0.331,0.162,0.205,0.33,0.341,0.304,0.305,0.329,0.07,0.177,0.281,0.299,0.285,0.283,0.309,0.315,0.238,0.261,0.262,0.319,0.254,0.262,0.248,0.273,0.322,0.316,0.299,0.179,0.332,0.268,0.233,0.329,0.289,0.286,0.349,0.317,0.315,0.243,0.062,0.326,0.324,0.21,0.236,0.277,0.058,0.277,0.277,0.283,0.297,0.292,0.289,0.281,0.284,0.29,0.293,0.336,0.238,0.324,0.136,OrganismalFitness,CBS_HUMAN,Medium,Human
0.389,0.45,0.493,0.505,0.463,0.507,-0.205,0.454,0.482,0.468,0.48,0.482,0.47,-0.21,0.545,0.514,0.503,0.428,0.442,0.5,0.312,0.41,0.377,0.394,0.372,0.361,0.366,0.31,0.394,0.489,0.507,0.502,0.349,0.277,0.305,0.31,0.415,0.41,0.396,0.496,0.517,0.503,0.465,-0.261,0.249,0.435,-0.002,0.067,0.452,0.421,0.528,0.458,0.535,0.526,0.545,0.515,0.519,0.552,0.519,0.526,0.493,0.615,0.521,-0.039,Stability,CBX4_HUMAN,High,Human
0.312,0.366,0.401,0.424,0.396,0.414,0.003,0.191,0.314,0.324,0.386,0.33,0.382,0.019,0.008,0.353,0.396,0.396,0.262,0.402,0.026,0.022,-0.062,0.124,-0.109,0.085,0.024,0.027,0.356,0.398,0.472,0.46,0.093,-0.001,0.055,0.292,0.384,0.358,0.391,0.398,0.38,0.405,0.031,-0.016,0.389,0.018,0.252,0.345,0.26,0.208,0.388,0.326,0.354,0.37,0.35,0.361,0.354,0.37,0.394,0.378,0.366,0.19,0.416,0.027,Activity,CCDB_ECOLI,High,Prokaryote
0.312,0.366,0.401,0.424,0.396,0.414,0.003,0.191,0.314,0.324,0.386,0.33,0.382,0.019,0.008,0.353,0.396,0.396,0.262,0.402,0.026,0.022,-0.062,0.124,-0.109,0.085,0.024,0.027,0.356,0.398,0.472,0.46,0.093,-0.001,0.055,0.292,0.384,0.358,0.391,0.398,0.38,0.405,0.031,-0.016,0.389,0.018,0.252,0.345,0.26,0.208,0.388,0.326,0.354,0.37,0.35,0.361,0.354,0.37,0.394,0.378,0.366,0.19,0.416,0.027,OrganismalFitness,CCDB_ECOLI,High,Prokaryote
0.208,0.215,0.206,0.203,0.203,0.21,0.221,0.227,0.239,0.263,0.268,0.258,0.268,0.228,0.255,0.263,0.256,0.241,0.258,0.268,0.271,0.257,0.232,0.23,0.271,0.255,0.255,0.273,0.233,0.259,0.216,0.182,0.086,0.272,0.268,0.264,0.261,0.27,0.28,0.234,0.233,0.227,0.267,0.121,0.268,0.264,0.19,0.23,0.203,0.112,0.246,0.234,0.246,0.25,0.245,0.24,0.252,0.254,0.256,0.256,0.271,0.26,0.247,0.208,Binding,CCR5_HUMAN,High,Human
0.144,0.152,0.146,0.146,0.163,0.153,0.062,0.081,0.126,0.131,0.09,0.11,0.123,0.102,0.13,0.109,0.099,0.126,0.099,-0.018,0.103,0.109,0.14,0.126,0.094,0.159,0.131,0.095,0.155,0.168,0.099,0.073,0.078,0.119,0.147,0.126,0.136,0.135,0.132,0.164,0.161,0.156,0.11,0.07,0.094,0.11,0.264,0.209,0.252,0.132,0.164,0.182,0.169,0.193,0.176,0.169,0.179,0.176,0.182,0.193,0.305,0.26,0.171,0.211,Binding,CD19_HUMAN,Low,Human
0.378,0.44,0.45,0.462,0.44,0.466,0.416,0.448,0.449,0.473,0.374,0.466,0.484,0.412,0.489,0.494,0.506,0.494,0.455,0.489,0.447,0.45,0.462,0.431,0.448,0.438,0.442,0.454,0.431,0.466,0.447,0.4,0.178,0.468,0.439,0.424,0.489,0.477,0.474,0.489,0.484,0.484,0.466,0.048,0.395,0.488,0.45,0.424,0.489,0.172,0.481,0.48,0.491,0.505,0.503,0.506,0.496,0.486,0.495,0.51,0.496,0.491,0.471,0.466,Expression,CP2C9_HUMAN,High,Human
0.378,0.44,0.45,0.462,0.44,0.466,0.416,0.448,0.449,0.473,0.374,0.466,0.484,0.412,0.489,0.494,0.506,0.494,0.455,0.489,0.447,0.45,0.462,0.431,0.448,0.438,0.442,0.454,0.431,0.466,0.447,0.4,0.178,0.468,0.439,0.424,0.489,0.477,0.474,0.489,0.484,0.484,0.466,0.048,0.395,0.488,0.45,0.424,0.489,0.172,0.481,0.48,0.491,0.505,0.503,0.506,0.496,0.486,0.495,0.51,0.496,0.491,0.471,0.466,Binding,CP2C9_HUMAN,High,Human
0.255,0.474,0.392,0.409,0.356,0.369,0.213,0.367,0.421,0.434,0.455,0.455,0.502,0.305,0.494,0.418,0.365,0.436,0.429,0.378,0.328,0.375,0.455,0.465,0.342,0.464,0.459,0.453,0.442,0.448,0.428,0.419,0.259,0.274,0.364,0.433,0.347,0.359,0.421,0.417,0.421,0.457,0.233,0.167,0.306,0.329,0.345,0.329,0.426,0.467,0.468,0.459,0.445,0.471,0.479,0.471,0.47,0.476,0.438,0.478,0.456,0.482,0.452,0.424,Stability,CSN4_MOUSE,Medium,Eukaryote
0.252,0.308,0.277,0.282,0.31,0.292,0.072,0.32,0.366,0.376,0.368,0.297,0.265,0.105,0.32,0.361,0.434,0.361,0.373,0.257,0.115,0.141,0.158,0.062,0.085,0.153,0.148,0.148,0.232,0.295,0.305,0.271,0.189,0.113,0.11,0.135,0.257,0.247,0.247,0.315,0.315,0.315,0.108,0.032,0.31,0.151,0.396,0.381,0.454,0.346,0.404,0.373,0.381,0.409,0.404,0.419,0.416,0.416,0.411,0.404,0.449,0.404,0.389,0.204,Stability,CUE1_YEAST,Medium,Eukaryote
0.426,0.5,0.5,0.465,0.506,0.503,0.049,0.378,0.538,0.543,0.353,0.048,0.042,0.045,0.032,0.022,0.032,0.046,0.109,0.356,0.032,0.033,0.082,0.06,-0.003,0.035,0.05,0.145,0.281,0.506,0.444,0.461,0.024,0.078,0.094,0.133,0.418,0.417,0.415,0.505,0.504,0.493,-0.002,0.01,0.001,0.02,0.209,0.228,0.389,0.292,0.386,0.386,0.384,0.392,0.381,0.392,0.383,0.376,0.377,0.385,0.235,0.147,0.559,0.146,Activity,D7PM05_CLYGR,Low,Eukaryote
0.611,0.49,0.509,0.487,0.498,0.51,0.652,0.557,0.444,0.448,0.435,0.459,0.497,0.671,0.688,0.646,0.473,0.386,0.368,0.536,0.436,0.478,0.465,0.437,0.487,0.482,0.453,0.451,0.38,0.508,0.545,0.542,0.394,0.437,0.549,0.481,0.533,0.623,0.576,0.532,0.555,0.529,0.502,0.162,0.314,0.443,0.548,0.35,0.561,0.251,0.412,0.3,0.458,0.415,0.434,0.405,0.436,0.415,0.424,0.421,0.417,0.662,0.657,0.598,OrganismalFitness,DLG4_HUMAN,Low,Human
0.407,0.404,0.398,0.423,0.435,0.447,0.338,0.359,0.383,0.401,0.371,0.453,0.462,0.334,0.438,0.447,0.432,0.398,0.347,0.35,0.298,0.31,0.31,0.292,0.304,0.383,0.341,0.301,0.334,0.371,0.426,0.417,0.207,0.286,0.304,0.252,0.389,0.392,0.371,0.438,0.444,0.441,0.404,0.049,0.328,0.407,0.334,0.258,0.371,0.119,0.341,0.31,0.347,0.331,0.353,0.338,0.307,0.347,0.359,0.362,0.404,0.42,0.468,0.386,Binding,DLG4_RAT,Low,Eukaryote
0.161,0.117,0.188,0.173,0.185,0.208,-0.093,0.268,0.252,0.248,-0.014,0.038,0.034,0.006,0.093,0.089,0.216,0.212,0.256,0.177,-0.069,-0.002,-0.01,0.034,0.03,0.058,-0.006,0.03,0.121,0.204,0.3,0.272,0.01,-0.022,-0.026,-0.014,0.157,0.157,0.161,0.2,0.181,0.173,0.034,-0.077,0.133,0.042,0.45,0.438,0.522,0.423,0.276,0.232,0.343,0.331,0.308,0.315,0.288,0.268,0.272,0.308,0.387,0.335,0.188,0.232,Stability,DN7A_SACS2,Medium,Prokaryote
0.724,0.742,0.684,0.693,0.724,0.726,0.633,0.689,0.716,0.735,0.723,0.716,0.749,0.765,0.777,0.779,0.758,0.71,0.763,0.703,0.597,0.648,0.68,0.652,0.684,0.661,0.689,0.588,0.707,0.712,0.67,0.648,0.581,0.7,0.673,0.74,0.76,0.76,0.784,0.728,0.737,0.754,0.532,0.069,0.309,0.551,0.502,0.401,0.714,0.726,0.721,0.742,0.751,0.739,0.758,0.747,0.777,0.731,0.762,0.754,0.712,0.733,0.737,0.648,Stability,DNJA1_HUMAN,High,Human
0.321,0.337,0.321,0.327,0.36,0.359,0.046,0.317,0.268,0.28,0.309,0.332,0.354,0.184,0.337,0.359,0.35,0.272,0.335,0.342,0.241,0.298,0.262,0.272,0.247,0.268,0.214,0.21,0.208,0.319,0.261,0.274,0.153,0.214,0.249,0.227,0.372,0.386,0.352,0.35,0.37,0.354,0.224,-0.155,0.321,0.265,0.231,0.234,0.286,0.297,0.287,0.258,0.265,0.273,0.268,0.279,0.283,0.276,0.278,0.265,0.365,0.357,0.334,0.106,Stability,DOCK1_MOUSE,High,Eukaryote
0.314,0.408,0.409,0.403,0.419,0.419,-0.024,0.324,0.399,0.414,0.412,0.373,0.389,0.052,0.347,0.392,0.412,0.428,0.426,0.408,0.272,0.347,0.258,0.308,0.357,0.402,0.404,0.403,0.368,0.408,0.406,0.396,0.162,0.355,0.297,0.312,0.383,0.372,0.382,0.418,0.422,0.416,0.34,-0.01,0.396,0.367,0.193,0.359,0.28,0.081,0.372,0.353,0.349,0.368,0.372,0.375,0.382,0.368,0.388,0.382,0.406,0.294,0.42,0.117,OrganismalFitness,DYR_ECOLI,High,Prokaryote
0.314,0.408,0.409,0.403,0.419,0.419,-0.024,0.324,0.399,0.414,0.412,0.373,0.389,0.052,0.347,0.392,0.412,0.428,0.426,0.408,0.272,0.347,0.258,0.308,0.357,0.402,0.404,0.403,0.368,0.408,0.406,0.396,0.162,0.355,0.297,0.312,0.383,0.372,0.382,0.418,0.422,0.416,0.34,-0.01,0.396,0.367,0.193,0.359,0.28,0.081,0.372,0.353,0.349,0.368,0.372,0.375,0.382,0.368,0.388,0.382,0.406,0.294,0.42,0.117,OrganismalFitness,DYR_ECOLI,High,Prokaryote
0.314,0.408,0.409,0.403,0.419,0.419,-0.024,0.324,0.399,0.414,0.412,0.373,0.389,0.052,0.347,0.392,0.412,0.428,0.426,0.408,0.272,0.347,0.258,0.308,0.357,0.402,0.404,0.403,0.368,0.408,0.406,0.396,0.162,0.355,0.297,0.312,0.383,0.372,0.382,0.418,0.422,0.416,0.34,-0.01,0.396,0.367,0.193,0.359,0.28,0.081,0.372,0.353,0.349,0.368,0.372,0.375,0.382,0.368,0.388,0.382,0.406,0.294,0.42,0.117,OrganismalFitness,DYR_ECOLI,Medium,Prokaryote
0.314,0.408,0.409,0.403,0.419,0.419,-0.024,0.324,0.399,0.414,0.412,0.373,0.389,0.052,0.347,0.392,0.412,0.428,0.426,0.408,0.272,0.347,0.258,0.308,0.357,0.402,0.404,0.403,0.368,0.408,0.406,0.396,0.162,0.355,0.297,0.312,0.383,0.372,0.382,0.418,0.422,0.416,0.34,-0.01,0.396,0.367,0.193,0.359,0.28,0.081,0.372,0.353,0.349,0.368,0.372,0.375,0.382,0.368,0.388,0.382,0.406,0.294,0.42,0.117,OrganismalFitness,DYR_ECOLI,Medium,Prokaryote
0.138,0.131,0.123,0.142,0.187,0.187,0.001,0.157,0.135,0.127,0.131,0.183,0.194,0.146,0.164,0.157,0.161,0.142,0.12,0.153,0.138,0.149,0.168,0.176,0.135,0.153,0.202,0.19,0.19,0.164,0.157,0.135,0.064,0.123,0.153,0.194,0.176,0.179,0.198,0.183,0.202,0.202,0.127,0.068,0.164,0.168,0.049,0.146,0.101,0.042,0.164,0.172,0.131,0.161,0.138,0.164,0.157,0.153,0.176,0.164,0.112,0.183,0.131,0.112,Activity,ENVZ_ECOLI,High,Prokaryote
0.298,0.321,0.286,0.298,0.357,0.321,0.004,0.263,0.286,0.286,0.31,0.38,0.357,0.039,0.075,0.051,-0.008,0.039,0.004,0.298,0.357,0.321,0.321,0.321,0.298,0.357,0.333,0.286,0.321,0.38,0.368,0.353,0.251,0.345,0.31,0.31,0.392,0.345,0.345,0.345,0.333,0.333,0.274,0.004,0.31,0.333,0.333,0.286,0.274,0.216,0.18,0.274,0.298,0.204,0.157,0.216,0.216,0.204,0.157,0.216,0.122,0.086,0.286,0.075,OrganismalFitness,ENV_HV1B9,Medium,Virus
0.251,0.241,0.235,0.237,0.251,0.256,-0.003,0.237,0.264,0.267,0.23,0.241,0.26,-0.006,-0.004,-0.001,0.027,0.043,0.107,0.251,0.271,0.269,0.275,0.279,0.256,0.272,0.268,0.263,0.271,0.277,0.248,0.223,0.158,0.26,0.27,0.27,0.277,0.279,0.274,0.274,0.277,0.27,0.163,-0.011,0.24,0.23,0.143,0.162,0.069,0.049,0.124,0.115,0.133,0.156,0.129,0.136,0.14,0.134,0.133,0.142,0.108,0.058,0.254,0.025,OrganismalFitness,ENV_HV1BR,Medium,Virus
0.612,0.608,0.631,0.637,0.682,0.686,-0.261,0.655,0.749,0.753,0.755,0.745,0.773,-0.3,0.725,0.788,0.804,0.735,0.708,0.688,0.476,0.547,0.659,0.616,0.606,0.643,0.637,0.684,0.686,0.798,0.737,0.725,0.604,0.573,0.541,0.631,0.651,0.661,0.694,0.682,0.68,0.667,0.569,-0.253,0.553,0.541,0.492,0.537,0.741,0.657,0.794,0.778,0.788,0.776,0.8,0.796,0.802,0.794,0.786,0.802,0.751,0.745,0.773,0.549,Stability,EPHB2_HUMAN,High,Human
0.351,0.301,0.191,0.203,0.203,0.24,0.338,0.338,0.326,0.351,0.363,0.338,0.4,0.351,0.351,0.388,0.326,0.351,0.289,0.043,0.351,0.326,0.375,0.351,0.363,0.351,0.449,0.437,0.388,0.375,0.314,0.05,0.4,0.363,0.338,0.351,0.4,0.4,0.338,0.363,0.363,0.351,0.388,0.363,0.412,0.4,0.314,0.363,-0.105,0.043,0.351,0.301,0.363,0.289,0.301,0.314,0.338,0.314,0.338,0.351,0.412,0.4,0.388,0.412,Expression,ERBB2_HUMAN,Low,Human
0.216,0.286,0.307,0.314,0.29,0.288,0.13,0.237,0.248,0.305,0.237,0.218,0.248,0.113,0.18,0.2,0.224,0.235,0.27,0.231,0.054,0.137,0.209,0.227,0.181,0.205,0.227,0.205,0.301,0.279,0.355,0.298,0.064,0.113,0.191,0.202,0.238,0.244,0.238,0.312,0.301,0.31,0.126,0.1,0.207,0.185,0.425,0.367,0.426,0.272,0.272,0.259,0.253,0.242,0.262,0.248,0.25,0.273,0.272,0.266,0.318,0.152,0.334,0.073,Stability,ESTA_BACSU,High,Prokaryote
0.25,0.308,0.314,0.331,0.328,0.326,0.186,0.242,0.257,0.258,0.274,0.22,0.231,0.164,0.25,0.271,0.248,0.242,0.267,0.266,0.152,0.164,0.102,0.126,0.24,0.122,0.151,0.189,0.216,0.288,0.32,0.336,0.094,0.178,0.173,0.336,0.243,0.241,0.357,0.329,0.339,0.338,0.14,0.072,0.172,0.126,0.138,0.258,0.236,0.171,0.279,0.296,0.29,0.323,0.361,0.306,0.28,0.31,0.322,0.31,0.339,0.14,0.282,0.122,OrganismalFitness,F7YBW8_MESOW,High,Prokaryote
0.25,0.308,0.314,0.331,0.328,0.326,0.186,0.242,0.257,0.258,0.274,0.22,0.231,0.164,0.25,0.271,0.248,0.242,0.267,0.266,0.152,0.164,0.102,0.126,0.24,0.122,0.151,0.189,0.216,0.288,0.32,0.336,0.094,0.178,0.173,0.336,0.243,0.241,0.357,0.329,0.339,0.338,0.14,0.072,0.172,0.126,0.138,0.258,0.236,0.171,0.279,0.296,0.29,0.323,0.361,0.306,0.28,0.31,0.322,0.31,0.339,0.14,0.282,0.122,OrganismalFitness,F7YBW8_MESOW,High,Prokaryote
0.351,0.359,0.357,0.366,0.374,0.364,0.037,0.245,0.292,0.353,0.396,0.198,0.326,0.039,0.34,0.451,0.425,0.376,0.29,0.353,0.12,0.226,0.264,0.247,0.101,0.391,0.41,0.209,0.315,0.381,0.366,0.345,0.268,0.06,0.086,0.09,0.302,0.304,0.222,0.326,0.349,0.306,0.29,-0.022,0.362,0.343,0.436,0.391,0.485,0.419,0.44,0.374,0.423,0.4,0.393,0.432,0.425,0.391,0.41,0.419,0.476,0.483,0.396,0.192,Stability,FECA_ECOLI,High,Prokaryote
0.3,0.271,0.374,0.378,0.378,0.387,0.135,0.248,0.18,0.177,0.196,0.164,0.164,0.171,0.148,0.154,0.151,0.216,0.277,0.216,0.209,0.203,0.196,0.167,0.141,0.158,0.18,0.177,0.184,0.374,0.235,0.263,-0.033,0.109,0.167,0.196,0.274,0.284,0.251,0.361,0.371,0.348,0.154,0.164,0.174,0.2,0.555,0.491,0.53,0.468,0.232,0.31,0.329,0.284,0.281,0.303,0.274,0.258,0.232,0.297,0.445,0.258,0.193,0.138,Stability,FKBP3_HUMAN,Medium,Human
0.193,0.295,0.31,0.375,0.342,0.346,0.231,-0.007,0.342,0.426,0.426,0.335,0.353,0.255,0.27,0.382,0.466,0.451,0.441,0.346,0.204,0.241,0.284,0.284,0.237,0.291,0.375,0.331,0.397,0.451,0.451,0.399,0.186,0.171,0.201,0.197,0.342,0.351,0.375,0.331,0.313,0.321,0.288,0.193,0.419,0.339,0.186,0.368,0.259,0.102,0.404,0.415,0.39,0.397,0.426,0.386,0.397,0.393,0.408,0.419,0.422,0.306,0.462,0.219,OrganismalFitness,GAL4_YEAST,Medium,Eukaryote
0.192,0.175,0.178,0.184,0.16,0.158,0.119,0.157,0.18,0.175,0.169,0.212,0.216,0.246,0.215,0.201,0.215,0.187,0.169,0.166,0.113,0.136,0.107,0.105,0.096,0.089,0.061,0.095,0.122,0.14,0.183,0.186,0.033,0.114,0.116,0.231,0.195,0.199,0.228,0.193,0.19,0.215,0.037,0.084,0.087,0.046,0.105,0.125,0.172,0.16,0.154,0.145,0.143,0.139,0.151,0.149,0.143,0.149,0.158,0.148,0.171,0.183,0.146,0.154,Binding,GCN4_YEAST,Low,Eukaryote
0.338,0.341,0.366,0.348,0.338,0.338,0.102,0.279,0.373,0.369,0.293,0.307,0.328,0.113,0.161,0.293,0.289,0.258,0.317,0.289,0.182,0.279,0.289,0.307,0.213,0.341,0.31,0.258,0.279,0.31,0.348,0.314,0.185,0.217,0.248,0.255,0.317,0.307,0.331,0.338,0.355,0.359,0.175,0.088,0.317,0.172,0.217,0.289,0.248,0.095,0.272,0.248,0.293,0.272,0.276,0.289,0.279,0.272,0.262,0.314,0.334,0.213,0.348,0.179,OrganismalFitness,GDIA_HUMAN,Low,Human
0.584,0.582,0.613,0.615,0.618,0.618,0.061,0.583,0.604,0.596,0.473,0.097,0.097,0.081,0.119,0.09,0.106,0.14,0.255,0.537,0.087,0.11,0.167,0.089,0.048,0.166,0.261,0.584,0.584,0.619,0.546,0.555,0.058,0.069,0.163,0.573,0.581,0.583,0.618,0.624,0.627,0.65,0.023,-0.006,0.036,0.036,0.456,0.445,0.67,0.535,0.529,0.537,0.546,0.554,0.546,0.545,0.542,0.543,0.525,0.541,0.562,0.402,0.663,0.362,Activity,GFP_AEQVI,Low,Eukaryote
0.114,-0.045,0.102,0.135,0.102,0.07,0.331,0.413,0.282,0.25,0.446,0.446,0.446,0.315,0.446,0.462,0.495,0.381,0.43,0.152,0.381,0.397,0.43,0.413,0.348,0.413,0.462,0.43,0.479,0.209,0.364,0.136,0.168,0.43,0.364,0.43,0.397,0.381,0.397,0.299,0.25,0.364,0.413,0.397,0.462,0.397,0.331,0.495,0.266,0.168,0.413,0.381,0.495,0.43,0.446,0.397,0.462,0.397,0.413,0.479,0.413,0.413,0.348,0.397,Expression,GLPA_HUMAN,Low,Human
0.314,0.392,0.384,0.411,0.404,0.406,0.403,0.338,0.405,0.365,0.39,0.337,0.378,0.43,0.464,0.474,0.496,0.396,0.429,0.407,0.419,0.396,0.4,0.344,0.419,0.397,0.341,0.409,0.342,0.376,0.308,0.308,0.361,0.418,0.385,0.31,0.39,0.381,0.331,0.421,0.421,0.397,0.451,0.235,0.399,0.435,0.54,0.401,0.548,0.396,0.484,0.518,0.507,0.505,0.511,0.494,0.496,0.512,0.491,0.514,0.421,0.468,0.466,0.422,OrganismalFitness,GRB2_HUMAN,Medium,Human
0.238,0.312,0.092,0.123,0.269,0.281,0.188,0.288,0.346,0.342,0.458,0.35,0.377,0.238,0.315,0.419,0.473,0.412,0.431,0.192,0.212,0.219,0.273,0.288,0.254,0.273,0.162,0.265,0.392,0.408,0.477,0.36,0.115,0.227,0.223,0.369,0.312,0.315,0.373,0.25,0.323,0.377,0.223,0.235,0.458,0.308,0.492,0.527,0.573,0.408,0.519,0.531,0.523,0.523,0.535,0.531,0.504,0.535,0.523,0.535,0.577,0.45,0.419,0.3,Stability,HCP_LAMBD,Medium,Virus
0.297,0.324,0.238,0.244,0.344,0.353,0.172,0.294,0.286,0.284,0.253,0.209,0.231,0.169,0.175,0.37,0.326,0.277,0.272,0.303,0.201,0.261,0.333,0.312,0.252,0.32,0.307,0.288,0.302,0.331,0.305,0.308,0.132,0.186,0.215,0.24,0.368,0.345,0.372,0.351,0.335,0.356,0.105,0.079,0.354,0.141,0.222,0.336,0.331,0.266,0.272,0.32,0.351,0.332,0.335,0.372,0.327,0.342,0.329,0.348,0.34,0.29,0.332,0.183,Stability,HECD1_HUMAN,Medium,Human
0.298,0.313,0.295,0.304,0.313,0.311,0.1,0.096,0.32,0.33,0.311,0.283,0.306,0.105,0.273,0.299,0.31,0.321,0.337,0.115,0.239,0.292,0.307,0.308,0.254,0.297,0.295,0.305,0.321,0.318,0.313,0.312,0.061,0.277,0.291,0.313,0.306,0.328,0.347,0.307,0.325,0.344,0.22,0.106,0.292,0.26,0.228,0.28,0.224,0.115,0.274,0.268,0.271,0.288,0.294,0.285,0.297,0.292,0.293,0.301,0.339,0.303,0.297,0.241,Activity,HEM3_HUMAN,Medium,Human
0.355,0.41,0.44,0.433,0.409,0.41,0.114,0.218,0.343,0.377,0.354,0.333,0.377,0.038,0.089,0.347,0.282,0.341,0.367,0.342,0.237,0.303,0.337,0.346,0.294,0.375,0.339,0.378,0.394,0.419,0.307,0.301,0.115,0.296,0.325,0.475,0.376,0.377,0.511,0.444,0.424,0.463,0.127,0.013,0.212,0.002,0.322,0.342,0.437,0.3,0.342,0.249,0.295,0.326,0.331,0.308,0.306,0.338,0.319,0.317,0.399,0.136,0.427,0.284,OrganismalFitness,HIS7_YEAST,Medium,Eukaryote
0.368,0.321,0.289,0.297,0.323,0.319,0.116,0.171,0.206,0.198,0.209,0.242,0.225,0.032,0.014,0.231,0.399,0.278,0.283,0.222,0.346,0.092,0.113,0.154,0.374,0.126,0.113,0.143,0.147,0.354,0.3,0.301,0.173,0.241,0.183,0.154,0.361,0.297,0.285,0.342,0.296,0.294,0.114,0.041,0.362,0.389,0.229,0.349,-0.175,0.074,0.378,0.376,0.367,0.378,0.379,0.373,0.37,0.382,0.374,0.382,0.42,0.327,0.343,0.341,OrganismalFitness,HMDH_HUMAN,Low,Human
0.315,0.337,0.345,0.352,0.334,0.332,0.189,0.301,0.356,0.358,0.323,0.355,0.374,0.065,0.148,0.205,0.262,0.303,0.306,0.249,0.322,0.331,0.328,0.348,0.321,0.337,0.357,0.343,0.361,0.349,0.374,0.351,0.183,0.314,0.328,0.325,0.338,0.348,0.346,0.343,0.35,0.348,0.153,-0.039,0.339,0.317,0.105,0.256,0.098,0.02,0.251,0.259,0.253,0.272,0.265,0.262,0.268,0.261,0.252,0.268,0.335,0.282,0.309,0.279,OrganismalFitness,HSP82_YEAST,Medium,Eukaryote
0.315,0.337,0.345,0.352,0.334,0.332,0.189,0.301,0.356,0.358,0.323,0.355,0.374,0.065,0.148,0.205,0.262,0.303,0.306,0.249,0.322,0.331,0.328,0.348,0.321,0.337,0.357,0.343,0.361,0.349,0.374,0.351,0.183,0.314,0.328,0.325,0.338,0.348,0.346,0.343,0.35,0.348,0.153,-0.039,0.339,0.317,0.105,0.256,0.098,0.02,0.251,0.259,0.253,0.272,0.265,0.262,0.268,0.261,0.252,0.268,0.335,0.282,0.309,0.279,OrganismalFitness,HSP82_YEAST,Medium,Eukaryote
0.315,0.337,0.345,0.352,0.334,0.332,0.189,0.301,0.356,0.358,0.323,0.355,0.374,0.065,0.148,0.205,0.262,0.303,0.306,0.249,0.322,0.331,0.328,0.348,0.321,0.337,0.357,0.343,0.361,0.349,0.374,0.351,0.183,0.314,0.328,0.325,0.338,0.348,0.346,0.343,0.35,0.348,0.153,-0.039,0.339,0.317,0.105,0.256,0.098,0.02,0.251,0.259,0.253,0.272,0.265,0.262,0.268,0.261,0.252,0.268,0.335,0.282,0.309,0.279,OrganismalFitness,HSP82_YEAST,Medium,Eukaryote
0.336,0.368,0.347,0.358,0.349,0.356,0.111,0.296,0.386,0.401,0.335,0.336,0.356,0.113,0.174,0.351,0.37,0.376,0.358,0.19,0.309,0.308,0.304,0.298,0.304,0.316,0.32,0.32,0.3,0.368,0.352,0.319,0.145,0.32,0.298,0.272,0.356,0.344,0.33,0.37,0.369,0.365,0.18,0.05,0.36,0.344,0.306,0.351,0.326,0.116,0.376,0.37,0.37,0.373,0.374,0.382,0.37,0.372,0.366,0.378,0.404,0.33,0.383,0.234,OrganismalFitness,HXK4_HUMAN,Medium,Human
0.336,0.368,0.347,0.358,0.349,0.356,0.111,0.296,0.386,0.401,0.335,0.336,0.356,0.113,0.174,0.351,0.37,0.376,0.358,0.19,0.309,0.308,0.304,0.298,0.304,0.316,0.32,0.32,0.3,0.368,0.352,0.319,0.145,0.32,0.298,0.272,0.356,0.344,0.33,0.37,0.369,0.365,0.18,0.05,0.36,0.344,0.306,0.351,0.326,0.116,0.376,0.37,0.37,0.373,0.374,0.382,0.37,0.372,0.366,0.378,0.404,0.33,0.383,0.234,Expression,HXK4_HUMAN,Medium,Human
0.287,0.24,0.213,0.208,0.274,0.277,-0.008,0.234,0.217,0.239,0.008,0.015,0.008,0.026,0.02,0.012,0.015,0.006,0.054,0.151,0.24,0.245,0.286,0.283,0.013,0.019,0.085,0.003,0.23,0.284,0.179,0.183,0.111,0.211,0.242,0.247,0.225,0.252,0.256,0.28,0.306,0.306,0.016,0.015,0.016,0.017,0.166,0.149,0.182,0.078,0.048,0.075,0.101,0.097,0.079,0.072,0.059,0.067,0.051,0.072,0.024,0.007,0.247,0.037,OrganismalFitness,I6TAH8_I68A0,Medium,Virus
0.262,0.37,0.443,0.456,0.418,0.437,0.086,0.277,0.195,0.163,0.405,0.43,0.44,0.08,0.306,0.414,0.446,0.446,0.424,0.418,0.242,0.328,0.223,0.297,0.341,0.354,0.344,0.306,0.354,0.313,0.386,0.335,0.214,0.354,0.373,0.398,0.367,0.363,0.36,0.418,0.421,0.437,0.252,0.093,0.449,0.373,0.23,0.398,0.348,0.172,0.408,0.408,0.408,0.43,0.389,0.408,0.389,0.411,0.414,0.421,0.456,0.379,0.446,0.373,OrganismalFitness,IF1_ECOLI,High,Prokaryote
0.295,0.387,0.425,0.418,0.415,0.422,0.176,0.271,0.38,0.404,0.313,0.331,0.352,0.264,0.366,0.422,0.26,0.246,0.18,0.432,0.127,0.187,0.274,0.302,0.317,0.222,0.324,0.243,0.267,0.411,0.352,0.316,0.025,0.173,0.232,0.313,0.302,0.345,0.359,0.39,0.387,0.415,0.299,0.176,0.306,0.38,0.415,0.366,0.432,0.331,0.267,0.229,0.288,0.25,0.278,0.331,0.292,0.25,0.341,0.324,0.292,0.362,0.404,0.32,Stability,ILF3_HUMAN,High,Human
0.065,0.108,0.139,0.147,0.151,0.176,0.25,0.124,0.281,0.266,0.378,0.326,0.326,0.271,0.291,0.336,0.324,0.371,0.326,0.131,0.219,0.145,0.106,0.166,0.221,0.242,0.221,0.211,0.242,0.275,0.334,0.315,0.17,0.192,0.174,0.184,0.155,0.139,0.137,0.194,0.157,0.17,0.199,0.178,0.252,0.24,0.427,0.353,0.419,0.4,0.32,0.324,0.345,0.332,0.33,0.345,0.316,0.324,0.332,0.334,0.437,0.359,0.227,0.289,Stability,ISDH_STAAW,High,Prokaryote
0.238,0.266,0.276,0.285,0.271,0.281,0.145,0.248,0.268,0.28,0.22,0.265,0.302,0.154,0.13,0.336,0.286,0.248,0.216,0.178,0.174,0.192,0.245,0.256,0.189,0.296,0.33,0.312,0.292,0.259,0.318,0.254,-0.04,0.146,0.23,0.327,0.238,0.252,0.334,0.283,0.291,0.347,0.163,0.142,0.295,0.158,0.158,0.256,0.158,0.046,0.28,0.283,0.276,0.274,0.282,0.266,0.291,0.276,0.292,0.292,0.356,0.16,0.298,0.195,Expression,KCNE1_HUMAN,Medium,Human
0.238,0.266,0.276,0.285,0.271,0.281,0.145,0.248,0.268,0.28,0.22,0.265,0.302,0.154,0.13,0.336,0.286,0.248,0.216,0.178,0.174,0.192,0.245,0.256,0.189,0.296,0.33,0.312,0.292,0.259,0.318,0.254,-0.04,0.146,0.23,0.327,0.238,0.252,0.334,0.283,0.291,0.347,0.163,0.142,0.295,0.158,0.158,0.256,0.158,0.046,0.28,0.283,0.276,0.274,0.282,0.266,0.291,0.276,0.292,0.292,0.356,0.16,0.298,0.195,Activity,KCNE1_HUMAN,Medium,Human
0.36,0.4,0.18,0.18,0.18,0.16,0.36,0.04,0.26,0.26,0.2,0.18,0.16,0.18,0.12,0.16,0.16,0.16,0.12,0.36,0.36,0.36,0.34,0.28,0.38,0.32,0.32,0.28,0.28,0.281,0.3,0.14,0.28,0.32,0.36,0.36,0.36,0.4,0.4,0.3,0.4,0.36,0.32,0.14,0.16,0.22,0.12,0.0,-0.12,0.06,0.4,0.3,0.4,0.34,0.3,0.34,0.38,0.34,0.4,0.36,0.18,0.36,0.34,0.32,Activity,KCNH2_HUMAN,Medium,Human
0.238,0.249,0.213,0.23,0.25,0.252,0.061,0.163,0.221,0.217,0.256,0.237,0.248,0.073,0.223,0.266,0.272,0.274,0.284,0.142,0.213,0.19,0.174,0.178,0.219,0.224,0.206,0.225,0.174,0.267,0.246,0.221,0.116,0.202,0.204,0.164,0.242,0.245,0.226,0.251,0.258,0.247,0.16,0.017,0.22,0.246,0.161,0.192,0.176,0.078,0.268,0.251,0.261,0.25,0.258,0.244,0.26,0.255,0.256,0.262,0.258,0.218,0.281,0.198,Activity,KCNJ2_MOUSE,Medium,Eukaryote
0.238,0.249,0.213,0.23,0.25,0.252,0.061,0.163,0.221,0.217,0.256,0.237,0.248,0.073,0.223,0.266,0.272,0.274,0.284,0.142,0.213,0.19,0.174,0.178,0.219,0.224,0.206,0.225,0.174,0.267,0.246,0.221,0.116,0.202,0.204,0.164,0.242,0.245,0.226,0.251,0.258,0.247,0.16,0.017,0.22,0.246,0.161,0.192,0.176,0.078,0.268,0.251,0.261,0.25,0.258,0.244,0.26,0.255,0.256,0.262,0.258,0.218,0.281,0.198,Expression,KCNJ2_MOUSE,Medium,Eukaryote
0.221,0.452,0.366,0.516,0.499,0.508,0.148,0.38,0.449,0.509,0.471,0.488,0.512,0.165,0.199,0.404,0.486,0.531,0.556,0.394,0.213,0.331,0.418,0.467,0.268,0.488,0.486,0.473,0.526,0.523,0.548,0.499,0.113,0.184,0.407,0.495,0.346,0.429,0.487,0.495,0.511,0.526,0.191,0.069,0.467,0.324,0.362,0.486,0.439,0.185,0.479,0.475,0.478,0.478,0.476,0.482,0.476,0.482,0.488,0.491,0.53,0.239,0.538,0.146,OrganismalFitness,KKA2_KLEPN,High,Prokaryote
0.233,0.292,0.34,0.345,0.332,0.344,0.089,0.352,0.348,0.414,0.336,0.394,0.424,0.125,0.241,0.3,0.391,0.433,0.42,0.381,0.228,0.316,0.366,0.378,0.292,0.39,0.402,0.367,0.409,0.39,0.406,0.338,0.114,0.253,0.312,0.422,0.28,0.31,0.389,0.339,0.357,0.393,0.128,0.047,0.368,0.278,0.29,0.371,0.358,0.106,0.387,0.366,0.383,0.374,0.375,0.395,0.393,0.392,0.395,0.397,0.301,0.251,0.342,0.22,Activity,LGK_LIPST,Medium,Eukaryote
0.26,0.26,0.148,0.159,0.215,0.226,0.26,0.137,0.304,0.327,0.315,0.26,0.293,0.193,0.237,0.193,0.226,0.26,0.349,0.193,0.237,0.26,0.304,0.282,0.215,0.304,0.271,0.182,0.182,0.289,0.204,0.144,0.137,0.282,0.315,0.215,0.282,0.304,0.282,0.204,0.249,0.204,0.215,0.215,0.237,0.249,0.103,0.148,0.115,0.025,0.182,0.249,0.26,0.226,0.193,0.204,0.237,0.271,0.193,0.249,0.293,0.226,0.26,0.282,Expression,LYAM1_HUMAN,Medium,Human
0.422,0.536,0.481,0.481,0.498,0.486,0.327,0.649,0.581,0.563,0.643,0.309,0.584,0.416,0.395,0.436,0.457,0.498,0.339,0.575,0.365,0.557,0.546,0.569,0.498,0.528,0.469,0.531,0.472,0.43,0.548,0.522,0.383,0.247,0.513,0.525,0.454,0.566,0.599,0.522,0.599,0.64,0.265,0.038,0.36,0.236,0.516,0.301,0.548,0.566,0.652,0.634,0.628,0.64,0.637,0.634,0.637,0.649,0.661,0.64,0.593,0.64,0.522,0.265,Stability,MAFG_MOUSE,Medium,Eukaryote
0.518,0.657,0.614,0.628,0.675,0.681,-0.026,0.471,0.612,0.675,0.658,0.333,0.461,-0.066,0.104,0.692,0.612,0.605,0.677,0.65,0.04,0.1,0.544,0.592,0.221,0.476,0.444,0.512,0.667,0.692,0.662,0.615,0.558,-0.242,0.104,0.093,0.488,0.578,0.565,0.63,0.667,0.658,0.03,-0.106,0.578,0.34,0.399,0.541,0.664,0.446,0.698,0.673,0.675,0.681,0.66,0.662,0.671,0.692,0.703,0.688,0.673,0.609,0.677,0.359,Stability,MBD11_ARATH,Medium,Eukaryote
0.453,0.528,0.52,0.524,0.554,0.558,0.489,0.49,0.517,0.527,0.55,0.503,0.517,0.414,0.471,0.494,0.555,0.579,0.572,0.563,0.497,0.482,0.435,0.461,0.496,0.503,0.499,0.452,0.423,0.507,0.528,0.494,0.26,0.463,0.467,0.489,0.479,0.499,0.527,0.524,0.531,0.543,0.503,0.303,0.535,0.544,0.328,0.388,0.476,0.173,0.509,0.521,0.513,0.522,0.526,0.533,0.521,0.534,0.531,0.532,0.544,0.49,0.504,0.415,Activity,MET_HUMAN,Medium,Human
0.152,0.19,0.209,0.212,0.193,0.197,0.173,0.149,0.195,0.171,0.069,0.156,0.171,0.132,0.173,0.171,0.166,0.178,0.155,0.172,0.206,0.131,0.099,0.048,0.161,0.104,0.081,0.087,-0.021,0.19,0.171,0.198,0.119,0.163,0.093,0.054,0.176,0.138,0.125,0.202,0.185,0.179,0.149,0.1,0.146,0.162,0.068,0.016,0.122,0.004,0.158,0.155,0.153,0.171,0.169,0.156,0.163,0.168,0.165,0.167,0.168,0.166,0.16,0.168,OrganismalFitness,MK01_HUMAN,Medium,Human
0.176,0.274,0.344,0.354,0.337,0.33,-0.022,0.271,0.346,0.359,0.302,0.343,0.354,-0.022,0.174,0.207,0.312,0.295,0.313,0.295,0.042,0.266,0.274,0.309,0.248,0.314,0.306,0.301,0.339,0.32,0.356,0.319,0.028,0.103,0.218,0.216,0.203,0.249,0.231,0.286,0.306,0.303,0.108,-0.05,0.244,0.174,0.027,0.154,0.112,-0.012,0.244,0.214,0.235,0.23,0.239,0.242,0.222,0.233,0.268,0.24,0.16,0.151,0.33,0.058,OrganismalFitness,MLAC_ECOLI,Medium,Prokaryote
0.308,0.343,0.326,0.335,0.335,0.338,0.177,0.276,0.342,0.348,0.308,0.328,0.34,0.184,0.287,0.338,0.324,0.268,0.181,0.335,0.245,0.302,0.283,0.277,0.28,0.315,0.33,0.306,0.289,0.34,0.327,0.309,0.176,0.235,0.29,0.277,0.299,0.326,0.326,0.337,0.343,0.34,0.222,0.095,0.332,0.283,0.258,0.317,0.044,0.089,0.279,0.262,0.272,0.279,0.297,0.275,0.277,0.275,0.298,0.288,0.343,0.306,0.332,0.269,OrganismalFitness,MSH2_HUMAN,Medium,Human
0.259,0.419,0.447,0.453,0.458,0.442,0.215,0.414,0.435,0.442,0.38,0.455,0.45,0.153,0.21,0.236,0.336,0.393,0.435,0.429,0.202,0.298,0.393,0.429,0.323,0.437,0.445,0.447,0.46,0.45,0.455,0.429,0.215,0.212,0.331,0.427,0.261,0.329,0.419,0.396,0.419,0.458,0.223,0.026,0.321,0.212,0.287,0.37,0.357,0.119,0.36,0.334,0.36,0.354,0.37,0.378,0.357,0.362,0.354,0.365,0.378,0.215,0.437,0.15,OrganismalFitness,MTH3_HAEAE,Medium,Prokaryote
0.169,0.177,0.167,0.173,0.175,0.17,0.113,0.111,0.2,0.204,0.258,0.2,0.213,0.108,0.261,0.335,0.255,0.191,0.203,0.178,0.311,0.105,0.141,0.182,0.297,0.156,0.18,0.17,0.221,0.203,0.149,0.139,0.087,0.309,0.219,0.133,0.233,0.203,0.158,0.219,0.193,0.171,0.174,0.07,0.251,0.262,0.159,0.237,0.27,0.066,0.232,0.207,0.211,0.225,0.223,0.234,0.249,0.245,0.254,0.238,0.223,0.245,0.188,0.152,OrganismalFitness,MTHR_HUMAN,Low,Human
0.156,0.169,0.255,0.261,0.262,0.298,0.104,0.207,0.33,0.321,0.394,0.376,0.39,0.136,0.323,0.442,0.44,0.393,0.206,0.244,0.249,0.18,0.244,0.213,0.244,0.176,0.251,0.19,0.222,0.189,0.225,0.13,0.114,0.309,0.216,0.221,0.287,0.26,0.246,0.302,0.298,0.283,0.1,-0.002,0.313,0.223,0.297,0.336,0.379,0.257,0.421,0.398,0.43,0.406,0.418,0.421,0.406,0.413,0.401,0.411,0.431,0.39,0.365,0.2,Stability,MYO3_YEAST,High,Eukaryote
0.29,0.24,0.248,0.25,0.283,0.282,0.012,0.241,0.275,0.252,0.029,0.026,0.025,0.037,0.034,0.026,0.04,0.034,0.089,0.215,0.266,0.264,0.293,0.288,0.03,0.058,0.098,0.055,0.256,0.294,0.199,0.211,0.105,0.259,0.272,0.295,0.281,0.301,0.321,0.325,0.324,0.339,0.035,0.019,0.029,0.035,0.196,0.196,0.198,0.081,0.102,0.128,0.133,0.149,0.135,0.129,0.116,0.134,0.107,0.13,0.096,0.066,0.317,0.083,OrganismalFitness,NCAP_I34A1,Medium,Virus
0.272,0.343,0.463,0.459,0.511,0.47,0.399,0.482,0.5,0.509,0.534,0.532,0.535,0.497,0.417,0.472,0.458,0.422,0.467,0.444,0.479,0.459,0.477,0.475,0.436,0.435,0.47,0.479,0.507,0.498,0.435,0.42,0.481,0.431,0.438,0.486,0.442,0.447,0.498,0.489,0.505,0.512,0.33,0.24,0.258,0.306,0.431,0.256,0.497,0.511,0.523,0.53,0.527,0.535,0.535,0.509,0.525,0.518,0.523,0.528,0.525,0.498,0.484,0.375,Stability,NKX31_HUMAN,High,Human
0.588,0.484,0.28,0.328,0.488,0.512,0.226,0.346,0.472,0.498,0.516,0.145,0.256,0.115,0.256,0.509,0.516,0.488,0.488,0.13,0.36,0.346,0.349,0.224,0.332,0.368,0.372,0.282,0.286,0.452,0.608,0.447,0.264,0.213,0.244,0.374,0.538,0.449,0.535,0.563,0.472,0.519,0.284,0.124,0.605,0.315,0.324,0.465,0.085,0.13,0.484,0.512,0.516,0.491,0.519,0.506,0.478,0.484,0.488,0.516,0.56,0.31,0.63,0.316,Activity,NPC1_HUMAN,Low,Human
0.588,0.484,0.28,0.328,0.488,0.512,0.226,0.346,0.472,0.498,0.516,0.145,0.256,0.115,0.256,0.509,0.516,0.488,0.488,0.13,0.36,0.346,0.349,0.224,0.332,0.368,0.372,0.282,0.286,0.452,0.608,0.447,0.264,0.213,0.244,0.374,0.538,0.449,0.535,0.563,0.472,0.519,0.284,0.124,0.605,0.315,0.324,0.465,0.085,0.13,0.484,0.512,0.516,0.491,0.519,0.506,0.478,0.484,0.488,0.516,0.56,0.31,0.63,0.316,Activity,NPC1_HUMAN,Low,Human
0.477,0.45,0.356,0.329,0.45,0.463,0.06,0.289,0.477,0.477,-0.02,0.114,0.369,-0.06,-0.034,0.06,0.154,0.396,0.45,0.302,0.342,0.477,0.396,0.409,0.06,0.409,0.45,0.329,0.423,0.53,0.289,0.342,0.007,0.356,0.383,0.396,0.436,0.503,0.544,0.503,0.544,0.477,-0.034,-0.034,-0.06,-0.074,0.356,0.289,0.369,0.154,0.248,0.195,0.181,0.221,0.154,0.235,0.221,0.208,0.154,0.168,0.221,0.128,0.53,-0.047,OrganismalFitness,NRAM_I33A0,Low,Virus
0.218,0.386,0.423,0.454,0.443,0.446,0.01,0.317,0.469,0.528,0.478,0.472,0.514,0.206,0.32,0.35,0.405,0.472,0.475,0.393,0.221,0.356,0.44,0.42,0.308,0.49,0.471,0.454,0.408,0.417,0.502,0.449,0.148,0.254,0.326,0.454,0.287,0.314,0.456,0.435,0.434,0.472,0.3,0.021,0.481,0.327,0.351,0.451,0.398,0.23,0.417,0.399,0.431,0.453,0.435,0.454,0.438,0.459,0.454,0.447,0.549,0.453,0.544,0.299,Expression,NUD15_HUMAN,High,Human
0.352,0.417,0.455,0.449,0.486,0.484,0.204,0.324,0.512,0.453,0.411,0.23,0.24,0.232,0.291,0.287,0.356,0.403,0.388,0.423,0.246,0.427,0.464,0.461,0.263,0.386,0.39,0.386,0.441,0.486,0.526,0.618,0.129,0.244,0.322,0.307,0.364,0.372,0.386,0.496,0.464,0.486,0.257,0.179,0.267,0.248,0.528,0.49,0.591,0.512,0.61,0.597,0.61,0.628,0.644,0.654,0.634,0.616,0.64,0.642,0.536,0.455,0.421,0.346,Stability,NUSA_ECOLI,High,Prokaryote
0.353,0.326,0.338,0.341,0.369,0.356,0.225,0.372,0.36,0.347,0.356,0.298,0.32,0.289,0.396,0.35,0.375,0.399,0.402,0.375,0.234,0.289,0.286,0.304,0.344,0.28,0.283,0.243,0.32,0.427,0.341,0.346,0.2,0.216,0.234,0.344,0.335,0.326,0.372,0.338,0.347,0.356,0.237,0.115,0.216,0.311,0.439,0.39,0.571,0.531,0.405,0.363,0.35,0.399,0.412,0.396,0.399,0.415,0.412,0.399,0.338,0.399,0.384,0.326,Stability,NUSG_MYCTU,High,Prokaryote
0.342,0.402,0.508,0.521,0.505,0.512,0.199,0.396,0.523,0.526,0.533,0.482,0.498,0.198,0.515,0.541,0.545,0.522,0.533,0.511,0.526,0.519,0.518,0.526,0.425,0.503,0.499,0.491,0.472,0.486,0.531,0.514,0.316,0.133,0.223,0.318,0.465,0.441,0.439,0.515,0.511,0.511,0.268,-0.044,0.261,0.319,0.406,0.349,0.508,0.513,0.571,0.562,0.565,0.562,0.569,0.568,0.559,0.555,0.575,0.566,0.535,0.493,0.526,0.256,Stability,OBSCN_HUMAN,High,Human
-0.298,-0.201,0.189,0.083,0.189,0.185,-0.171,0.03,0.083,0.083,0.002,-0.108,-0.097,-0.079,-0.139,0.026,0.097,0.034,0.083,0.129,0.108,0.051,0.041,0.069,0.044,0.069,0.079,0.09,0.108,0.189,-0.034,-0.063,0.146,-0.108,0.009,-0.005,0.097,0.097,0.101,0.161,0.168,0.189,0.15,-0.079,0.157,0.168,0.245,0.228,0.256,0.185,0.026,-0.005,0.012,0.041,-0.002,0.041,0.037,0.044,0.019,0.026,0.15,0.076,-0.034,-0.041,Stability,ODP2_GEOSE,High,Prokaryote
0.139,0.382,0.358,0.503,0.406,0.382,0.309,0.43,0.43,0.43,0.212,0.406,0.43,0.188,0.479,0.43,0.406,0.358,0.43,0.503,0.479,0.455,0.455,0.455,0.503,0.455,0.503,0.455,0.43,0.333,0.382,0.261,0.188,0.406,0.43,0.382,0.455,0.43,0.406,0.43,0.358,0.382,0.261,0.042,0.406,0.406,0.624,0.406,0.576,0.212,0.333,0.309,0.309,0.261,0.43,0.406,0.236,0.309,0.382,0.358,0.503,0.406,0.382,0.236,Expression,OPSD_HUMAN,High,Human
0.404,0.432,0.376,0.414,0.404,0.419,0.062,0.34,0.455,0.442,0.424,0.424,0.452,0.057,0.32,0.394,0.417,0.376,0.424,0.424,0.355,0.33,0.396,0.427,0.386,0.445,0.417,0.427,0.439,0.447,0.366,0.312,0.055,0.327,0.389,0.429,0.396,0.432,0.48,0.434,0.452,0.462,0.149,0.045,0.419,0.345,0.511,0.468,0.516,0.266,0.434,0.422,0.434,0.439,0.445,0.437,0.437,0.427,0.419,0.452,0.473,0.353,0.401,0.363,Activity,OTC_HUMAN,Medium,Human
0.089,0.218,0.177,0.184,0.204,0.211,0.157,0.13,0.15,0.137,0.354,0.51,0.496,0.198,0.462,0.482,0.347,0.313,0.333,0.15,0.123,0.191,0.259,0.259,0.32,0.313,0.367,0.34,0.137,0.232,0.381,0.381,0.062,0.137,0.211,0.306,0.218,0.211,0.286,0.232,0.177,0.225,0.266,0.13,0.449,0.442,0.435,0.476,0.489,0.394,0.394,0.286,0.32,0.36,0.374,0.388,0.313,0.374,0.442,0.374,0.51,0.469,0.442,0.32,Stability,OTU7A_HUMAN,High,Human
0.108,0.145,0.15,0.154,0.136,0.138,0.106,0.114,0.138,0.14,0.176,0.164,0.156,0.102,0.13,0.148,0.164,0.177,0.178,0.126,0.1,0.126,0.144,0.143,0.126,0.152,0.165,0.151,0.174,0.144,0.191,0.166,0.038,0.112,0.118,0.136,0.136,0.137,0.146,0.147,0.144,0.143,0.13,0.075,0.164,0.13,0.168,0.176,0.144,0.048,0.172,0.16,0.16,0.164,0.161,0.168,0.162,0.165,0.158,0.167,0.186,0.138,0.166,0.112,Activity,OXDA_RHOTO,High,Eukaryote
0.108,0.145,0.15,0.154,0.136,0.138,0.106,0.114,0.138,0.14,0.176,0.164,0.156,0.102,0.13,0.148,0.164,0.177,0.178,0.126,0.1,0.126,0.144,0.143,0.126,0.152,0.165,0.151,0.174,0.144,0.191,0.166,0.038,0.112,0.118,0.136,0.136,0.137,0.146,0.147,0.144,0.143,0.13,0.075,0.164,0.13,0.168,0.176,0.144,0.048,0.172,0.16,0.16,0.164,0.161,0.168,0.162,0.165,0.158,0.167,0.186,0.138,0.166,0.112,Expression,OXDA_RHOTO,High,Eukaryote
0.401,0.406,0.356,0.384,0.402,0.415,-0.023,0.298,0.335,0.344,0.418,0.409,0.447,-0.066,-0.055,0.331,0.418,0.44,0.462,0.186,0.268,0.378,0.412,0.398,0.35,0.416,0.416,0.424,0.34,0.406,0.432,0.406,0.132,0.246,0.4,0.333,0.399,0.414,0.401,0.415,0.431,0.413,-0.059,-0.078,0.443,0.02,0.341,0.425,0.349,0.164,0.423,0.427,0.427,0.426,0.429,0.44,0.426,0.422,0.434,0.438,0.461,0.182,0.454,0.136,OrganismalFitness,P53_HUMAN,Low,Human
0.401,0.406,0.356,0.384,0.402,0.415,-0.023,0.298,0.335,0.344,0.418,0.409,0.447,-0.066,-0.055,0.331,0.418,0.44,0.462,0.186,0.268,0.378,0.412,0.398,0.35,0.416,0.416,0.424,0.34,0.406,0.432,0.406,0.132,0.246,0.4,0.333,0.399,0.414,0.401,0.415,0.431,0.413,-0.059,-0.078,0.443,0.02,0.341,0.425,0.349,0.164,0.423,0.427,0.427,0.426,0.429,0.44,0.426,0.422,0.434,0.438,0.461,0.182,0.454,0.136,OrganismalFitness,P53_HUMAN,Low,Human
0.401,0.406,0.356,0.384,0.402,0.415,-0.023,0.298,0.335,0.344,0.418,0.409,0.447,-0.066,-0.055,0.331,0.418,0.44,0.462,0.186,0.268,0.378,0.412,0.398,0.35,0.416,0.416,0.424,0.34,0.406,0.432,0.406,0.132,0.246,0.4,0.333,0.399,0.414,0.401,0.415,0.431,0.413,-0.059,-0.078,0.443,0.02,0.341,0.425,0.349,0.164,0.423,0.427,0.427,0.426,0.429,0.44,0.426,0.422,0.434,0.438,0.461,0.182,0.454,0.136,OrganismalFitness,P53_HUMAN,Low,Human
0.401,0.406,0.356,0.384,0.402,0.415,-0.023,0.298,0.335,0.344,0.418,0.409,0.447,-0.066,-0.055,0.331,0.418,0.44,0.462,0.186,0.268,0.378,0.412,0.398,0.35,0.416,0.416,0.424,0.34,0.406,0.432,0.406,0.132,0.246,0.4,0.333,0.399,0.414,0.401,0.415,0.431,0.413,-0.059,-0.078,0.443,0.02,0.341,0.425,0.349,0.164,0.423,0.427,0.427,0.426,0.429,0.44,0.426,0.422,0.434,0.438,0.461,0.182,0.454,0.136,OrganismalFitness,P53_HUMAN,Low,Human
0.484,0.516,0.534,0.534,0.489,0.521,0.272,0.407,0.539,0.545,0.481,0.489,0.531,0.193,0.484,0.492,0.524,0.486,0.463,0.524,0.383,0.436,0.434,0.486,0.481,0.518,0.51,0.518,0.563,0.486,0.471,0.401,0.322,0.423,0.436,0.471,0.492,0.494,0.516,0.518,0.524,0.537,0.404,-0.032,0.46,0.402,0.256,0.336,0.396,0.081,0.46,0.436,0.373,0.479,0.473,0.42,0.449,0.457,0.473,0.476,0.524,0.526,0.521,0.404,OrganismalFitness,P84126_THETH,Medium,Prokaryote
0.521,0.474,0.41,0.418,0.495,0.493,0.35,0.429,0.491,0.512,0.545,0.514,0.534,0.357,0.429,0.515,0.597,0.549,0.563,0.408,0.508,0.528,0.531,0.555,0.506,0.558,0.57,0.538,0.525,0.522,0.568,0.503,0.191,0.511,0.504,0.503,0.556,0.556,0.551,0.531,0.53,0.529,0.465,-0.048,0.518,0.517,0.274,0.461,0.393,0.144,0.542,0.532,0.545,0.57,0.558,0.563,0.565,0.561,0.594,0.581,0.574,0.502,0.547,0.42,OrganismalFitness,PABP_YEAST,Medium,Eukaryote
0.301,0.28,0.263,0.275,0.283,0.298,0.046,0.238,0.316,0.325,0.335,0.312,0.312,0.061,0.298,0.322,0.344,0.24,0.205,0.316,0.103,0.277,0.256,0.24,0.277,0.293,0.289,0.271,0.218,0.311,0.3,0.268,0.125,0.121,0.264,0.274,0.284,0.295,0.299,0.301,0.31,0.306,0.252,0.053,0.322,0.306,0.297,0.343,0.305,0.108,0.334,0.344,0.337,0.348,0.339,0.348,0.342,0.347,0.341,0.353,0.36,0.302,0.337,0.239,Activity,PAI1_HUMAN,,Human
0.36,0.376,0.36,0.365,0.396,0.409,0.048,0.301,0.145,0.101,0.026,0.04,0.088,-0.002,0.024,0.026,0.024,0.018,0.275,0.248,0.336,0.382,0.4,0.407,0.171,0.297,0.332,0.336,0.327,0.516,0.284,0.264,0.086,0.308,0.347,0.396,0.433,0.44,0.435,0.462,0.455,0.433,0.024,0.031,0.037,0.013,0.18,0.178,0.149,0.046,0.132,0.141,0.147,0.149,0.134,0.152,0.134,0.132,0.101,0.143,0.167,0.121,0.448,0.092,OrganismalFitness,PA_I34A1,Medium,Virus
0.149,0.3,0.541,0.52,0.215,0.256,0.477,0.395,0.526,0.536,0.474,0.57,0.6,0.58,0.648,0.529,0.563,0.528,0.574,0.472,0.499,0.526,0.433,0.51,0.326,0.434,0.417,0.483,0.426,0.415,0.414,0.346,0.21,0.398,0.325,0.419,0.413,0.369,0.422,0.282,0.302,0.287,0.469,0.278,0.452,0.463,0.142,0.364,0.493,0.284,0.439,0.388,0.395,0.393,0.398,0.411,0.408,0.413,0.421,0.41,0.551,0.588,0.515,0.118,Activity,PHOT_CHLRE,High,Eukaryote
0.2,0.234,0.549,0.499,0.489,0.544,0.489,0.384,0.514,0.579,0.524,0.449,0.569,0.529,0.494,0.524,0.549,0.394,0.464,0.499,0.354,0.524,0.509,0.439,0.424,0.519,0.574,0.544,0.509,0.594,0.594,0.549,0.434,0.399,0.494,0.529,0.434,0.499,0.564,0.549,0.564,0.564,0.474,-0.17,0.529,0.414,0.399,0.444,0.594,0.569,0.534,0.494,0.414,0.389,0.389,0.444,0.424,0.504,0.454,0.444,0.603,0.653,0.589,0.204,Stability,PIN1_HUMAN,High,Human
0.461,0.364,0.333,0.342,0.336,0.351,0.349,0.36,0.412,0.41,0.36,0.366,0.384,0.415,0.524,0.577,0.474,0.447,0.373,0.375,0.371,0.338,0.369,0.344,0.423,0.364,0.344,0.331,0.353,0.349,0.349,0.35,0.338,0.415,0.358,0.373,0.472,0.423,0.404,0.406,0.358,0.36,0.349,0.303,0.178,0.235,0.294,0.2,0.537,0.498,0.377,0.388,0.393,0.406,0.399,0.419,0.395,0.384,0.393,0.39,0.39,0.443,0.412,0.461,Stability,PITX2_HUMAN,High,Human
0.177,0.184,0.232,0.246,0.288,0.285,0.177,0.246,0.201,0.229,0.226,0.281,0.299,0.327,0.334,0.435,0.26,0.226,0.229,0.292,0.292,0.278,0.222,0.281,0.281,0.299,0.299,0.278,0.281,0.295,0.32,0.32,0.062,0.309,0.271,0.306,0.246,0.292,0.323,0.306,0.288,0.306,0.274,0.267,0.274,0.288,0.431,0.337,0.428,0.376,0.232,0.264,0.292,0.243,0.257,0.271,0.236,0.257,0.281,0.257,0.292,0.424,0.267,0.177,Stability,PKN1_HUMAN,High,Human
0.301,0.281,0.26,0.299,0.34,0.348,-0.03,0.255,0.376,0.374,0.228,-0.036,0.001,-0.047,-0.03,0.124,0.317,0.324,0.346,0.259,0.25,0.283,0.272,0.264,0.074,0.287,0.277,0.261,0.273,0.365,0.295,0.229,-0.005,0.036,0.187,0.248,0.263,0.276,0.311,0.288,0.307,0.347,-0.035,-0.039,0.268,-0.03,0.147,0.268,0.077,0.04,0.259,0.286,0.289,0.291,0.286,0.288,0.286,0.285,0.294,0.29,0.068,0.051,0.342,0.022,OrganismalFitness,POLG_CXB3N,Medium,Virus
0.357,0.454,0.184,0.185,0.413,0.418,-0.014,0.33,0.535,0.542,0.241,0.011,0.02,-0.009,0.025,0.059,0.122,0.206,0.274,0.312,0.334,0.351,0.344,0.344,0.327,0.367,0.371,0.363,0.352,0.484,0.468,0.408,0.029,-0.025,0.087,0.352,0.331,0.337,0.422,0.364,0.315,0.43,-0.028,-0.025,0.319,0.017,0.282,0.42,0.099,0.084,0.195,0.189,0.198,0.216,0.184,0.217,0.197,0.199,0.19,0.206,0.115,0.023,0.538,0.022,OrganismalFitness,POLG_DEN26,Low,Virus
0.448,0.432,0.336,0.346,0.46,0.472,-0.041,0.152,0.405,0.423,0.131,0.507,0.475,0.074,0.101,0.082,0.082,0.062,0.062,0.158,0.309,0.358,0.336,0.376,0.302,0.376,0.213,0.314,0.405,0.465,0.467,0.399,0.151,0.361,0.395,0.386,0.4,0.428,0.415,0.353,0.403,0.423,0.079,0.047,0.378,0.084,-0.035,0.26,0.578,0.311,0.245,0.292,0.282,0.297,0.299,0.227,0.269,0.299,0.267,0.309,0.119,0.143,0.635,0.195,OrganismalFitness,POLG_HCVJF,Medium,Virus
0.194,0.352,0.217,0.263,0.295,0.297,0.053,0.269,0.222,0.256,0.267,0.041,0.089,0.048,0.066,0.032,0.089,0.064,0.048,0.39,0.079,0.06,0.023,0.116,0.076,-0.032,-0.003,-0.042,0.105,0.309,0.37,0.377,0.125,0.023,0.018,0.009,0.242,0.249,0.249,0.302,0.306,0.305,-0.025,-0.054,-0.012,-0.035,0.37,0.297,0.486,0.434,0.456,0.462,0.437,0.518,0.525,0.529,0.462,0.53,0.53,0.511,0.545,0.466,0.389,0.383,Stability,POLG_PESV,Medium,Virus
0.299,0.373,0.407,0.41,0.396,0.397,0.132,0.263,0.363,0.383,0.397,0.405,0.409,0.04,0.12,0.347,0.414,0.469,0.461,0.434,0.406,0.389,0.214,0.256,0.39,0.407,0.399,0.414,0.283,0.45,0.424,0.411,0.278,0.43,0.38,0.342,0.431,0.414,0.397,0.445,0.429,0.423,0.195,0.042,0.359,0.32,0.368,0.355,0.402,0.2,0.404,0.412,0.419,0.408,0.408,0.417,0.416,0.414,0.42,0.42,0.424,0.352,0.398,0.309,Activity,PPARG_HUMAN,Medium,Human
0.438,0.462,0.454,0.465,0.508,0.512,0.005,0.298,0.34,0.4,0.462,0.487,0.495,0.184,0.258,0.327,0.494,0.511,0.509,0.286,0.327,0.434,0.412,0.323,0.421,0.448,0.448,0.439,0.307,0.492,0.488,0.461,0.216,0.312,0.427,0.414,0.478,0.493,0.504,0.528,0.509,0.512,0.229,-0.034,0.465,0.397,0.389,0.464,0.437,0.197,0.467,0.463,0.46,0.469,0.483,0.46,0.477,0.476,0.479,0.482,0.52,0.392,0.507,0.224,OrganismalFitness,PPM1D_HUMAN,Low,Human
0.58,0.629,0.69,0.672,0.724,0.724,0.413,0.413,0.743,0.755,0.696,0.58,0.623,0.444,0.428,0.747,0.769,0.735,0.712,0.659,0.497,0.6,0.613,0.611,0.539,0.604,0.672,0.619,0.653,0.763,0.789,0.794,0.56,0.539,0.436,0.486,0.67,0.676,0.667,0.69,0.716,0.698,0.367,0.181,0.19,0.358,0.472,0.226,0.633,0.649,0.789,0.765,0.775,0.781,0.787,0.79,0.79,0.789,0.806,0.802,0.731,0.712,0.71,0.322,Stability,PR40A_HUMAN,Medium,Human
0.505,0.501,0.505,0.49,0.509,0.512,0.104,0.367,0.425,0.443,0.458,0.507,0.527,0.137,0.183,0.25,0.389,0.544,0.553,0.357,0.207,0.44,0.478,0.458,0.359,0.502,0.493,0.477,0.424,0.523,0.482,0.462,0.217,0.17,0.43,0.45,0.49,0.522,0.52,0.517,0.526,0.527,0.206,0.048,0.472,0.246,0.511,0.482,0.552,0.224,0.416,0.427,0.436,0.452,0.44,0.459,0.453,0.447,0.449,0.459,0.556,0.371,0.524,0.243,Expression,PRKN_HUMAN,Low,Human
0.518,0.542,0.508,0.511,0.526,0.521,0.335,0.407,0.428,0.436,0.602,0.532,0.529,0.428,0.516,0.609,0.627,0.563,0.49,0.397,0.311,0.241,0.433,0.418,0.407,0.41,-0.129,0.449,0.459,0.471,0.49,0.459,0.161,0.332,0.394,0.399,0.511,0.498,0.459,0.558,0.568,0.495,0.423,0.286,0.586,0.441,0.532,0.576,0.638,0.539,0.617,0.583,0.602,0.599,0.591,0.625,0.591,0.599,0.612,0.607,0.622,0.625,0.508,0.563,Stability,PSAE_PICP2,Medium,Prokaryote
0.349,0.362,0.355,0.35,0.366,0.369,0.108,0.282,0.372,0.395,0.365,0.352,0.383,0.13,0.25,0.399,0.394,0.217,0.218,0.382,0.192,0.348,0.292,0.277,0.28,0.249,0.243,0.277,0.218,0.38,0.355,0.357,0.086,0.248,0.337,0.264,0.341,0.374,0.341,0.37,0.392,0.385,0.23,0.001,0.379,0.317,0.352,0.343,0.386,0.155,0.378,0.37,0.381,0.383,0.381,0.388,0.385,0.386,0.385,0.395,0.415,0.377,0.409,0.242,Expression,PTEN_HUMAN,Medium,Human
0.349,0.362,0.355,0.35,0.366,0.369,0.108,0.282,0.372,0.395,0.365,0.352,0.383,0.13,0.25,0.399,0.394,0.217,0.218,0.382,0.192,0.348,0.292,0.277,0.28,0.249,0.243,0.277,0.218,0.38,0.355,0.357,0.086,0.248,0.337,0.264,0.341,0.374,0.341,0.37,0.392,0.385,0.23,0.001,0.379,0.317,0.352,0.343,0.386,0.155,0.378,0.37,0.381,0.383,0.381,0.388,0.385,0.386,0.385,0.395,0.415,0.377,0.409,0.242,Activity,PTEN_HUMAN,Medium,Human
0.361,0.321,0.279,0.304,0.378,0.376,0.024,0.327,0.396,0.401,0.35,0.391,0.414,0.034,0.03,0.024,0.054,0.078,0.104,0.303,0.394,0.301,0.289,0.244,0.392,0.287,0.284,0.327,0.26,0.379,0.378,0.369,0.222,0.371,0.318,0.295,0.39,0.384,0.379,0.397,0.394,0.387,0.34,0.02,0.385,0.345,0.292,0.348,0.199,0.106,0.166,0.207,0.23,0.226,0.188,0.193,0.194,0.185,0.167,0.218,0.151,0.079,0.377,0.051,OrganismalFitness,Q2N0S5_9HIV1,Medium,Virus
0.326,0.295,0.322,0.324,0.33,0.328,0.024,0.234,0.301,0.312,0.226,0.268,0.288,0.11,0.102,0.311,0.32,0.292,0.338,0.318,0.254,0.279,0.276,0.242,0.279,0.297,0.284,0.316,0.296,0.322,0.338,0.31,0.08,0.244,0.267,0.224,0.316,0.325,0.32,0.346,0.356,0.341,0.278,0.105,0.298,0.282,0.288,0.325,0.3,0.14,0.316,0.316,0.332,0.334,0.33,0.318,0.311,0.324,0.33,0.328,0.294,0.397,0.334,0.272,Binding,Q53Z42_HUMAN,Medium,Human
0.326,0.295,0.322,0.324,0.33,0.328,0.024,0.234,0.301,0.312,0.226,0.268,0.288,0.11,0.102,0.311,0.32,0.292,0.338,0.318,0.254,0.279,0.276,0.242,0.279,0.297,0.284,0.316,0.296,0.322,0.338,0.31,0.08,0.244,0.267,0.224,0.316,0.325,0.32,0.346,0.356,0.341,0.278,0.105,0.298,0.282,0.288,0.325,0.3,0.14,0.316,0.316,0.332,0.334,0.33,0.318,0.311,0.324,0.33,0.328,0.294,0.397,0.334,0.272,Expression,Q53Z42_HUMAN,Medium,Human
0.418,0.49,0.508,0.518,0.516,0.523,0.235,0.408,0.546,0.55,0.471,0.415,0.415,0.085,0.325,0.38,0.431,0.462,0.453,0.507,0.459,0.505,0.519,0.523,0.481,0.525,0.528,0.537,0.561,0.528,0.514,0.452,0.265,0.477,0.514,0.501,0.484,0.518,0.528,0.526,0.536,0.537,0.372,-0.004,0.456,0.398,0.317,0.411,0.407,0.093,0.456,0.422,0.409,0.429,0.435,0.426,0.433,0.419,0.438,0.433,0.488,0.415,0.467,0.341,Activity,Q59976_STRSQ,Medium,Prokaryote
0.175,0.194,0.137,0.14,0.18,0.18,-0.009,0.096,0.2,0.196,0.14,0.027,0.018,0.008,0.024,0.006,0.007,0.013,-0.011,0.161,0.026,0.024,0.002,0.071,0.021,0.0,0.02,0.0,-0.001,0.233,0.167,0.171,0.026,0.015,0.025,0.02,0.13,0.132,0.137,0.173,0.173,0.172,0.006,0.005,-0.002,0.012,0.138,0.15,0.215,0.129,0.153,0.164,0.151,0.175,0.168,0.164,0.16,0.167,0.163,0.164,0.068,0.047,0.236,0.056,Activity,Q6WV12_9MAXI,Low,Eukaryote
0.257,0.303,0.28,0.252,0.28,0.326,0.315,0.24,0.269,0.297,0.355,0.32,0.338,0.274,0.309,0.309,0.286,0.355,0.315,-0.024,0.355,0.303,0.32,0.361,0.349,0.332,0.366,0.252,0.372,0.303,0.343,0.333,0.079,0.286,0.378,0.338,0.274,0.378,0.384,0.332,0.32,0.32,0.257,0.229,0.372,0.297,0.229,0.326,0.246,0.068,0.315,0.274,0.309,0.326,0.303,0.338,0.338,0.309,0.326,0.338,0.349,0.332,0.234,0.257,Activity,Q837P4_ENTFA,Medium,Prokaryote
0.082,0.264,0.291,0.291,0.232,0.232,0.055,0.125,0.173,0.2,0.168,0.2,0.2,0.076,0.125,0.2,0.216,0.291,0.259,0.205,0.248,0.27,0.275,0.253,0.216,0.253,0.264,0.345,0.302,0.2,0.248,0.227,0.06,0.248,0.302,0.334,0.184,0.248,0.312,0.259,0.27,0.28,0.146,0.135,0.227,0.119,0.253,0.221,0.275,0.098,0.189,0.205,0.237,0.216,0.237,0.237,0.189,0.232,0.243,0.232,0.211,0.189,0.152,0.076,Activity,Q837P5_ENTFA,Medium,Prokaryote
0.162,0.21,0.127,0.125,0.189,0.185,-0.004,0.187,0.169,0.173,0.111,-0.038,-0.048,-0.042,-0.059,-0.054,-0.048,-0.049,-0.023,0.129,-0.036,-0.005,0.022,-0.019,-0.024,-0.039,-0.02,0.138,0.144,0.203,0.187,0.194,-0.029,-0.064,-0.015,0.18,0.123,0.13,0.18,0.173,0.182,0.202,-0.035,-0.035,-0.053,-0.054,0.007,0.054,0.161,0.087,0.126,0.119,0.126,0.133,0.12,0.129,0.13,0.12,0.116,0.127,0.038,-0.07,0.196,-0.008,Activity,Q8WTC7_9CNID,Low,Eukaryote
0.477,0.427,0.185,0.221,0.517,0.514,-0.011,0.227,0.013,0.013,0.094,0.01,0.002,0.038,0.015,0.067,0.096,0.395,0.456,0.228,0.186,0.239,0.258,0.233,0.211,0.225,0.173,0.177,0.215,0.46,0.414,0.331,-0.026,0.152,0.19,0.174,0.308,0.339,0.33,0.463,0.484,0.48,0.006,-0.005,0.063,-0.003,0.337,0.31,0.367,0.162,0.197,0.156,0.216,0.216,0.201,0.201,0.204,0.2,0.173,0.205,0.17,0.097,0.559,0.033,OrganismalFitness,R1AB_SARS2,Medium,Virus
0.204,0.112,0.226,0.213,0.23,0.226,0.362,0.283,0.542,0.485,0.415,0.38,0.397,0.327,0.52,0.56,0.353,0.353,0.432,0.279,0.432,0.476,0.441,0.362,0.459,0.305,0.472,0.345,0.318,0.424,0.279,0.191,0.248,0.388,0.525,0.345,0.331,0.459,0.371,0.349,0.388,0.309,0.472,0.195,0.2,0.323,0.38,0.261,0.586,0.38,0.38,0.406,0.415,0.415,0.419,0.41,0.384,0.432,0.393,0.428,0.283,0.463,0.274,0.279,Stability,RAD_ANTMA,High,Eukaryote
0.394,0.367,0.367,0.367,0.354,0.367,0.044,0.286,0.354,0.367,0.394,0.354,0.421,0.017,0.192,0.354,0.394,0.381,0.34,0.246,0.205,0.313,0.34,0.3,0.286,0.313,0.286,0.259,0.259,0.34,0.394,0.3,0.111,0.246,0.232,0.286,0.34,0.3,0.313,0.354,0.367,0.394,0.165,0.071,0.421,0.327,0.232,0.354,0.192,0.286,0.34,0.354,0.3,0.34,0.3,0.407,0.34,0.354,0.367,0.327,0.354,0.111,0.313,0.219,OrganismalFitness,RAF1_HUMAN,Low,Human
0.397,0.442,0.439,0.467,0.454,0.465,0.288,0.376,0.464,0.479,0.368,0.41,0.442,0.417,0.464,0.443,0.489,0.453,0.317,0.497,0.451,0.403,0.403,0.388,0.414,0.4,0.407,0.347,0.277,0.422,0.399,0.378,0.199,0.375,0.407,0.338,0.449,0.45,0.425,0.455,0.461,0.475,0.48,0.186,0.278,0.454,0.289,0.177,0.414,0.198,0.419,0.415,0.43,0.429,0.422,0.422,0.436,0.421,0.432,0.449,0.349,0.444,0.485,0.375,Activity,RASH_HUMAN,High,Human
0.311,0.294,0.366,0.361,0.347,0.354,0.213,0.247,0.33,0.348,0.344,0.29,0.321,0.326,0.369,0.368,0.344,0.288,0.246,0.386,0.316,0.338,0.359,0.333,0.304,0.346,0.358,0.275,0.317,0.376,0.278,0.235,0.198,0.264,0.333,0.349,0.31,0.364,0.377,0.35,0.368,0.372,0.305,0.215,0.191,0.328,0.207,0.226,0.362,0.221,0.297,0.288,0.313,0.309,0.334,0.322,0.308,0.31,0.271,0.316,0.36,0.354,0.38,0.316,Expression,RASK_HUMAN,High,Human
0.311,0.294,0.366,0.361,0.347,0.354,0.213,0.247,0.33,0.348,0.344,0.29,0.321,0.326,0.369,0.368,0.344,0.288,0.246,0.386,0.316,0.338,0.359,0.333,0.304,0.346,0.358,0.275,0.317,0.376,0.278,0.235,0.198,0.264,0.333,0.349,0.31,0.364,0.377,0.35,0.368,0.372,0.305,0.215,0.191,0.328,0.207,0.226,0.362,0.221,0.297,0.288,0.313,0.309,0.334,0.322,0.308,0.31,0.271,0.316,0.36,0.354,0.38,0.316,Binding,RASK_HUMAN,High,Human
0.165,0.072,0.264,0.264,0.267,0.267,0.231,0.243,0.21,0.21,0.363,0.318,0.318,0.255,0.321,0.378,0.426,0.3,0.273,0.18,0.282,0.06,0.228,0.213,0.207,0.111,0.117,0.279,0.192,0.339,0.318,0.288,0.264,0.204,0.309,0.312,0.255,0.27,0.279,0.264,0.264,0.264,0.255,0.186,0.327,0.333,0.333,0.378,0.462,0.345,0.378,0.378,0.411,0.384,0.393,0.399,0.387,0.393,0.381,0.39,0.432,0.417,0.216,0.216,Stability,RBP1_HUMAN,High,Human
0.277,0.274,0.331,0.34,0.331,0.331,0.213,0.217,0.328,0.34,0.372,0.197,0.236,0.258,0.226,0.461,0.464,0.451,0.429,0.315,0.178,0.182,0.242,0.305,0.239,0.41,0.416,0.359,0.423,0.385,0.467,0.391,0.042,0.185,0.239,0.232,0.299,0.305,0.283,0.362,0.369,0.337,0.229,0.194,0.356,0.229,0.388,0.391,0.464,0.439,0.461,0.461,0.47,0.505,0.467,0.496,0.47,0.48,0.499,0.483,0.464,0.381,0.41,0.318,Stability,RCD1_ARATH,Medium,Eukaryote
0.286,0.414,0.49,0.471,0.45,0.474,0.074,0.23,0.406,0.414,0.4,0.256,0.334,0.146,0.228,0.205,0.42,0.432,0.432,0.488,0.018,0.065,0.095,0.091,-0.079,0.049,-0.06,-0.002,0.479,0.46,0.427,0.416,0.018,0.054,0.042,0.425,0.36,0.332,0.465,0.45,0.457,0.511,-0.109,0.053,0.234,0.042,0.367,0.442,0.543,0.432,0.427,0.411,0.414,0.404,0.406,0.409,0.411,0.409,0.418,0.418,0.453,0.32,0.476,0.086,Stability,RCRO_LAMBD,High,Virus
0.235,0.168,0.266,0.282,0.305,0.309,0.121,0.344,0.419,0.419,0.384,0.45,0.462,0.156,0.521,0.458,0.423,0.399,0.286,0.344,0.301,0.321,0.313,0.356,0.403,0.372,0.372,0.38,0.388,0.364,0.356,0.339,0.305,0.231,0.38,0.38,0.29,0.321,0.368,0.305,0.317,0.329,0.384,0.023,0.415,0.466,0.372,0.392,0.447,0.376,0.36,0.341,0.36,0.344,0.38,0.384,0.368,0.368,0.38,0.38,0.368,0.423,0.352,0.376,Stability,RD23A_HUMAN,High,Human
0.221,0.252,0.281,0.286,0.362,0.367,0.042,0.289,0.381,0.385,0.146,0.072,0.079,0.064,0.058,0.111,0.278,0.292,0.368,0.33,0.286,0.331,0.341,0.355,0.125,0.267,0.263,0.259,0.307,0.357,0.336,0.292,0.086,0.278,0.321,0.347,0.317,0.349,0.358,0.368,0.38,0.392,0.052,0.035,0.15,0.054,0.17,0.191,0.181,0.041,0.233,0.215,0.227,0.229,0.24,0.242,0.229,0.247,0.253,0.248,0.13,0.096,0.405,0.061,OrganismalFitness,RDRP_I33A0,Low,Virus
0.132,0.128,0.141,0.152,0.156,0.154,0.033,0.219,0.132,0.149,0.104,0.178,0.195,0.029,0.018,0.109,0.152,0.206,0.184,0.115,0.141,0.18,0.171,0.141,0.206,0.19,0.106,0.175,0.19,0.191,0.245,0.266,0.024,0.143,0.182,0.173,0.178,0.182,0.162,0.182,0.19,0.167,0.031,0.037,0.145,0.044,0.177,0.16,0.201,0.139,0.141,0.143,0.203,0.188,0.177,0.204,0.206,0.134,0.219,0.193,0.208,0.136,0.195,0.203,OrganismalFitness,REV_HV1H2,Medium,Virus
-0.026,0.176,0.24,0.264,0.222,0.231,-0.014,0.192,0.195,0.201,0.207,0.125,0.119,-0.053,0.023,0.005,0.24,0.261,0.204,0.222,-0.068,0.032,0.137,0.101,-0.053,0.116,0.152,0.125,0.149,0.164,0.27,0.247,0.014,0.002,0.113,0.152,0.053,0.14,0.131,0.192,0.179,0.195,0.053,-0.104,0.053,-0.014,0.173,0.137,0.252,0.234,0.279,0.261,0.252,0.267,0.234,0.255,0.255,0.276,0.255,0.264,0.198,0.104,0.252,-0.041,Stability,RFAH_ECOLI,High,Prokaryote
0.353,0.499,0.536,0.536,0.514,0.525,0.19,0.536,0.308,0.255,0.567,0.564,0.539,0.128,0.308,0.351,0.601,0.581,0.612,0.556,0.157,0.488,0.446,0.44,0.415,0.438,0.438,0.471,0.547,0.525,0.502,0.487,0.044,0.415,0.429,0.415,0.466,0.485,0.466,0.514,0.522,0.514,-0.043,-0.113,0.381,0.207,0.589,0.544,0.665,0.595,0.637,0.623,0.615,0.657,0.643,0.626,0.646,0.632,0.626,0.646,0.663,0.544,0.544,0.488,Stability,RL20_AQUAE,High,Prokaryote
0.199,0.251,0.279,0.324,0.281,0.307,0.088,0.295,0.332,0.335,0.148,0.207,0.238,0.062,0.357,0.377,0.427,0.319,0.428,0.327,0.262,0.427,0.378,0.336,0.386,0.324,0.344,0.311,0.291,0.261,0.308,0.313,0.056,0.302,0.367,0.299,0.328,0.366,0.31,0.351,0.373,0.313,0.221,0.031,0.171,0.218,0.074,0.128,0.163,0.052,0.413,0.378,0.408,0.415,0.407,0.412,0.382,0.416,0.412,0.419,0.25,0.28,0.303,0.205,OrganismalFitness,RL40A_YEAST,Medium,Eukaryote
0.199,0.251,0.279,0.324,0.281,0.307,0.088,0.295,0.332,0.335,0.148,0.207,0.238,0.062,0.357,0.377,0.427,0.319,0.428,0.327,0.262,0.427,0.378,0.336,0.386,0.324,0.344,0.311,0.291,0.261,0.308,0.313,0.056,0.302,0.367,0.299,0.328,0.366,0.31,0.351,0.373,0.313,0.221,0.031,0.171,0.218,0.074,0.128,0.163,0.052,0.413,0.378,0.408,0.415,0.407,0.412,0.382,0.416,0.412,0.419,0.25,0.28,0.303,0.205,OrganismalFitness,RL40A_YEAST,Medium,Eukaryote
0.199,0.251,0.279,0.324,0.281,0.307,0.088,0.295,0.332,0.335,0.148,0.207,0.238,0.062,0.357,0.377,0.427,0.319,0.428,0.327,0.262,0.427,0.378,0.336,0.386,0.324,0.344,0.311,0.291,0.261,0.308,0.313,0.056,0.302,0.367,0.299,0.328,0.366,0.31,0.351,0.373,0.313,0.221,0.031,0.171,0.218,0.074,0.128,0.163,0.052,0.413,0.378,0.408,0.415,0.407,0.412,0.382,0.416,0.412,0.419,0.25,0.28,0.303,0.205,Activity,RL40A_YEAST,Medium,Eukaryote
0.425,0.49,0.484,0.5,0.502,0.494,0.032,0.319,0.478,0.488,0.478,0.478,0.489,0.046,0.419,0.452,0.486,0.492,0.499,0.483,0.425,0.461,0.406,0.376,0.45,0.472,0.462,0.473,0.459,0.496,0.48,0.457,0.138,0.426,0.421,0.331,0.459,0.471,0.435,0.506,0.517,0.502,0.397,0.049,0.467,0.447,0.227,0.425,0.2,0.138,0.462,0.453,0.419,0.453,0.453,0.454,0.46,0.46,0.462,0.464,0.492,0.408,0.494,0.335,Activity,RNC_ECOLI,Medium,Prokaryote
0.557,0.576,0.549,0.571,0.491,0.533,0.538,0.524,0.557,0.576,0.623,0.667,0.67,0.629,0.661,0.678,0.623,0.598,0.505,0.596,0.609,0.62,0.637,0.579,0.629,0.626,0.626,0.626,0.587,0.664,0.615,0.555,0.502,0.516,0.623,0.631,0.596,0.642,0.642,0.596,0.585,0.593,0.626,0.59,0.664,0.642,0.615,0.557,0.711,0.607,0.607,0.579,0.601,0.612,0.62,0.604,0.612,0.607,0.626,0.612,0.694,0.683,0.629,0.538,Stability,RPC1_BP434,High,Virus
0.248,0.362,0.426,0.438,0.414,0.374,0.136,0.366,0.355,0.392,0.414,0.422,0.446,0.208,0.208,0.32,0.469,0.496,0.514,0.355,0.176,0.324,0.386,0.378,0.159,0.29,0.296,0.248,0.474,0.326,0.552,0.468,0.063,0.099,0.308,0.428,0.219,0.296,0.404,0.368,0.391,0.446,0.242,0.224,0.362,0.237,0.181,0.312,0.282,0.196,0.504,0.444,0.474,0.498,0.492,0.522,0.474,0.462,0.486,0.51,0.444,0.278,0.438,0.212,Activity,RPC1_LAMBD,High,Virus
0.248,0.362,0.426,0.438,0.414,0.374,0.136,0.366,0.355,0.392,0.414,0.422,0.446,0.208,0.208,0.32,0.469,0.496,0.514,0.355,0.176,0.324,0.386,0.378,0.159,0.29,0.296,0.248,0.474,0.326,0.552,0.468,0.063,0.099,0.308,0.428,0.219,0.296,0.404,0.368,0.391,0.446,0.242,0.224,0.362,0.237,0.181,0.312,0.282,0.196,0.504,0.444,0.474,0.498,0.492,0.522,0.474,0.462,0.486,0.51,0.444,0.278,0.438,0.212,Activity,RPC1_LAMBD,High,Virus
0.295,0.289,0.279,0.282,0.272,0.272,0.162,0.168,0.322,0.322,0.356,0.332,0.305,0.225,0.245,0.339,0.326,0.329,0.232,0.242,0.108,0.185,0.252,0.212,0.235,0.252,0.245,0.262,0.245,0.315,0.339,0.324,0.085,0.279,0.222,0.242,0.299,0.259,0.265,0.265,0.255,0.255,0.262,0.175,0.315,0.259,0.423,0.322,0.469,0.389,0.322,0.322,0.312,0.312,0.302,0.326,0.329,0.336,0.312,0.329,0.322,0.463,0.295,0.162,Stability,RS15_GEOSE,Medium,Prokaryote
0.364,0.426,0.445,0.45,0.452,0.463,0.27,0.416,0.481,0.482,0.467,0.477,0.512,0.354,0.396,0.4,0.48,0.464,0.44,0.026,0.375,0.471,0.478,0.471,0.388,0.487,0.496,0.474,0.448,0.447,0.464,0.357,0.267,0.398,0.468,0.469,0.415,0.484,0.491,0.475,0.488,0.491,0.372,0.174,0.46,0.41,0.313,0.422,0.406,0.121,0.445,0.434,0.431,0.446,0.464,0.448,0.458,0.463,0.456,0.468,0.46,0.422,0.44,0.375,Expression,S22A1_HUMAN,Medium,Human
0.364,0.426,0.445,0.45,0.452,0.463,0.27,0.416,0.481,0.482,0.467,0.477,0.512,0.354,0.396,0.4,0.48,0.464,0.44,0.026,0.375,0.471,0.478,0.471,0.388,0.487,0.496,0.474,0.448,0.447,0.464,0.357,0.267,0.398,0.468,0.469,0.415,0.484,0.491,0.475,0.488,0.491,0.372,0.174,0.46,0.41,0.313,0.422,0.406,0.121,0.445,0.434,0.431,0.446,0.464,0.448,0.458,0.463,0.456,0.468,0.46,0.422,0.44,0.375,Activity,S22A1_HUMAN,Medium,Human
0.082,0.074,0.297,0.248,0.285,0.281,0.297,0.438,0.268,0.285,0.418,0.409,0.422,0.136,0.339,0.463,0.405,0.463,0.368,0.38,0.443,0.372,0.355,0.376,0.422,0.451,0.389,0.401,0.405,0.467,0.447,0.418,0.281,0.405,0.434,0.389,0.281,0.397,0.351,0.26,0.285,0.302,0.463,-0.072,0.463,0.451,0.19,0.206,0.289,0.397,0.438,0.281,0.181,0.285,0.264,0.322,0.339,0.434,0.372,0.347,0.455,0.48,0.426,0.215,Stability,SAV1_MOUSE,High,Eukaryote
0.218,0.179,0.311,0.272,0.315,0.315,0.182,0.128,0.378,0.381,0.253,0.233,0.241,0.186,0.206,0.311,0.463,0.502,0.233,0.276,0.175,0.175,0.214,0.233,0.194,0.206,0.167,0.218,0.311,0.42,0.409,0.358,0.194,0.14,0.155,0.19,0.186,0.194,0.19,0.276,0.292,0.3,0.221,0.182,0.264,0.233,0.526,0.475,0.538,0.479,0.389,0.417,0.424,0.428,0.432,0.436,0.448,0.44,0.405,0.436,0.538,0.444,0.241,0.327,Stability,SBI_STAAM,Medium,Prokaryote
0.359,0.4,0.352,0.372,0.438,0.452,0.273,0.405,0.483,0.49,0.454,0.467,0.467,0.135,0.255,0.44,0.477,0.478,0.449,0.47,0.43,0.418,0.399,0.394,0.435,0.419,0.43,0.428,0.421,0.456,0.384,0.317,0.283,0.436,0.416,0.386,0.459,0.455,0.432,0.475,0.475,0.461,0.419,0.1,0.461,0.453,0.383,0.43,0.406,0.132,0.455,0.454,0.468,0.47,0.478,0.469,0.475,0.477,0.466,0.482,0.491,0.452,0.467,0.343,Activity,SC6A4_HUMAN,Medium,Human
0.051,0.084,0.167,0.18,0.236,0.213,0.097,0.012,0.183,0.2,0.18,0.173,0.17,0.127,0.186,0.167,0.19,0.262,0.262,0.17,0.054,0.087,0.084,0.091,0.107,0.111,0.101,0.13,0.134,0.18,0.177,0.109,-0.025,0.035,0.051,0.107,0.114,0.104,0.12,0.19,0.173,0.18,0.13,0.111,0.2,0.163,0.375,0.391,0.381,0.325,0.256,0.276,0.269,0.292,0.259,0.295,0.272,0.249,0.206,0.276,0.447,0.355,0.147,0.124,Stability,SCIN_STAAR,High,Prokaryote
0.036,0.054,0.089,0.089,0.125,0.143,0.071,0.0,0.071,0.125,0.089,0.143,0.071,0.196,0.143,0.071,0.089,0.054,0.071,0.054,0.018,0.054,0.071,0.089,-0.018,0.018,0.018,0.036,0.107,0.027,0.161,0.143,0.036,0.0,0.0,0.089,-0.018,-0.018,-0.018,0.054,0.036,0.036,0.018,0.125,0.107,0.125,0.036,0.054,0.018,-0.018,0.089,0.054,0.071,0.036,0.054,0.089,0.143,0.107,0.036,0.089,0.125,0.018,0.018,0.036,OrganismalFitness,SCN5A_HUMAN,Medium,Human
0.477,0.527,0.53,0.53,0.532,0.532,0.118,0.443,0.524,0.525,0.529,0.512,0.522,0.284,0.282,0.518,0.508,0.5,0.505,0.529,0.156,0.19,0.192,0.318,0.163,0.323,0.084,0.323,0.385,0.532,0.527,0.527,-0.24,0.103,0.287,0.342,0.488,0.496,0.46,0.512,0.512,0.508,0.096,-0.009,0.342,0.068,0.376,0.349,0.529,0.522,0.529,0.529,0.529,0.529,0.529,0.529,0.529,0.529,0.529,0.529,0.518,0.525,0.525,0.423,Stability,SDA_BACSU,Medium,Prokaryote
0.273,0.354,0.394,0.396,0.392,0.394,0.018,0.333,0.417,0.421,0.371,0.379,0.369,0.116,0.281,0.388,0.396,0.436,0.398,0.379,0.346,0.371,0.381,0.369,0.352,0.386,0.369,0.396,0.371,0.354,0.365,0.315,0.152,0.361,0.373,0.379,0.365,0.375,0.379,0.4,0.413,0.415,0.202,0.047,0.39,0.335,0.277,0.375,0.292,0.112,0.419,0.396,0.411,0.427,0.417,0.421,0.398,0.4,0.404,0.423,0.396,0.35,0.396,0.31,OrganismalFitness,SERC_HUMAN,High,Human
0.133,0.265,0.294,0.29,0.285,0.296,0.129,0.26,0.314,0.319,0.298,0.278,0.304,0.144,0.152,0.166,0.323,0.295,0.213,0.294,0.161,0.282,0.289,0.262,0.166,0.296,0.3,0.304,0.27,0.308,0.303,0.254,0.099,0.15,0.234,0.277,0.152,0.201,0.258,0.26,0.275,0.303,0.156,0.149,0.317,0.191,0.216,0.277,0.202,0.064,0.295,0.296,0.303,0.308,0.306,0.306,0.29,0.307,0.296,0.307,0.217,0.187,0.282,0.191,OrganismalFitness,SHOC2_HUMAN,Medium,Human
0.17,0.21,0.25,0.253,0.242,0.238,0.289,0.158,0.166,0.202,0.174,0.234,0.218,0.21,0.25,0.226,0.222,0.17,0.186,0.158,0.103,0.115,0.111,0.131,0.19,0.182,0.103,0.194,0.103,0.17,0.04,0.026,0.158,0.079,0.162,0.166,0.147,0.158,0.154,0.234,0.23,0.214,0.186,0.127,0.147,0.246,0.38,0.253,0.412,0.356,0.293,0.277,0.242,0.277,0.273,0.281,0.257,0.269,0.246,0.285,0.25,0.364,0.182,0.301,Stability,SOX30_HUMAN,High,Human
0.373,0.44,0.464,0.445,0.493,0.498,-0.114,0.46,0.407,0.409,0.367,-0.068,-0.028,-0.055,-0.058,-0.076,-0.057,-0.068,-0.022,0.491,-0.155,-0.022,0.111,0.054,-0.085,-0.055,0.042,0.23,0.312,0.436,0.424,0.412,-0.02,-0.009,-0.024,0.008,0.335,0.327,0.318,0.489,0.487,0.481,-0.159,-0.117,-0.123,-0.074,0.362,0.306,0.563,0.434,0.472,0.455,0.445,0.47,0.451,0.455,0.472,0.46,0.46,0.47,0.409,0.286,0.464,0.306,Stability,SPA_STAAU,Medium,Prokaryote
0.09,0.132,0.041,0.052,0.121,0.126,0.035,0.036,0.047,0.115,0.18,0.146,0.125,0.148,0.145,0.167,0.188,0.182,0.218,0.15,0.126,0.104,0.101,0.109,0.106,0.129,0.114,0.115,0.156,0.132,0.226,0.205,0.022,0.126,0.086,0.13,0.138,0.113,0.145,0.138,0.115,0.148,0.01,-0.038,0.118,0.048,0.149,0.122,0.211,0.088,0.21,0.188,0.195,0.225,0.214,0.2,0.228,0.235,0.232,0.222,0.217,0.194,0.208,0.218,Binding,SPG1_STRSG,Low,Prokaryote
0.09,0.132,0.041,0.052,0.121,0.126,0.035,0.036,0.047,0.115,0.18,0.146,0.125,0.148,0.145,0.167,0.188,0.182,0.218,0.15,0.126,0.104,0.101,0.109,0.106,0.129,0.114,0.115,0.156,0.132,0.226,0.205,0.022,0.126,0.086,0.13,0.138,0.113,0.145,0.138,0.115,0.148,0.01,-0.038,0.118,0.048,0.149,0.122,0.211,0.088,0.21,0.188,0.195,0.225,0.214,0.2,0.228,0.235,0.232,0.222,0.217,0.194,0.208,0.218,Binding,SPG1_STRSG,Low,Prokaryote
0.09,0.132,0.041,0.052,0.121,0.126,0.035,0.036,0.047,0.115,0.18,0.146,0.125,0.148,0.145,0.167,0.188,0.182,0.218,0.15,0.126,0.104,0.101,0.109,0.106,0.129,0.114,0.115,0.156,0.132,0.226,0.205,0.022,0.126,0.086,0.13,0.138,0.113,0.145,0.138,0.115,0.148,0.01,-0.038,0.118,0.048,0.149,0.122,0.211,0.088,0.21,0.188,0.195,0.225,0.214,0.2,0.228,0.235,0.232,0.222,0.217,0.194,0.208,0.218,Binding,SPG1_STRSG,Medium,Prokaryote
0.09,0.132,0.041,0.052,0.121,0.126,0.035,0.036,0.047,0.115,0.18,0.146,0.125,0.148,0.145,0.167,0.188,0.182,0.218,0.15,0.126,0.104,0.101,0.109,0.106,0.129,0.114,0.115,0.156,0.132,0.226,0.205,0.022,0.126,0.086,0.13,0.138,0.113,0.145,0.138,0.115,0.148,0.01,-0.038,0.118,0.048,0.149,0.122,0.211,0.088,0.21,0.188,0.195,0.225,0.214,0.2,0.228,0.235,0.232,0.222,0.217,0.194,0.208,0.218,Binding,SPG1_STRSG,Medium,Prokaryote
0.442,0.458,0.461,0.483,0.555,0.519,0.312,0.301,0.489,0.414,0.417,0.384,0.354,0.326,0.376,0.403,0.436,0.425,0.489,0.425,0.343,0.376,0.378,0.354,0.298,0.381,0.301,0.403,0.45,0.571,0.525,0.507,-0.126,0.332,0.409,0.389,0.304,0.309,0.37,0.486,0.513,0.5,0.235,0.13,0.235,0.216,0.395,0.315,0.662,0.494,0.53,0.505,0.527,0.513,0.494,0.522,0.527,0.569,0.516,0.53,0.519,0.519,0.483,0.4,Stability,SPG2_STRSG,Medium,Prokaryote
0.136,0.179,0.086,0.166,0.264,0.259,-0.046,0.262,0.296,0.3,0.014,-0.054,-0.026,-0.035,-0.036,-0.02,-0.012,-0.002,0.036,0.263,0.231,0.276,0.274,0.286,0.286,0.256,0.222,0.287,0.238,0.215,0.196,0.254,0.152,0.238,0.228,0.268,0.234,0.24,0.244,0.294,0.297,0.302,-0.032,-0.002,-0.006,0.002,0.424,0.399,0.349,0.127,0.181,0.196,0.184,0.233,0.2,0.24,0.201,0.228,0.202,0.224,0.277,0.138,0.291,0.11,Binding,SPIKE_SARS2,Medium,Virus
0.136,0.179,0.086,0.166,0.264,0.259,-0.046,0.262,0.296,0.3,0.014,-0.054,-0.026,-0.035,-0.036,-0.02,-0.012,-0.002,0.036,0.263,0.231,0.276,0.274,0.286,0.286,0.256,0.222,0.287,0.238,0.215,0.196,0.254,0.152,0.238,0.228,0.268,0.234,0.24,0.244,0.294,0.297,0.302,-0.032,-0.002,-0.006,0.002,0.424,0.399,0.349,0.127,0.181,0.196,0.184,0.233,0.2,0.24,0.201,0.228,0.202,0.224,0.277,0.138,0.291,0.11,Expression,SPIKE_SARS2,Medium,Virus
0.499,0.446,0.433,0.402,0.426,0.412,0.14,0.378,0.4,0.422,0.402,0.485,0.445,-0.069,0.443,0.437,0.442,0.544,0.489,0.392,0.425,0.417,0.435,0.4,0.458,0.412,0.46,0.396,0.382,0.385,0.405,0.431,0.33,0.373,0.418,0.391,0.463,0.465,0.471,0.406,0.42,0.415,0.367,-0.148,0.335,0.352,0.303,0.248,0.472,0.44,0.433,0.432,0.463,0.455,0.451,0.448,0.433,0.423,0.435,0.433,0.5,0.415,0.466,0.143,Stability,SPTN1_CHICK,High,Eukaryote
0.324,0.409,0.42,0.437,0.426,0.437,0.064,0.233,0.369,0.414,0.318,0.233,0.324,0.143,0.318,0.386,0.437,0.494,0.369,0.431,0.143,0.296,0.369,0.296,0.182,0.392,0.42,0.347,0.358,0.426,0.414,0.378,0.075,0.149,0.284,0.397,0.358,0.324,0.42,0.471,0.386,0.437,0.16,0.115,0.454,0.403,0.528,0.494,0.528,0.528,0.477,0.431,0.516,0.494,0.482,0.477,0.488,0.471,0.482,0.494,0.482,0.341,0.46,0.29,Stability,SQSTM_MOUSE,Medium,Eukaryote
0.506,0.529,0.536,0.539,0.567,0.554,-0.141,0.37,0.546,0.544,0.572,0.564,0.559,-0.169,0.539,0.589,0.579,0.584,0.569,0.506,-0.111,0.319,0.231,0.375,0.347,0.42,0.458,0.483,0.435,0.564,0.577,0.574,0.263,0.049,0.15,0.319,0.534,0.519,0.511,0.562,0.559,0.526,0.466,-0.245,0.572,0.476,0.059,0.461,0.587,0.572,0.572,0.567,0.574,0.582,0.587,0.595,0.567,0.567,0.584,0.577,0.655,0.612,0.526,-0.004,Stability,SR43C_ARATH,High,Eukaryote
0.413,0.418,0.559,0.549,0.598,0.585,0.444,0.336,0.618,0.621,0.474,0.536,0.567,0.379,0.575,0.613,0.593,0.544,0.541,0.541,0.549,0.513,0.51,0.495,0.495,0.515,0.523,0.503,0.503,0.539,0.59,0.559,0.485,0.48,0.487,0.539,0.513,0.554,0.559,0.577,0.587,0.585,0.248,0.117,0.456,0.433,0.438,0.446,0.497,0.51,0.621,0.593,0.6,0.6,0.613,0.608,0.598,0.59,0.613,0.608,0.582,0.521,0.585,0.387,Stability,SRBS1_HUMAN,High,Human
0.394,0.391,0.385,0.387,0.398,0.397,0.399,0.346,0.398,0.421,0.382,0.442,0.461,0.288,0.35,0.348,0.434,0.38,0.391,0.384,0.33,0.316,0.329,0.288,0.338,0.372,0.332,0.317,0.234,0.427,0.453,0.44,0.324,0.297,0.305,0.243,0.375,0.377,0.364,0.396,0.392,0.394,0.431,0.254,0.382,0.423,0.229,0.224,0.3,0.056,0.405,0.385,0.387,0.409,0.421,0.418,0.409,0.422,0.411,0.427,0.408,0.355,0.423,0.365,Activity,SRC_HUMAN,Medium,Human
0.394,0.391,0.385,0.387,0.398,0.397,0.399,0.346,0.398,0.421,0.382,0.442,0.461,0.288,0.35,0.348,0.434,0.38,0.391,0.384,0.33,0.316,0.329,0.288,0.338,0.372,0.332,0.317,0.234,0.427,0.453,0.44,0.324,0.297,0.305,0.243,0.375,0.377,0.364,0.396,0.392,0.394,0.431,0.254,0.382,0.423,0.229,0.224,0.3,0.056,0.405,0.385,0.387,0.409,0.421,0.418,0.409,0.422,0.411,0.427,0.408,0.355,0.423,0.365,Activity,SRC_HUMAN,Medium,Human
0.394,0.391,0.385,0.387,0.398,0.397,0.399,0.346,0.398,0.421,0.382,0.442,0.461,0.288,0.35,0.348,0.434,0.38,0.391,0.384,0.33,0.316,0.329,0.288,0.338,0.372,0.332,0.317,0.234,0.427,0.453,0.44,0.324,0.297,0.305,0.243,0.375,0.377,0.364,0.396,0.392,0.394,0.431,0.254,0.382,0.423,0.229,0.224,0.3,0.056,0.405,0.385,0.387,0.409,0.421,0.418,0.409,0.422,0.411,0.427,0.408,0.355,0.423,0.365,OrganismalFitness,SRC_HUMAN,Medium,Human
0.339,0.293,0.339,0.363,0.392,0.378,0.123,0.37,0.378,0.303,0.341,0.402,0.431,0.213,0.412,0.467,0.433,0.307,0.281,0.448,0.196,0.322,0.378,0.337,0.402,0.295,0.402,0.349,0.269,0.375,0.399,0.426,0.201,0.223,0.416,0.252,0.339,0.46,0.322,0.351,0.465,0.344,0.431,0.056,0.293,0.45,0.438,0.358,0.445,0.37,0.431,0.37,0.429,0.429,0.419,0.453,0.402,0.436,0.412,0.443,0.397,0.453,0.409,0.392,OrganismalFitness,SUMO1_HUMAN,High,Human
0.152,0.192,0.198,0.234,0.196,0.211,0.202,0.267,0.242,0.248,0.338,0.332,0.324,0.206,0.231,0.229,0.236,0.278,0.309,0.332,0.248,0.326,0.255,0.238,0.194,0.273,0.286,0.259,0.238,0.307,0.311,0.252,0.129,0.257,0.359,0.284,0.189,0.278,0.229,0.225,0.276,0.231,0.211,0.173,0.313,0.24,-0.006,0.206,0.051,-0.041,0.19,0.19,0.189,0.198,0.229,0.196,0.227,0.215,0.229,0.221,0.074,0.059,0.261,-0.003,OrganismalFitness,SYUA_HUMAN,Medium,Human
0.09,0.04,0.077,0.08,0.074,0.07,0.154,0.023,0.06,0.054,0.01,0.03,0.023,0.054,0.02,0.023,-0.07,0.013,0.054,-0.047,0.077,0.037,-0.003,-0.01,0.104,0.07,0.043,-0.017,-0.03,0.03,0.107,0.142,-0.043,0.12,0.147,0.084,0.09,0.11,0.087,0.1,0.117,0.084,0.054,0.107,-0.007,0.03,0.197,0.023,0.12,0.047,0.09,-0.033,-0.013,0.003,0.007,0.027,0.033,0.003,-0.06,0.023,0.01,0.057,0.054,0.047,OrganismalFitness,TADBP_HUMAN,Low,Human
0.265,0.183,0.238,0.243,0.259,0.243,-0.076,0.396,0.227,0.257,0.159,0.338,0.322,-0.032,0.006,0.009,0.028,-0.057,0.044,0.186,0.393,0.415,0.417,0.423,0.36,0.257,0.12,0.229,0.199,0.314,0.401,0.403,0.319,0.371,0.175,0.227,0.374,0.254,0.229,0.341,0.27,0.257,0.02,-0.027,0.284,0.156,0.202,0.281,0.3,0.178,0.082,0.126,0.139,0.099,0.107,0.107,0.074,0.099,0.09,0.093,0.161,0.145,0.292,0.118,OrganismalFitness,TAT_HV1BR,High,Virus
0.59,0.537,0.606,0.61,0.655,0.655,0.682,0.312,0.648,0.697,0.552,0.728,0.747,0.67,0.69,0.762,0.731,0.69,0.724,0.514,0.423,0.571,0.556,0.602,0.583,0.579,0.636,0.644,0.575,0.693,0.636,0.587,0.541,0.446,0.602,0.686,0.64,0.705,0.697,0.636,0.655,0.648,0.701,0.103,0.53,0.667,0.541,0.461,0.739,0.712,0.705,0.663,0.644,0.739,0.712,0.735,0.709,0.724,0.697,0.72,0.758,0.754,0.728,0.48,Stability,TCRG1_MOUSE,Medium,Eukaryote
0.25,0.26,0.437,0.411,0.407,0.42,-0.002,0.122,0.535,0.525,0.512,0.42,0.483,0.099,0.525,0.532,0.496,0.515,0.545,0.496,-0.097,0.266,0.312,0.296,0.266,0.286,0.185,0.368,0.443,0.499,0.551,0.548,0.414,-0.042,0.339,0.306,0.397,0.463,0.473,0.411,0.489,0.483,0.188,0.076,0.424,0.306,0.414,0.401,0.443,0.568,0.542,0.529,0.568,0.587,0.571,0.555,0.555,0.558,0.548,0.561,0.479,0.404,0.489,0.067,Stability,THO1_YEAST,High,Eukaryote
0.346,0.335,0.443,0.438,0.424,0.421,-0.109,0.318,0.511,0.492,0.405,0.416,0.419,-0.014,0.394,0.456,0.473,0.432,0.47,0.405,0.227,0.316,0.34,0.321,0.351,0.381,0.289,0.332,0.346,0.486,0.454,0.435,0.167,0.067,0.278,0.302,0.397,0.394,0.397,0.462,0.421,0.427,0.153,-0.076,0.4,0.337,0.335,0.473,0.559,0.508,0.459,0.459,0.467,0.47,0.451,0.443,0.44,0.432,0.446,0.454,0.586,0.467,0.448,0.278,Stability,TNKS2_HUMAN,High,Human
0.19,0.194,0.185,0.198,0.203,0.209,0.059,0.193,0.236,0.221,0.23,0.215,0.257,0.121,0.162,0.216,0.266,0.258,0.306,0.191,0.096,0.107,0.18,0.222,0.119,0.217,0.22,0.209,0.231,0.191,0.199,0.161,0.105,0.117,0.171,0.234,0.19,0.197,0.242,0.208,0.209,0.239,0.131,0.104,0.269,0.152,0.148,0.209,0.184,0.076,0.2,0.207,0.211,0.217,0.226,0.226,0.215,0.229,0.233,0.231,0.217,0.185,0.235,0.13,OrganismalFitness,TPK1_HUMAN,Medium,Human
0.263,0.306,0.313,0.323,0.322,0.331,0.173,0.302,0.322,0.329,0.349,0.33,0.344,0.225,0.265,0.344,0.349,0.295,0.291,0.341,0.186,0.263,0.301,0.299,0.265,0.304,0.301,0.268,0.295,0.351,0.359,0.342,0.223,0.195,0.302,0.29,0.302,0.337,0.331,0.349,0.334,0.344,0.244,0.148,0.345,0.316,0.322,0.347,0.36,0.162,0.345,0.342,0.349,0.342,0.348,0.356,0.359,0.344,0.355,0.356,0.36,0.324,0.355,0.256,Expression,TPMT_HUMAN,Medium,Human
0.273,0.222,0.23,0.188,0.162,0.213,0.299,0.316,0.265,0.29,0.29,0.265,0.282,0.247,0.307,0.265,0.179,0.282,0.205,0.213,0.213,0.299,0.239,0.265,0.307,0.128,0.35,0.41,0.239,0.358,0.282,0.133,0.324,0.307,0.29,0.333,0.299,0.299,0.367,0.316,0.307,0.35,0.247,0.247,0.213,0.265,0.119,0.23,0.213,0.0,0.205,0.196,0.273,0.23,0.205,0.273,0.29,0.111,0.188,0.239,0.324,0.299,0.35,0.29,OrganismalFitness,TPOR_HUMAN,Low,Human
0.516,0.527,0.462,0.479,0.487,0.508,0.188,0.465,0.557,0.562,0.546,0.543,0.557,0.258,0.506,0.532,0.541,0.543,0.524,0.462,0.368,0.519,0.465,0.516,0.436,0.471,0.444,0.46,0.441,0.441,0.527,0.462,0.196,0.487,0.492,0.508,0.511,0.527,0.527,0.506,0.516,0.516,0.395,0.045,0.543,0.465,0.25,0.384,0.387,0.099,0.541,0.495,0.503,0.557,0.53,0.524,0.543,0.546,0.524,0.551,0.535,0.511,0.543,0.503,OrganismalFitness,TRPC_SACS2,Medium,Prokaryote
0.365,0.371,0.348,0.371,0.365,0.363,0.237,0.333,0.383,0.383,0.371,0.395,0.406,0.19,0.377,0.386,0.392,0.383,0.389,0.354,0.283,0.324,0.33,0.339,0.354,0.354,0.313,0.333,0.36,0.348,0.339,0.304,0.146,0.333,0.392,0.365,0.363,0.38,0.363,0.368,0.365,0.357,0.33,0.093,0.377,0.333,0.169,0.263,0.275,0.003,0.383,0.316,0.357,0.377,0.377,0.33,0.36,0.36,0.351,0.377,0.409,0.383,0.395,0.377,OrganismalFitness,TRPC_THEMA,Medium,Prokaryote
0.304,0.407,0.457,0.474,0.438,0.457,-0.027,0.327,0.43,0.44,0.34,0.396,0.432,0.018,0.025,0.326,0.379,0.426,0.49,0.477,0.168,0.337,0.379,0.346,0.348,0.396,0.388,0.359,0.354,0.399,0.371,0.372,0.103,0.168,0.346,0.355,0.243,0.366,0.394,0.371,0.437,0.455,0.209,0.001,0.316,0.423,0.273,0.277,0.385,0.218,0.327,0.346,0.316,0.352,0.338,0.346,0.327,0.343,0.351,0.351,0.293,0.357,0.455,0.243,OrganismalFitness,UBC9_HUMAN,Medium,Human
0.247,0.336,0.369,0.379,0.37,0.378,0.152,0.349,0.363,0.371,0.341,0.414,0.4,0.334,0.358,0.394,0.374,0.402,0.428,0.383,0.217,0.358,0.35,0.371,0.377,0.383,0.342,0.341,0.369,0.387,0.422,0.418,0.387,0.153,0.167,0.299,0.333,0.324,0.332,0.382,0.375,0.386,0.326,-0.02,0.252,0.259,0.369,0.292,0.394,0.305,0.35,0.385,0.369,0.37,0.374,0.366,0.374,0.375,0.385,0.374,0.411,0.39,0.387,0.194,Stability,UBE4B_HUMAN,High,Human
0.306,0.312,0.348,0.342,0.348,0.354,0.04,0.046,0.318,0.342,0.276,0.33,0.348,0.318,0.336,0.36,0.33,0.318,0.288,0.318,0.082,0.276,0.27,0.252,0.348,0.3,0.288,0.288,0.252,0.33,0.36,0.3,0.058,-0.009,0.118,0.203,0.312,0.288,0.306,0.342,0.36,0.379,0.306,-0.003,0.33,0.348,0.191,0.27,-0.057,0.034,0.318,0.33,0.354,0.354,0.342,0.36,0.33,0.36,0.342,0.354,0.33,0.288,0.379,0.106,Activity,UBE4B_MOUSE,Low,Eukaryote
0.374,0.495,0.528,0.544,0.542,0.566,0.142,0.294,0.432,0.478,0.492,0.374,0.454,0.192,0.187,0.129,0.101,0.561,0.522,0.421,0.404,0.393,0.429,0.487,0.443,0.454,0.462,0.443,0.451,0.506,0.528,0.382,0.264,0.283,0.376,0.365,0.374,0.41,0.418,0.553,0.553,0.547,0.093,0.098,0.291,0.101,0.445,0.244,0.588,0.484,0.533,0.536,0.547,0.553,0.561,0.572,0.536,0.555,0.547,0.55,0.586,0.514,0.539,0.041,Stability,UBR5_HUMAN,Medium,Human
0.12,0.192,0.12,0.148,0.192,0.198,0.187,-0.057,0.264,0.242,0.519,0.441,0.463,0.286,0.419,0.491,0.519,0.491,0.546,0.109,0.297,0.402,0.358,0.485,0.32,0.342,0.331,0.369,0.447,0.441,0.43,0.295,0.048,0.237,0.358,0.397,0.198,0.281,0.342,0.22,0.248,0.281,0.347,0.209,0.441,0.38,0.386,0.425,0.43,0.375,0.53,0.48,0.508,0.53,0.508,0.568,0.474,0.535,0.563,0.535,0.497,0.48,0.17,0.347,Stability,VG08_BPP22,High,Virus
0.271,0.323,0.432,0.476,0.495,0.499,0.065,0.416,0.441,0.478,0.55,0.485,0.49,0.26,0.158,0.513,0.517,0.474,0.42,0.425,0.234,0.35,0.429,0.385,0.379,0.425,0.411,0.378,0.441,0.474,0.499,0.489,0.283,0.264,0.343,0.357,0.409,0.415,0.409,0.501,0.494,0.48,0.163,0.2,0.36,0.351,0.387,0.346,0.539,0.464,0.545,0.553,0.555,0.539,0.546,0.552,0.553,0.546,0.553,0.552,0.499,0.508,0.483,0.269,Stability,VILI_CHICK,High,Eukaryote
0.32,0.326,0.343,0.358,0.376,0.376,0.08,0.314,0.408,0.416,0.374,0.379,0.397,0.088,0.285,0.331,0.407,0.389,0.394,0.382,0.136,0.122,0.3,0.326,0.19,0.364,0.354,0.351,0.344,0.364,0.343,0.275,0.126,0.086,0.176,0.366,0.324,0.326,0.418,0.37,0.384,0.404,0.088,0.054,0.391,0.232,0.284,0.35,0.372,0.12,0.404,0.366,0.408,0.405,0.412,0.396,0.406,0.395,0.396,0.414,0.416,0.329,0.374,0.176,Expression,VKOR1_HUMAN,Medium,Human
0.32,0.326,0.343,0.358,0.376,0.376,0.08,0.314,0.408,0.416,0.374,0.379,0.397,0.088,0.285,0.331,0.407,0.389,0.394,0.382,0.136,0.122,0.3,0.326,0.19,0.364,0.354,0.351,0.344,0.364,0.343,0.275,0.126,0.086,0.176,0.366,0.324,0.326,0.418,0.37,0.384,0.404,0.088,0.054,0.391,0.232,0.284,0.35,0.372,0.12,0.404,0.366,0.408,0.405,0.412,0.396,0.406,0.395,0.396,0.414,0.416,0.329,0.374,0.176,Activity,VKOR1_HUMAN,Medium,Human
-0.076,0.011,0.102,0.144,0.081,0.11,0.094,0.11,0.342,0.351,0.363,0.264,0.28,0.214,0.342,0.384,0.463,0.496,0.421,0.135,0.007,0.139,0.115,0.222,0.197,0.185,0.139,0.189,0.247,0.069,0.355,0.338,0.231,0.04,0.011,0.073,-0.084,-0.055,-0.08,0.028,0.028,-0.043,0.218,0.036,0.425,0.293,0.463,0.392,0.442,0.442,0.467,0.446,0.446,0.446,0.454,0.454,0.438,0.458,0.434,0.467,0.492,0.417,0.405,0.355,Stability,VRPI_BPT7,Medium,Virus
0.243,0.511,0.432,0.455,0.434,0.432,-0.144,0.461,0.497,0.504,0.483,0.148,0.309,-0.091,0.106,0.432,0.521,0.544,0.546,0.523,-0.091,-0.167,-0.091,0.188,-0.099,-0.142,-0.186,0.017,0.394,0.449,0.55,0.524,0.004,-0.197,-0.051,0.396,0.273,0.267,0.417,0.404,0.396,0.485,-0.059,-0.212,0.068,-0.04,0.326,0.271,0.432,0.387,0.523,0.531,0.529,0.527,0.529,0.533,0.525,0.54,0.525,0.527,0.459,0.372,0.523,-0.059,Stability,YAIA_ECOLI,Medium,Prokaryote
0.338,0.26,0.356,0.359,0.347,0.358,0.24,0.25,0.055,0.067,0.263,0.208,0.218,0.342,0.361,0.369,0.381,0.3,0.246,0.149,0.129,0.134,0.117,0.114,0.23,0.171,0.201,0.157,0.107,0.245,0.353,0.378,0.093,0.23,0.146,0.151,0.309,0.259,0.273,0.342,0.312,0.337,0.38,-0.07,0.254,0.391,0.285,0.272,0.327,0.145,0.37,0.303,0.343,0.341,0.351,0.327,0.339,0.362,0.367,0.361,0.29,0.348,0.334,0.326,Binding,YAP1_HUMAN,Low,Human
0.471,0.55,0.553,0.553,0.55,0.553,0.393,0.448,0.526,0.522,0.559,0.553,0.553,0.436,0.438,0.55,0.548,0.55,0.546,0.542,0.421,0.486,0.506,0.506,0.5,0.5,0.464,0.5,0.54,0.497,0.516,0.493,0.502,0.434,0.476,0.446,0.512,0.51,0.506,0.52,0.516,0.514,0.24,0.186,0.359,0.264,0.315,0.381,0.563,0.534,0.559,0.55,0.555,0.557,0.555,0.561,0.553,0.557,0.553,0.555,0.544,0.555,0.54,0.393,Stability,YNZC_BACSU,Medium,Prokaryote
0.295,0.328,0.336,0.345,0.356,0.362,0.136,0.281,0.347,0.357,0.332,0.314,0.338,0.157,0.249,0.315,0.347,0.341,0.337,0.31,0.242,0.286,0.299,0.303,0.271,0.31,0.306,0.308,0.32,0.371,0.373,0.342,0.158,0.234,0.276,0.304,0.333,0.342,0.354,0.368,0.37,0.373,0.206,0.064,0.302,0.25,0.294,0.319,0.341,0.224,0.365,0.354,0.363,0.369,0.368,0.372,0.365,0.367,0.368,0.376,0.373,0.319,0.386,0.232,,,,
