DMS ID,Site-Independent,EVmutation,DeepSequence (single),DeepSequence (ensemble),EVE (single),EVE (ensemble),Unirep,Unirep evotuned,MSA Transformer (single),MSA Transformer (ensemble),ESM-1b,ESM-1v (single),ESM-1v (ensemble),ESM2 (8M),ESM2 (35M),ESM2 (150M),ESM2 (650M),ESM2 (3B),ESM2 (15B),Wavenet,RITA S,RITA M,RITA L,RITA XL,Progen2 S,Progen2 M,Progen2 Base,Progen2 L,Progen2 XL,GEMME,VESPA,VESPAl,ProtGPT2,Tranception S no retrieval,Tranception M no retrieval,Tranception L no retrieval,Tranception S,Tranception M,Tranception L,TranceptEVE S,TranceptEVE M,TranceptEVE L,CARP (38M),CARP (600K),CARP (640M),CARP (76M),MIF,MIF-ST,ESM-IF1,ProteinMPNN,Number of Mutants,Selection Type,UniProt ID,MSA_Neff_L_category,Taxon
A0A140D2T1_ZIKV_Sourisseau_2019,0.278,0.279,0.204,0.205,0.273,0.28,0.093,0.086,0.324,0.308,0.117,0.1,0.124,0.081,0.096,0.086,0.127,0.237,0.262,0.178,0.268,0.28,0.285,0.278,0.251,0.267,0.286,0.254,0.277,0.291,0.257,0.219,0.099,0.223,0.232,0.241,0.265,0.267,0.286,0.268,0.269,0.285,0.104,0.103,0.148,0.101,0.101,0.148,0.151,0.153,9576,OrganismalFitness,A0A140D2T1_ZIKV,Medium,Virus
A0A192B1T2_9HIV1_Haddox_2018,0.276,0.27,0.269,0.273,0.277,0.28,0.095,0.269,0.29,0.291,0.234,0.259,0.266,0.103,0.094,0.095,0.103,0.11,0.117,0.281,0.279,0.28,0.286,0.291,0.273,0.289,0.279,0.282,0.293,0.293,0.263,0.248,0.221,0.274,0.284,0.289,0.281,0.284,0.286,0.286,0.282,0.285,0.192,0.072,0.267,0.261,0.138,0.268,0.121,0.145,12577,OrganismalFitness,A0A192B1T2_9HIV1,Medium,Virus
A0A1I9GEU1_NEIME_Kennouche_2019,0.086,0.097,0.108,0.108,0.086,0.097,0.075,0.129,0.065,0.108,0.118,0.129,0.108,0.086,0.097,0.118,0.075,0.086,0.108,0.065,0.108,0.097,0.086,0.086,0.086,0.097,0.086,0.108,0.075,0.065,0.108,0.097,0.183,0.086,0.108,0.097,0.108,0.086,0.097,0.086,0.097,0.097,0.075,0.032,0.097,0.065,0.129,0.108,0.14,0.118,922,Activity,A0A1I9GEU1_NEIME,Medium,Prokaryote
A0A247D711_LISMN_Stadelmann_2021,0.139,0.151,0.12,0.114,0.163,0.151,0.078,0.096,0.163,0.199,0.12,0.12,0.127,0.09,0.09,0.114,0.133,0.12,0.127,0.157,0.09,0.096,0.114,0.114,0.066,0.127,0.133,0.078,0.114,0.163,0.157,0.187,0.06,0.09,0.108,0.084,0.133,0.139,0.151,0.157,0.157,0.157,0.114,0.102,0.12,0.108,0.139,0.145,0.193,0.175,1653,Activity,A0A247D711_LISMN,High,Eukaryote
A0A2Z5U3Z0_9INFA_Doud_2016,0.257,0.327,0.31,0.316,0.317,0.313,0.089,0.271,0.148,0.331,0.109,0.293,0.329,0.103,0.104,0.104,0.271,0.301,0.297,0.299,0.305,0.322,0.324,0.329,0.203,0.311,0.332,0.315,0.303,0.314,0.244,0.19,0.105,0.294,0.319,0.308,0.31,0.313,0.31,0.329,0.327,0.324,0.091,0.095,0.166,0.1,0.176,0.218,0.194,0.162,10715,OrganismalFitness,A0A2Z5U3Z0_9INFA,Medium,Virus
A0A2Z5U3Z0_9INFA_Wu_2014,0.209,0.234,0.234,0.247,0.238,0.234,0.098,0.272,0.221,0.243,0.153,0.217,0.247,0.136,0.136,0.14,0.213,0.2,0.213,0.306,0.221,0.234,0.26,0.255,0.183,0.217,0.26,0.213,0.243,0.243,0.247,0.217,0.085,0.221,0.226,0.23,0.243,0.26,0.26,0.23,0.238,0.23,0.128,0.111,0.179,0.145,0.162,0.196,0.196,0.136,2350,OrganismalFitness,A0A2Z5U3Z0_9INFA,Medium,Virus
A4_HUMAN_Seuma_2022,0.104,0.158,0.167,0.166,0.128,0.134,0.072,0.13,0.154,0.153,0.089,0.123,0.149,0.069,0.068,0.076,0.078,0.126,0.126,0.141,0.096,0.105,0.096,0.121,0.104,0.099,0.095,0.095,0.103,0.144,0.13,0.14,0.159,0.076,0.146,0.173,0.097,0.155,0.164,0.119,0.144,0.152,0.06,0.059,0.134,0.07,0.111,0.092,0.032,0.111,14811,Stability,A4_HUMAN,Low,Human
A4D664_9INFA_Soh_2019,0.242,0.245,0.247,0.247,0.256,0.257,0.105,0.228,0.191,0.193,0.096,0.095,0.096,0.105,0.109,0.104,0.135,0.146,0.198,0.222,0.204,0.23,0.234,0.215,0.107,0.168,0.171,0.173,0.2,0.237,0.199,0.191,0.106,0.202,0.231,0.235,0.234,0.245,0.245,0.258,0.259,0.261,0.105,0.109,0.125,0.112,0.122,0.129,0.072,0.13,14421,OrganismalFitness,A4D664_9INFA,Medium,Virus
A4GRB6_PSEAI_Chen_2020,0.18,0.204,0.198,0.22,0.184,0.184,0.138,0.176,0.238,0.228,0.257,0.234,0.253,0.146,0.216,0.263,0.309,0.261,0.271,0.23,0.136,0.172,0.194,0.232,0.184,0.23,0.238,0.234,0.242,0.192,0.253,0.21,0.054,0.174,0.204,0.216,0.238,0.236,0.214,0.226,0.214,0.212,0.138,0.092,0.305,0.21,0.283,0.309,0.248,0.222,5004,OrganismalFitness,A4GRB6_PSEAI,High,Prokaryote
AACC1_PSEAI_Dandage_2018,0.177,0.26,0.188,0.204,0.193,0.193,0.144,0.094,0.221,0.238,0.204,0.21,0.199,0.133,0.155,0.166,0.215,0.21,0.238,0.227,0.149,0.166,0.199,0.138,0.16,0.204,0.193,0.193,0.21,0.276,0.16,0.122,0.083,0.199,0.177,0.227,0.227,0.204,0.21,0.21,0.21,0.215,0.138,0.127,0.16,0.166,0.227,0.238,0.227,0.188,1801,OrganismalFitness,AACC1_PSEAI,High,Prokaryote
ACE2_HUMAN_Chan_2020,0.157,0.157,0.211,0.193,0.166,0.157,0.054,0.148,0.148,0.179,0.103,0.143,0.139,0.058,0.09,0.108,0.139,0.121,0.139,0.193,0.126,0.202,0.22,0.188,0.157,0.188,0.184,0.197,0.184,0.197,0.157,0.139,0.143,0.108,0.188,0.17,0.17,0.152,0.175,0.184,0.17,0.184,0.085,0.072,0.121,0.067,0.076,0.121,0.143,0.09,2223,Binding,ACE2_HUMAN,Medium,Human
ADRB2_HUMAN_Jones_2020,0.142,0.168,0.168,0.174,0.201,0.206,0.142,0.206,0.159,0.173,0.178,0.156,0.177,0.146,0.15,0.158,0.158,0.167,0.172,0.159,0.168,0.174,0.172,0.171,0.188,0.179,0.183,0.181,0.159,0.162,0.155,0.133,0.121,0.186,0.168,0.182,0.165,0.165,0.174,0.191,0.192,0.204,0.163,0.118,0.172,0.177,0.156,0.181,0.167,0.127,7800,Activity,ADRB2_HUMAN,Medium,Human
AICDA_HUMAN_Gajula_2014_3cycles,0.143,0.238,0.333,0.19,0.238,0.238,0.048,0.143,0.286,0.238,0.238,0.19,0.19,0.095,0.0,0.143,0.19,0.143,0.095,0.19,0.048,0.095,0.286,0.19,0.048,0.19,0.19,0.19,0.19,0.19,0.19,0.238,0.095,0.095,0.095,0.143,0.238,0.19,0.238,0.238,0.238,0.19,0.048,0.048,0.19,0.048,0.333,0.143,0.143,0.333,209,Activity,AICDA_HUMAN,Medium,Human
AMFR_HUMAN_Tsuboyama_2023_4G3O,0.289,0.372,0.372,0.369,0.359,0.379,0.07,0.336,0.376,0.369,0.433,0.101,0.319,0.057,0.124,0.409,0.386,0.409,0.413,0.366,0.057,0.117,0.346,0.342,0.114,0.339,0.342,0.265,0.383,0.336,0.383,0.346,0.326,0.057,0.094,0.114,0.339,0.336,0.346,0.383,0.379,0.383,0.141,0.134,0.396,0.315,0.359,0.356,0.416,0.406,2972,Stability,AMFR_HUMAN,Medium,Human
AMIE_PSEAE_Wrenbeck_2017,0.143,0.114,0.13,0.124,0.127,0.119,0.103,0.159,0.117,0.112,0.181,0.144,0.128,0.152,0.167,0.197,0.193,0.233,0.127,0.165,0.188,0.175,0.157,0.13,0.151,0.151,0.148,0.169,0.103,0.104,0.13,0.133,0.074,0.188,0.136,0.112,0.127,0.12,0.106,0.124,0.122,0.124,0.159,0.146,0.193,0.17,0.185,0.226,0.207,0.143,6227,Activity,AMIE_PSEAE,High,Prokaryote
ANCSZ_Hobbs_2022,0.214,0.208,0.208,0.206,0.206,0.199,0.156,0.176,0.141,0.133,0.156,0.171,0.165,0.195,0.231,0.251,0.244,0.225,0.212,0.086,0.169,0.128,0.146,0.148,0.173,0.15,0.141,0.137,0.113,0.191,0.139,0.126,0.139,0.165,0.126,0.137,0.193,0.167,0.169,0.203,0.186,0.188,0.206,0.169,0.152,0.188,0.173,0.158,0.188,0.133,4670,Activity,ANCSZ,Medium,Eukaryote
ARGR_ECOLI_Tsuboyama_2023_1AOY,0.209,0.194,0.248,0.24,0.24,0.217,0.155,0.132,0.171,0.178,0.233,0.178,0.233,0.194,0.233,0.287,0.264,0.24,0.202,0.178,0.217,0.132,0.14,0.14,0.217,0.116,0.155,0.147,0.147,0.163,0.109,0.062,0.031,0.178,0.132,0.132,0.194,0.217,0.186,0.248,0.209,0.194,0.194,0.155,0.233,0.248,0.372,0.31,0.302,0.279,1287,Stability,ARGR_ECOLI,Medium,Prokaryote
B2L11_HUMAN_Dutta_2010_binding-Mcl-1,0.294,0.235,0.353,0.294,0.294,0.294,0.176,0.294,0.294,0.294,0.059,0.059,0.471,0.235,0.235,0.235,0.353,0.294,0.294,0.294,0.176,0.059,0.176,0.235,0.059,0.235,0.294,0.118,0.235,0.235,0.235,0.235,0.176,0.294,0.118,0.176,0.353,0.353,0.294,0.353,0.353,0.294,0.235,0.235,0.412,0.176,0.176,0.353,0.235,0.059,170,Binding,B2L11_HUMAN,Low,Human
BBC1_YEAST_Tsuboyama_2023_1TG0,0.217,0.28,0.203,0.203,0.213,0.179,0.184,0.174,0.217,0.251,0.271,0.29,0.309,0.126,0.275,0.3,0.372,0.329,0.329,0.251,0.208,0.227,0.251,0.242,0.126,0.261,0.198,0.227,0.217,0.188,0.184,0.14,0.15,0.232,0.188,0.242,0.222,0.232,0.266,0.208,0.174,0.198,0.227,0.077,0.217,0.232,0.285,0.246,0.348,0.343,2069,Stability,BBC1_YEAST,High,Eukaryote
BCHB_CHLTE_Tsuboyama_2023_2KRU,0.253,0.247,0.228,0.241,0.234,0.247,0.127,0.184,0.342,0.304,0.241,0.297,0.304,0.133,0.158,0.228,0.335,0.266,0.31,0.272,0.12,0.215,0.272,0.31,0.241,0.291,0.234,0.297,0.278,0.253,0.215,0.177,0.095,0.177,0.228,0.259,0.253,0.272,0.272,0.241,0.241,0.253,0.19,0.158,0.266,0.234,0.297,0.342,0.386,0.323,1572,Stability,BCHB_CHLTE,Medium,Prokaryote
BLAT_ECOLX_Deng_2012,0.238,0.334,0.34,0.348,0.366,0.366,0.11,0.17,0.294,0.3,0.298,0.29,0.32,0.172,0.25,0.268,0.294,0.268,0.256,0.298,0.258,0.26,0.276,0.238,0.248,0.336,0.304,0.306,0.228,0.3,0.34,0.32,0.098,0.25,0.296,0.246,0.298,0.338,0.314,0.36,0.386,0.378,0.204,0.074,0.318,0.248,0.334,0.326,0.324,0.218,4996,OrganismalFitness,BLAT_ECOLX,High,Prokaryote
BLAT_ECOLX_Firnberg_2014,0.229,0.385,0.404,0.394,0.41,0.41,0.14,0.19,0.315,0.312,0.338,0.317,0.356,0.2,0.262,0.323,0.35,0.321,0.252,0.333,0.292,0.265,0.258,0.235,0.296,0.346,0.306,0.315,0.208,0.296,0.335,0.317,0.14,0.271,0.292,0.238,0.317,0.338,0.321,0.404,0.412,0.423,0.235,0.123,0.367,0.279,0.362,0.381,0.406,0.215,4783,OrganismalFitness,BLAT_ECOLX,High,Prokaryote
BLAT_ECOLX_Jacquier_2013,0.131,0.225,0.214,0.217,0.217,0.219,0.099,0.139,0.166,0.166,0.182,0.187,0.193,0.134,0.144,0.155,0.187,0.179,0.179,0.168,0.179,0.176,0.195,0.171,0.166,0.179,0.195,0.203,0.174,0.142,0.187,0.195,0.115,0.182,0.193,0.195,0.19,0.203,0.201,0.214,0.209,0.219,0.128,0.078,0.179,0.152,0.15,0.193,0.182,0.155,989,OrganismalFitness,BLAT_ECOLX,High,Prokaryote
BLAT_ECOLX_Stiffler_2015,0.204,0.35,0.356,0.336,0.374,0.384,0.088,0.222,0.264,0.268,0.314,0.294,0.324,0.182,0.216,0.274,0.306,0.292,0.258,0.292,0.288,0.286,0.26,0.25,0.272,0.336,0.336,0.302,0.226,0.292,0.356,0.364,0.084,0.288,0.29,0.264,0.33,0.328,0.324,0.38,0.396,0.4,0.18,0.09,0.328,0.214,0.318,0.348,0.344,0.19,4996,OrganismalFitness,BLAT_ECOLX,High,Prokaryote
BRCA1_HUMAN_Findlay_2018,0.223,0.196,0.234,0.245,0.217,0.239,0.136,0.136,0.201,0.212,0.168,0.152,0.163,0.152,0.12,0.147,0.168,0.212,0.13,0.158,0.136,0.212,0.223,0.158,0.207,0.228,0.239,0.185,0.179,0.196,0.212,0.19,0.12,0.13,0.147,0.179,0.207,0.217,0.223,0.255,0.25,0.212,0.141,0.168,0.228,0.179,0.185,0.228,0.13,0.141,1837,OrganismalFitness,BRCA1_HUMAN,Low,Human
BRCA2_HUMAN_Erwood_2022_HEK293T,0.259,0.185,0.148,0.185,0.259,0.185,0.148,0.111,0.037,0.074,0.148,0.111,0.037,0.111,0.148,0.185,0.185,0.185,0.111,0.037,0.185,0.259,0.296,0.148,0.222,0.148,0.111,0.259,0.074,0.111,0.148,0.222,0.111,0.185,0.222,0.185,0.148,0.185,0.185,0.185,0.185,0.185,0.111,0.148,0.185,0.185,0.185,0.185,0.037,0.111,265,OrganismalFitness,BRCA2_HUMAN,,Human
C6KNH7_9INFA_Lee_2018,0.255,0.295,0.288,0.283,0.302,0.305,0.088,0.247,0.304,0.296,0.098,0.27,0.331,0.089,0.092,0.097,0.25,0.271,0.305,0.251,0.262,0.254,0.266,0.242,0.143,0.264,0.273,0.294,0.242,0.3,0.271,0.225,0.125,0.243,0.269,0.257,0.28,0.287,0.285,0.302,0.309,0.304,0.097,0.092,0.172,0.099,0.236,0.294,0.276,0.177,10754,OrganismalFitness,C6KNH7_9INFA,Medium,Virus
CALM1_HUMAN_Weile_2017,0.088,0.082,0.066,0.055,0.055,0.055,0.099,0.049,0.066,0.049,0.055,0.077,0.071,0.11,0.093,0.077,0.055,0.038,0.099,0.055,0.082,0.077,0.077,0.06,0.06,0.055,0.049,0.077,0.038,0.038,0.049,0.055,0.088,0.099,0.077,0.038,0.071,0.082,0.049,0.066,0.055,0.06,0.06,0.104,0.066,0.071,0.115,0.066,0.06,0.121,1813,OrganismalFitness,CALM1_HUMAN,High,Human
CAPSD_AAV2S_Sinai_2021,0.263,0.258,0.246,0.279,0.258,0.262,0.174,0.265,0.244,0.254,0.136,0.121,0.129,0.131,0.147,0.134,0.165,0.148,0.112,0.174,0.122,0.129,0.133,0.153,0.119,0.122,0.154,0.126,0.18,0.272,0.13,0.12,0.098,0.133,0.142,0.263,0.23,0.231,0.275,0.253,0.255,0.273,0.128,0.163,0.19,0.147,0.176,0.188,0.145,0.156,42328,OrganismalFitness,CAPSD_AAV2S,Low,Virus
CAR11_HUMAN_Meitlis_2020_gof,0.076,0.071,0.071,0.071,0.08,0.071,0.223,0.055,0.088,0.08,0.071,0.101,0.088,0.122,0.109,0.168,0.092,0.084,0.088,0.092,0.113,0.071,0.097,0.076,0.038,0.076,0.08,0.067,0.097,0.059,0.071,0.059,0.097,0.151,0.08,0.055,0.084,0.084,0.071,0.08,0.084,0.076,0.118,0.092,0.092,0.151,0.088,0.071,0.113,0.118,2374,OrganismalFitness,CAR11_HUMAN,Low,Human
CAR11_HUMAN_Meitlis_2020_lof,0.062,0.075,0.071,0.067,0.062,0.071,0.204,0.042,0.125,0.125,0.067,0.146,0.112,0.121,0.104,0.183,0.112,0.129,0.1,0.125,0.125,0.058,0.096,0.075,0.062,0.071,0.088,0.062,0.121,0.05,0.075,0.062,0.067,0.167,0.079,0.075,0.067,0.067,0.05,0.075,0.075,0.075,0.121,0.092,0.088,0.183,0.108,0.083,0.154,0.129,2395,OrganismalFitness,CAR11_HUMAN,Low,Human
CAS9_STRP1_Spencer_2017_positive,0.096,0.112,0.111,0.105,0.111,0.112,0.096,0.106,0.117,0.121,0.11,0.096,0.106,0.097,0.103,0.126,0.106,0.117,0.11,0.097,0.099,0.096,0.117,0.116,0.1,0.112,0.096,0.111,0.101,0.105,0.117,0.117,0.111,0.091,0.099,0.128,0.111,0.116,0.123,0.101,0.101,0.117,0.095,0.091,0.111,0.099,0.099,0.111,0.103,0.094,8117,Activity,CAS9_STRP1,Medium,Eukaryote
CASP3_HUMAN_Roychowdhury_2020,0.159,0.204,0.153,0.115,0.134,0.153,0.089,0.159,0.178,0.178,0.146,0.115,0.153,0.089,0.146,0.166,0.178,0.146,0.21,0.159,0.146,0.159,0.159,0.153,0.14,0.159,0.178,0.172,0.204,0.146,0.229,0.223,0.115,0.102,0.14,0.172,0.134,0.166,0.166,0.146,0.172,0.159,0.096,0.076,0.159,0.14,0.159,0.166,0.127,0.102,1567,Activity,CASP3_HUMAN,High,Human
CASP7_HUMAN_Roychowdhury_2020,0.149,0.202,0.238,0.214,0.25,0.244,0.06,0.155,0.232,0.262,0.268,0.19,0.232,0.107,0.208,0.274,0.208,0.196,0.19,0.238,0.095,0.214,0.155,0.167,0.202,0.179,0.179,0.167,0.196,0.226,0.167,0.155,0.107,0.083,0.19,0.137,0.208,0.226,0.19,0.22,0.232,0.244,0.185,0.06,0.262,0.274,0.238,0.28,0.244,0.19,1680,Activity,CASP7_HUMAN,Medium,Human
CATR_CHLRE_Tsuboyama_2023_2AMI,0.272,0.147,0.147,0.152,0.183,0.162,0.236,0.094,0.136,0.162,0.115,0.173,0.147,0.225,0.257,0.209,0.152,0.157,0.131,0.089,0.12,0.126,0.11,0.105,0.073,0.089,0.089,0.073,0.105,0.152,0.126,0.173,0.183,0.131,0.11,0.099,0.199,0.173,0.126,0.168,0.152,0.157,0.194,0.183,0.084,0.126,0.314,0.131,0.183,0.293,1903,Stability,CATR_CHLRE,High,Eukaryote
CBPA2_HUMAN_Tsuboyama_2023_1O6X,0.227,0.159,0.227,0.227,0.237,0.237,0.222,0.184,0.232,0.193,0.304,0.242,0.256,0.227,0.246,0.251,0.222,0.227,0.246,0.237,0.174,0.193,0.261,0.251,0.29,0.261,0.285,0.246,0.213,0.184,0.184,0.14,0.155,0.237,0.29,0.285,0.227,0.242,0.246,0.261,0.237,0.261,0.29,0.261,0.275,0.29,0.295,0.309,0.242,0.285,2068,Stability,CBPA2_HUMAN,Medium,Human
CBS_HUMAN_Sun_2020,0.168,0.161,0.169,0.166,0.176,0.175,0.1,0.141,0.176,0.172,0.163,0.15,0.162,0.098,0.127,0.127,0.132,0.145,0.157,0.161,0.143,0.133,0.166,0.173,0.147,0.152,0.154,0.163,0.152,0.163,0.145,0.13,0.109,0.15,0.141,0.151,0.158,0.177,0.194,0.172,0.18,0.179,0.13,0.102,0.158,0.15,0.147,0.147,0.169,0.116,7217,OrganismalFitness,CBS_HUMAN,Medium,Human
CBX4_HUMAN_Tsuboyama_2023_2K28,0.437,0.406,0.441,0.445,0.472,0.48,0.013,0.31,0.472,0.476,0.428,0.397,0.402,0.022,0.533,0.533,0.48,0.445,0.41,0.445,0.306,0.341,0.328,0.332,0.376,0.358,0.371,0.341,0.332,0.445,0.432,0.376,0.192,0.301,0.328,0.341,0.45,0.402,0.441,0.48,0.424,0.441,0.437,0.096,0.319,0.406,0.371,0.262,0.52,0.467,2282,Stability,CBX4_HUMAN,High,Human
CCDB_ECOLI_Adkar_2012,0.124,0.152,0.146,0.146,0.118,0.129,0.096,0.107,0.107,0.124,0.146,0.056,0.079,0.101,0.112,0.096,0.157,0.112,0.14,0.107,0.062,0.045,0.067,0.096,0.017,0.101,0.09,0.146,0.112,0.107,0.197,0.163,0.067,0.056,0.073,0.124,0.118,0.129,0.152,0.135,0.146,0.146,0.096,0.079,0.118,0.124,0.062,0.152,0.135,0.101,1176,Activity,CCDB_ECOLI,High,Prokaryote
CCDB_ECOLI_Tripathi_2016,0.117,0.125,0.124,0.125,0.124,0.124,0.09,0.117,0.121,0.121,0.115,0.112,0.112,0.093,0.097,0.112,0.12,0.124,0.127,0.12,0.093,0.09,0.083,0.11,0.085,0.102,0.086,0.102,0.125,0.118,0.126,0.127,0.108,0.089,0.099,0.124,0.118,0.116,0.124,0.122,0.122,0.124,0.096,0.085,0.114,0.095,0.111,0.123,0.113,0.105,1663,OrganismalFitness,CCDB_ECOLI,High,Prokaryote
CCR5_HUMAN_Gill_2023,0.146,0.143,0.156,0.164,0.156,0.14,0.114,0.231,0.172,0.164,0.169,0.146,0.154,0.124,0.135,0.148,0.141,0.154,0.138,0.17,0.13,0.196,0.167,0.161,0.157,0.196,0.18,0.196,0.178,0.178,0.141,0.125,0.119,0.167,0.175,0.167,0.156,0.159,0.169,0.144,0.148,0.148,0.135,0.079,0.183,0.138,0.133,0.177,0.14,0.132,6137,Binding,CCR5_HUMAN,High,Human
CD19_HUMAN_Klesmith_2019_FMC_singles,0.167,0.127,0.164,0.162,0.146,0.138,0.143,0.122,0.125,0.141,0.18,0.167,0.196,0.186,0.228,0.175,0.167,0.183,0.138,0.09,0.194,0.162,0.207,0.162,0.149,0.225,0.159,0.204,0.149,0.162,0.13,0.101,0.127,0.241,0.252,0.167,0.191,0.18,0.156,0.164,0.154,0.151,0.215,0.183,0.218,0.212,0.34,0.321,0.324,0.138,3761,Binding,CD19_HUMAN,Low,Human
CP2C9_HUMAN_Amorosi_2021_abundance,0.25,0.272,0.267,0.279,0.298,0.294,0.242,0.273,0.257,0.292,0.261,0.284,0.309,0.217,0.284,0.275,0.289,0.284,0.278,0.295,0.287,0.253,0.276,0.267,0.284,0.275,0.279,0.279,0.284,0.262,0.246,0.212,0.11,0.284,0.281,0.276,0.294,0.292,0.289,0.3,0.298,0.295,0.287,0.129,0.272,0.281,0.276,0.279,0.309,0.154,6370,Expression,CP2C9_HUMAN,High,Human
CP2C9_HUMAN_Amorosi_2021_activity,0.285,0.332,0.345,0.359,0.369,0.371,0.309,0.319,0.332,0.356,0.32,0.372,0.38,0.285,0.364,0.377,0.397,0.376,0.354,0.395,0.346,0.307,0.332,0.291,0.359,0.327,0.324,0.302,0.306,0.328,0.247,0.198,0.117,0.367,0.359,0.335,0.379,0.364,0.372,0.379,0.374,0.367,0.371,0.14,0.346,0.385,0.314,0.328,0.353,0.202,6142,Binding,CP2C9_HUMAN,High,Human
CSN4_MOUSE_Tsuboyama_2023_1UFM,0.358,0.33,0.327,0.339,0.339,0.342,0.176,0.309,0.373,0.364,0.355,0.394,0.418,0.27,0.464,0.397,0.248,0.336,0.324,0.327,0.318,0.339,0.348,0.355,0.224,0.376,0.409,0.352,0.333,0.33,0.348,0.321,0.203,0.236,0.358,0.358,0.385,0.385,0.373,0.355,0.367,0.358,0.248,0.224,0.336,0.394,0.421,0.33,0.467,0.455,3295,Stability,CSN4_MOUSE,Medium,Eukaryote
CUE1_YEAST_Tsuboyama_2023_2MYX,0.297,0.323,0.316,0.316,0.342,0.329,0.158,0.278,0.278,0.297,0.304,0.278,0.209,0.146,0.19,0.259,0.291,0.304,0.304,0.234,0.133,0.146,0.171,0.108,0.101,0.114,0.184,0.184,0.31,0.259,0.278,0.209,0.165,0.108,0.12,0.177,0.297,0.291,0.316,0.329,0.335,0.342,0.196,0.127,0.259,0.152,0.329,0.329,0.354,0.348,1580,Stability,CUE1_YEAST,Medium,Eukaryote
D7PM05_CLYGR_Somermeyer_2022,0.25,0.361,0.315,0.293,0.336,0.333,0.098,0.222,0.339,0.365,0.237,0.097,0.1,0.097,0.092,0.088,0.085,0.097,0.103,0.233,0.079,0.061,0.092,0.084,0.056,0.081,0.08,0.108,0.147,0.337,0.32,0.314,0.056,0.079,0.098,0.104,0.293,0.295,0.29,0.334,0.336,0.33,0.135,0.131,0.137,0.138,0.257,0.249,0.305,0.23,24515,Activity,D7PM05_CLYGR,Low,Eukaryote
DLG4_HUMAN_Faure_2021,0.322,0.319,0.328,0.322,0.338,0.34,0.314,0.305,0.337,0.307,0.268,0.321,0.318,0.378,0.423,0.37,0.315,0.318,0.279,0.348,0.284,0.289,0.278,0.277,0.287,0.292,0.291,0.297,0.265,0.321,0.274,0.285,0.272,0.287,0.308,0.287,0.331,0.36,0.351,0.345,0.354,0.35,0.285,0.209,0.249,0.287,0.385,0.285,0.341,0.216,6976,OrganismalFitness,DLG4_HUMAN,Low,Human
DLG4_RAT_McLaughlin_2012,0.158,0.215,0.158,0.139,0.165,0.171,0.184,0.133,0.127,0.158,0.184,0.133,0.127,0.108,0.139,0.177,0.101,0.127,0.133,0.101,0.108,0.108,0.101,0.114,0.089,0.127,0.095,0.108,0.127,0.133,0.203,0.234,0.12,0.114,0.133,0.108,0.133,0.133,0.12,0.133,0.133,0.158,0.158,0.089,0.146,0.133,0.19,0.127,0.108,0.133,1576,Binding,DLG4_RAT,Low,Eukaryote
DN7A_SACS2_Tsuboyama_2023_1JIC,0.168,0.149,0.139,0.119,0.109,0.129,0.089,0.109,0.168,0.188,0.119,0.089,0.119,0.089,0.178,0.198,0.248,0.267,0.218,0.228,0.079,0.089,0.069,0.109,0.119,0.149,0.079,0.119,0.218,0.208,0.129,0.059,0.168,0.099,0.099,0.079,0.168,0.168,0.158,0.149,0.158,0.119,0.139,0.089,0.188,0.168,0.287,0.317,0.267,0.307,1008,Stability,DN7A_SACS2,Medium,Prokaryote
DNJA1_HUMAN_Tsuboyama_2023_2LO1,0.3,0.282,0.295,0.295,0.313,0.313,0.322,0.264,0.233,0.251,0.33,0.322,0.374,0.388,0.485,0.432,0.449,0.392,0.401,0.317,0.308,0.317,0.357,0.37,0.313,0.273,0.3,0.308,0.291,0.264,0.189,0.198,0.242,0.282,0.26,0.361,0.304,0.308,0.317,0.308,0.3,0.313,0.383,0.256,0.295,0.352,0.427,0.348,0.454,0.463,2264,Stability,DNJA1_HUMAN,High,Human
DOCK1_MOUSE_Tsuboyama_2023_2M0Y,0.342,0.325,0.329,0.295,0.288,0.318,0.099,0.25,0.298,0.322,0.305,0.185,0.233,0.027,0.192,0.233,0.305,0.305,0.274,0.332,0.24,0.284,0.291,0.26,0.103,0.223,0.134,0.195,0.312,0.164,0.318,0.291,0.247,0.075,0.075,0.048,0.325,0.356,0.329,0.322,0.315,0.322,0.134,0.058,0.325,0.192,0.384,0.377,0.363,0.445,2915,Stability,DOCK1_MOUSE,High,Eukaryote
DYR_ECOLI_Nguyen_2023,0.165,0.101,0.126,0.128,0.108,0.093,0.099,0.104,0.185,0.185,0.154,0.205,0.174,0.126,0.183,0.165,0.174,0.161,0.17,0.185,0.154,0.152,0.143,0.148,0.187,0.079,0.079,0.123,0.088,0.088,0.141,0.117,0.024,0.099,0.064,0.073,0.134,0.084,0.075,0.088,0.075,0.086,0.161,0.106,0.141,0.167,0.148,0.187,0.198,0.159,2916,OrganismalFitness,DYR_ECOLI,High,Prokaryote
DYR_ECOLI_Thompson_2019,0.131,0.127,0.101,0.101,0.118,0.105,0.127,0.127,0.127,0.122,0.152,0.143,0.143,0.105,0.139,0.16,0.165,0.169,0.143,0.152,0.118,0.068,0.127,0.084,0.11,0.152,0.169,0.127,0.131,0.114,0.122,0.089,0.038,0.084,0.118,0.194,0.127,0.143,0.169,0.114,0.118,0.118,0.131,0.089,0.156,0.152,0.148,0.127,0.135,0.122,2363,OrganismalFitness,DYR_ECOLI,Medium,Prokaryote
ENV_HV1B9_DuenasDecamp_2016,0.4,0.35,0.3,0.3,0.35,0.35,0.025,0.375,0.275,0.35,0.3,0.4,0.35,0.025,0.025,0.05,0.075,0.05,0.175,0.4,0.275,0.35,0.375,0.35,0.25,0.4,0.3,0.375,0.4,0.3,0.425,0.375,0.325,0.325,0.375,0.425,0.35,0.375,0.375,0.375,0.4,0.4,0.3,0.0,0.35,0.325,0.325,0.3,0.175,0.15,375,OrganismalFitness,ENV_HV1B9,Medium,Virus
ENV_HV1BR_Haddox_2016,0.206,0.211,0.227,0.234,0.231,0.228,0.084,0.214,0.218,0.215,0.155,0.193,0.191,0.099,0.103,0.099,0.108,0.113,0.13,0.239,0.198,0.212,0.233,0.239,0.189,0.218,0.233,0.211,0.237,0.171,0.198,0.172,0.128,0.2,0.215,0.225,0.211,0.213,0.221,0.23,0.232,0.235,0.165,0.076,0.196,0.175,0.139,0.193,0.104,0.113,12863,OrganismalFitness,ENV_HV1BR,Medium,Virus
ENVZ_ECOLI_Ghose_2023,0.133,0.115,0.124,0.106,0.115,0.097,0.097,0.115,0.124,0.088,0.08,0.088,0.071,0.097,0.124,0.08,0.071,0.088,0.08,0.08,0.097,0.053,0.106,0.062,0.133,0.062,0.088,0.08,0.062,0.088,0.08,0.115,0.133,0.106,0.097,0.062,0.106,0.097,0.088,0.115,0.106,0.106,0.124,0.088,0.115,0.053,0.062,0.097,0.071,0.08,1121,Activity,ENVZ_ECOLI,High,Prokaryote
EPHB2_HUMAN_Tsuboyama_2023_1F0M,0.321,0.327,0.383,0.367,0.388,0.388,0.005,0.296,0.342,0.352,0.311,0.327,0.301,0.015,0.327,0.347,0.372,0.388,0.347,0.357,0.347,0.347,0.306,0.321,0.327,0.316,0.372,0.352,0.337,0.281,0.311,0.235,0.235,0.357,0.301,0.357,0.398,0.352,0.383,0.403,0.362,0.378,0.26,0.112,0.327,0.327,0.444,0.378,0.423,0.408,1960,Stability,EPHB2_HUMAN,High,Human
ERBB2_HUMAN_Elazar_2016,0.121,0.242,0.121,0.152,0.212,0.212,0.152,0.182,0.273,0.242,0.121,0.121,0.182,0.182,0.182,0.152,0.242,0.182,0.212,0.091,0.152,0.182,0.182,0.182,0.152,0.182,0.212,0.273,0.182,0.152,0.091,0.121,0.182,0.152,0.091,0.182,0.182,0.121,0.182,0.212,0.212,0.182,0.152,0.182,0.212,0.121,0.212,0.182,0.03,0.091,326,Expression,ERBB2_HUMAN,Low,Human
ESTA_BACSU_Nutschel_2020,0.234,0.271,0.275,0.266,0.252,0.261,0.22,0.188,0.261,0.284,0.229,0.28,0.28,0.229,0.243,0.22,0.225,0.197,0.225,0.234,0.257,0.261,0.284,0.22,0.307,0.252,0.294,0.312,0.257,0.206,0.179,0.193,0.087,0.243,0.229,0.165,0.261,0.248,0.161,0.289,0.284,0.243,0.294,0.206,0.284,0.275,0.427,0.353,0.298,0.28,2172,Stability,ESTA_BACSU,High,Prokaryote
F7YBW7_MESOW_Ding_2023,0.282,0.238,0.238,0.25,0.248,0.251,0.25,0.265,0.256,0.257,0.267,0.201,0.218,0.227,0.42,0.388,0.219,0.23,0.241,0.201,0.214,0.39,0.198,0.216,0.293,0.174,0.219,0.192,0.178,0.251,0.299,0.31,0.222,0.257,0.467,0.296,0.293,0.383,0.313,0.257,0.295,0.269,0.272,0.119,0.189,0.262,0.293,0.294,0.369,0.227,7922,OrganismalFitness,F7YBW7_MESOW,High,Prokaryote
F7YBW8_MESOW_Aakre_2015,0.087,0.609,0.564,0.672,0.626,0.642,0.095,0.448,0.495,0.583,0.62,0.503,0.528,0.063,0.067,0.112,0.48,0.399,0.618,0.567,0.065,0.028,0.062,0.093,0.103,0.253,0.063,0.426,0.625,0.554,0.699,0.659,0.068,0.062,0.053,0.69,0.092,0.072,0.647,0.517,0.493,0.68,0.1,0.084,0.316,0.109,0.096,0.383,0.136,0.08,9192,OrganismalFitness,F7YBW8_MESOW,High,Prokaryote
FECA_ECOLI_Tsuboyama_2023_2D1U,0.212,0.243,0.233,0.217,0.249,0.233,0.111,0.116,0.222,0.254,0.275,0.228,0.243,0.116,0.286,0.328,0.296,0.249,0.254,0.222,0.185,0.175,0.169,0.169,0.159,0.185,0.249,0.238,0.19,0.201,0.185,0.159,0.164,0.122,0.153,0.175,0.217,0.18,0.212,0.212,0.206,0.217,0.291,0.138,0.28,0.286,0.312,0.27,0.265,0.286,1886,Stability,FECA_ECOLI,High,Eukaryote
FKBP3_HUMAN_Tsuboyama_2023_2KFV,0.153,0.177,0.169,0.177,0.21,0.202,0.04,0.097,0.089,0.081,0.073,0.081,0.065,0.056,0.056,0.073,0.105,0.089,0.089,0.073,0.065,0.097,0.024,0.177,0.065,0.185,0.121,0.137,0.089,0.145,0.081,0.081,0.081,0.048,0.097,0.145,0.169,0.153,0.169,0.185,0.177,0.169,0.056,0.073,0.121,0.081,0.218,0.258,0.282,0.234,1237,Stability,FKBP3_HUMAN,Medium,Human
GAL4_YEAST_Kitzman_2015,0.075,0.1,0.25,0.175,0.183,0.192,0.092,0.1,0.267,0.183,0.2,0.158,0.142,0.108,0.167,0.158,0.242,0.258,0.242,0.158,0.133,0.092,0.15,0.15,0.142,0.125,0.15,0.158,0.267,0.183,0.242,0.267,0.158,0.092,0.15,0.1,0.167,0.15,0.167,0.183,0.192,0.217,0.117,0.192,0.208,0.125,0.075,0.2,0.075,0.083,1195,OrganismalFitness,GAL4_YEAST,Medium,Eukaryote
GCN4_YEAST_Staller_2018,0.242,0.223,0.201,0.231,0.227,0.22,0.091,0.117,0.216,0.223,0.197,0.178,0.182,0.174,0.14,0.186,0.227,0.22,0.223,0.22,0.064,0.064,0.076,0.064,0.053,0.042,0.053,0.061,0.144,0.22,0.208,0.212,0.095,0.053,0.049,0.223,0.231,0.231,0.239,0.223,0.22,0.246,0.148,0.14,0.152,0.186,0.17,0.216,0.152,0.148,2638,Binding,GCN4_YEAST,Low,Eukaryote
GDIA_HUMAN_Silverstein_2021,0.121,0.112,0.129,0.138,0.138,0.147,0.155,0.129,0.078,0.095,0.138,0.112,0.121,0.069,0.086,0.121,0.138,0.138,0.138,0.138,0.095,0.164,0.155,0.19,0.121,0.164,0.138,0.129,0.138,0.147,0.172,0.181,0.112,0.121,0.103,0.112,0.138,0.121,0.129,0.138,0.121,0.147,0.112,0.052,0.155,0.103,0.172,0.164,0.147,0.078,1154,OrganismalFitness,GDIA_HUMAN,Low,Human
GFP_AEQVI_Sarkisyan_2016,0.277,0.275,0.28,0.279,0.287,0.287,0.061,0.256,0.29,0.294,0.188,0.083,0.086,0.085,0.092,0.079,0.078,0.09,0.112,0.241,0.074,0.073,0.089,0.08,0.066,0.098,0.118,0.259,0.268,0.296,0.238,0.239,0.087,0.069,0.093,0.249,0.285,0.283,0.279,0.288,0.289,0.304,0.128,0.11,0.134,0.134,0.279,0.28,0.308,0.254,51714,Activity,GFP_AEQVI,Low,Eukaryote
GLPA_HUMAN_Elazar_2016,0.32,0.2,0.36,0.36,0.36,0.36,0.28,0.28,0.2,0.2,0.2,0.4,0.32,0.28,0.28,0.32,0.36,0.32,0.2,0.2,0.32,0.28,0.36,0.32,0.24,0.36,0.32,0.4,0.24,0.2,0.28,0.24,0.24,0.28,0.32,0.36,0.4,0.4,0.44,0.36,0.36,0.36,0.28,0.24,0.4,0.32,0.28,0.2,0.32,0.16,245,Expression,GLPA_HUMAN,Low,Human
GRB2_HUMAN_Faure_2021,0.303,0.36,0.354,0.363,0.376,0.384,0.317,0.288,0.292,0.316,0.365,0.305,0.345,0.321,0.384,0.425,0.442,0.346,0.393,0.366,0.371,0.357,0.328,0.31,0.343,0.347,0.287,0.381,0.283,0.345,0.281,0.266,0.343,0.377,0.362,0.245,0.381,0.376,0.291,0.399,0.402,0.375,0.398,0.196,0.35,0.362,0.46,0.337,0.491,0.345,63366,OrganismalFitness,GRB2_HUMAN,Medium,Human
HCP_LAMBD_Tsuboyama_2023_2L6Q,0.269,0.26,0.192,0.212,0.202,0.221,0.192,0.192,0.212,0.24,0.346,0.269,0.317,0.221,0.269,0.298,0.337,0.231,0.221,0.106,0.125,0.183,0.212,0.26,0.231,0.26,0.221,0.212,0.26,0.212,0.231,0.163,0.173,0.106,0.163,0.24,0.269,0.279,0.26,0.231,0.25,0.25,0.26,0.173,0.298,0.212,0.25,0.337,0.269,0.202,1040,Stability,HCP_LAMBD,Medium,Virus
HECD1_HUMAN_Tsuboyama_2023_3DKM,0.581,0.547,0.619,0.633,0.649,0.651,0.222,0.469,0.617,0.639,0.599,0.174,0.229,0.143,0.152,0.608,0.617,0.605,0.614,0.581,0.191,0.503,0.538,0.538,0.501,0.549,0.544,0.565,0.533,0.596,0.642,0.581,0.109,0.199,0.168,0.333,0.606,0.574,0.606,0.63,0.617,0.623,0.243,0.231,0.608,0.343,0.46,0.592,0.474,0.345,5586,Stability,HECD1_HUMAN,Medium,Human
HEM3_HUMAN_Loggerenberg_2023,0.165,0.174,0.172,0.172,0.174,0.174,0.121,0.063,0.19,0.178,0.155,0.167,0.146,0.09,0.172,0.183,0.155,0.169,0.163,0.072,0.174,0.174,0.174,0.167,0.16,0.172,0.163,0.16,0.176,0.183,0.158,0.156,0.109,0.172,0.193,0.165,0.163,0.19,0.158,0.185,0.181,0.172,0.121,0.098,0.165,0.158,0.163,0.188,0.139,0.144,5689,Activity,HEM3_HUMAN,Medium,Human
HIS7_YEAST_Pokusaeva_2019,0.165,0.202,0.209,0.209,0.203,0.199,0.133,0.086,0.204,0.195,0.204,0.174,0.185,0.1,0.13,0.179,0.2,0.202,0.194,0.17,0.175,0.198,0.225,0.211,0.203,0.213,0.191,0.194,0.191,0.177,0.199,0.202,0.088,0.211,0.212,0.197,0.19,0.188,0.186,0.209,0.205,0.202,0.148,0.132,0.197,0.109,0.182,0.209,0.188,0.154,496137,OrganismalFitness,HIS7_YEAST,Medium,Eukaryote
HMDH_HUMAN_Jiang_2019,0.135,0.122,0.124,0.12,0.128,0.122,0.133,0.193,0.121,0.119,0.126,0.13,0.123,0.122,0.123,0.136,0.149,0.13,0.133,0.111,0.137,0.108,0.116,0.125,0.143,0.106,0.108,0.108,0.124,0.12,0.127,0.127,0.114,0.124,0.111,0.12,0.125,0.125,0.122,0.116,0.12,0.12,0.124,0.117,0.161,0.16,0.132,0.129,0.105,0.126,16853,OrganismalFitness,HMDH_HUMAN,Low,Human
HSP82_YEAST_Cote-Hammarlof_2020_growth-H2O2,0.102,0.142,0.142,0.155,0.137,0.146,0.119,0.168,0.115,0.137,0.137,0.137,0.146,0.08,0.066,0.115,0.124,0.15,0.111,0.088,0.164,0.168,0.173,0.159,0.15,0.159,0.15,0.173,0.164,0.159,0.19,0.19,0.084,0.159,0.168,0.155,0.119,0.137,0.133,0.155,0.15,0.155,0.106,0.075,0.159,0.142,0.119,0.155,0.115,0.111,2252,OrganismalFitness,HSP82_YEAST,Medium,Eukaryote
HSP82_YEAST_Flynn_2019,0.125,0.092,0.108,0.109,0.109,0.111,0.106,0.129,0.101,0.099,0.115,0.111,0.107,0.094,0.114,0.111,0.156,0.15,0.139,0.126,0.114,0.108,0.116,0.11,0.128,0.128,0.108,0.119,0.105,0.097,0.126,0.115,0.095,0.12,0.129,0.12,0.119,0.132,0.126,0.111,0.117,0.109,0.108,0.095,0.115,0.119,0.117,0.112,0.086,0.12,13294,OrganismalFitness,HSP82_YEAST,Medium,Eukaryote
HSP82_YEAST_Mishra_2016,0.159,0.182,0.178,0.194,0.185,0.187,0.129,0.127,0.173,0.187,0.18,0.194,0.192,0.074,0.088,0.111,0.162,0.159,0.132,0.155,0.215,0.192,0.206,0.182,0.21,0.196,0.199,0.196,0.187,0.18,0.196,0.206,0.118,0.182,0.176,0.192,0.189,0.178,0.173,0.182,0.189,0.189,0.189,0.051,0.173,0.199,0.104,0.176,0.079,0.127,4323,OrganismalFitness,HSP82_YEAST,Medium,Eukaryote
HXK4_HUMAN_Gersing_2022_activity,0.232,0.161,0.149,0.151,0.156,0.156,0.098,0.127,0.148,0.148,0.128,0.116,0.135,0.117,0.127,0.172,0.174,0.151,0.138,0.12,0.14,0.117,0.141,0.134,0.14,0.14,0.153,0.138,0.125,0.109,0.133,0.119,0.085,0.144,0.139,0.148,0.165,0.133,0.155,0.162,0.14,0.158,0.135,0.107,0.14,0.144,0.179,0.16,0.159,0.142,8570,OrganismalFitness,HXK4_HUMAN,Medium,Human
HXK4_HUMAN_Gersing_2023_abundance,0.152,0.16,0.162,0.173,0.154,0.16,0.086,0.16,0.158,0.175,0.162,0.173,0.192,0.09,0.113,0.148,0.173,0.167,0.174,0.185,0.165,0.186,0.186,0.19,0.173,0.185,0.194,0.183,0.17,0.187,0.165,0.165,0.111,0.164,0.171,0.193,0.167,0.179,0.187,0.158,0.162,0.165,0.123,0.106,0.164,0.163,0.158,0.154,0.163,0.129,8396,Expression,HXK4_HUMAN,Medium,Human
I6TAH8_I68A0_Doud_2015,0.277,0.262,0.234,0.233,0.285,0.282,0.083,0.225,0.271,0.288,0.092,0.086,0.087,0.082,0.077,0.088,0.1,0.091,0.124,0.216,0.23,0.253,0.261,0.263,0.077,0.094,0.119,0.083,0.238,0.284,0.185,0.188,0.143,0.261,0.251,0.252,0.27,0.266,0.26,0.283,0.28,0.268,0.08,0.088,0.092,0.086,0.186,0.185,0.186,0.146,9462,OrganismalFitness,I6TAH8_I68A0,Medium,Virus
IF1_ECOLI_Kelsic_2016,0.13,0.217,0.196,0.232,0.21,0.21,0.196,0.159,0.101,0.094,0.254,0.181,0.196,0.101,0.188,0.261,0.239,0.196,0.203,0.196,0.188,0.232,0.203,0.203,0.225,0.217,0.261,0.225,0.152,0.304,0.203,0.159,0.145,0.21,0.188,0.21,0.181,0.152,0.203,0.203,0.196,0.203,0.145,0.13,0.261,0.232,0.109,0.232,0.217,0.174,1367,OrganismalFitness,IF1_ECOLI,High,Prokaryote
ILF3_HUMAN_Tsuboyama_2023_2L33,0.075,0.075,0.195,0.203,0.195,0.211,0.06,0.12,0.09,0.105,0.203,0.12,0.113,0.053,0.053,0.075,0.083,0.165,0.188,0.188,0.203,0.173,0.173,0.188,0.271,0.211,0.248,0.18,0.165,0.218,0.12,0.075,0.203,0.083,0.226,0.233,0.06,0.158,0.18,0.105,0.128,0.165,0.09,0.06,0.158,0.128,0.09,0.15,0.083,0.15,1329,Stability,ILF3_HUMAN,High,Human
ISDH_STAAW_Tsuboyama_2023_2LHR,0.226,0.179,0.236,0.236,0.221,0.236,0.313,0.128,0.241,0.262,0.246,0.323,0.344,0.344,0.369,0.451,0.374,0.421,0.395,0.19,0.318,0.2,0.195,0.215,0.349,0.354,0.369,0.333,0.251,0.205,0.179,0.123,0.159,0.231,0.241,0.287,0.236,0.215,0.267,0.251,0.231,0.251,0.313,0.272,0.349,0.338,0.451,0.467,0.333,0.313,1944,Stability,ISDH_STAAW,High,Prokaryote
KCNE1_HUMAN_Muhammad_2023_expression,0.043,0.03,0.021,0.017,0.047,0.047,0.077,0.141,0.026,0.026,0.085,0.09,0.073,0.073,0.077,0.047,0.073,0.043,0.017,0.026,0.073,0.09,0.081,0.12,0.085,0.162,0.068,0.034,0.034,0.034,0.038,0.038,0.111,0.064,0.107,0.094,0.064,0.073,0.073,0.051,0.047,0.056,0.081,0.098,0.013,0.081,0.068,0.021,0.085,0.132,2339,Expression,KCNE1_HUMAN,Medium,Human
KCNE1_HUMAN_Muhammad_2023_function,0.194,0.224,0.203,0.207,0.22,0.22,0.19,0.155,0.211,0.224,0.194,0.233,0.25,0.19,0.194,0.246,0.207,0.22,0.172,0.168,0.198,0.177,0.185,0.177,0.207,0.19,0.25,0.228,0.19,0.194,0.216,0.185,0.034,0.203,0.241,0.216,0.19,0.203,0.198,0.224,0.22,0.211,0.185,0.159,0.203,0.185,0.224,0.181,0.172,0.134,2315,Activity,KCNE1_HUMAN,Medium,Human
KCNH2_HUMAN_Kozek_2020,0.0,0.05,0.0,0.0,0.0,0.0,0.0,0.1,0.0,0.0,0.05,0.0,0.0,0.0,0.0,0.0,0.0,0.0,0.0,0.2,0.05,0.1,0.1,0.1,0.1,0.05,0.05,0.05,0.05,0.05,0.2,0.35,0.05,0.05,0.05,0.1,0.0,0.0,0.05,0.0,0.0,0.0,0.1,0.0,0.05,0.05,0.0,0.0,0.05,0.05,200,Activity,KCNH2_HUMAN,Medium,Human
KCNJ2_MOUSE_Coyote-Maestas_2022_function,0.146,0.156,0.136,0.155,0.162,0.158,0.108,0.125,0.142,0.143,0.166,0.154,0.156,0.106,0.149,0.166,0.168,0.164,0.161,0.129,0.162,0.161,0.149,0.128,0.161,0.158,0.154,0.155,0.148,0.149,0.141,0.131,0.102,0.159,0.165,0.138,0.156,0.158,0.145,0.154,0.158,0.146,0.129,0.113,0.136,0.155,0.142,0.143,0.149,0.113,6963,Activity,KCNJ2_MOUSE,Medium,Human
KCNJ2_MOUSE_Coyote-Maestas_2022_surface,0.149,0.108,0.136,0.127,0.12,0.132,0.104,0.072,0.127,0.127,0.152,0.146,0.117,0.152,0.188,0.208,0.185,0.159,0.189,0.077,0.175,0.092,0.075,0.082,0.185,0.094,0.085,0.139,0.078,0.1,0.085,0.091,0.077,0.162,0.072,0.085,0.132,0.095,0.078,0.13,0.105,0.1,0.175,0.127,0.098,0.189,0.153,0.087,0.129,0.126,6917,Expression,KCNJ2_MOUSE,Medium,Human
KKA2_KLEPN_Melnikov_2014,0.159,0.22,0.216,0.24,0.222,0.224,0.107,0.169,0.232,0.24,0.212,0.19,0.226,0.113,0.123,0.169,0.226,0.24,0.238,0.2,0.151,0.188,0.22,0.216,0.165,0.204,0.228,0.188,0.242,0.218,0.169,0.149,0.077,0.125,0.167,0.194,0.185,0.19,0.21,0.232,0.23,0.236,0.123,0.101,0.202,0.143,0.22,0.23,0.228,0.171,4960,OrganismalFitness,KKA2_KLEPN,High,Prokaryote
LGK_LIPST_Klesmith_2015,0.217,0.432,0.426,0.427,0.446,0.447,0.133,0.347,0.451,0.418,0.251,0.351,0.388,0.119,0.174,0.227,0.324,0.404,0.435,0.326,0.161,0.241,0.298,0.319,0.185,0.328,0.406,0.305,0.445,0.493,0.371,0.319,0.139,0.171,0.245,0.47,0.214,0.246,0.444,0.436,0.447,0.47,0.105,0.085,0.283,0.175,0.231,0.361,0.376,0.158,7890,Activity,LGK_LIPST,Medium,Eukaryote
LYAM1_HUMAN_Elazar_2016,0.139,0.25,0.25,0.25,0.222,0.25,0.278,0.111,0.25,0.278,0.25,0.222,0.222,0.25,0.278,0.222,0.194,0.167,0.278,0.25,0.333,0.333,0.278,0.25,0.222,0.25,0.194,0.25,0.083,0.222,0.194,0.056,0.194,0.278,0.333,0.222,0.194,0.333,0.222,0.278,0.278,0.25,0.25,0.278,0.194,0.194,0.278,0.222,0.194,0.194,359,Expression,LYAM1_HUMAN,Medium,Human
MAFG_MOUSE_Tsuboyama_2023_1K1V,0.315,0.315,0.35,0.35,0.343,0.336,0.343,0.245,0.252,0.28,0.294,0.322,0.406,0.385,0.378,0.378,0.413,0.455,0.273,0.231,0.224,0.217,0.259,0.301,0.28,0.273,0.294,0.273,0.273,0.252,0.21,0.217,0.161,0.231,0.301,0.231,0.301,0.315,0.294,0.343,0.315,0.322,0.385,0.259,0.35,0.357,0.413,0.315,0.364,0.385,1429,Stability,MAFG_MOUSE,Medium,Eukaryote
MBD11_ARATH_Tsuboyama_2023_6ACV,0.288,0.382,0.33,0.33,0.335,0.335,0.057,0.151,0.288,0.307,0.264,0.255,0.226,0.028,0.028,0.264,0.259,0.264,0.377,0.241,0.024,0.061,0.193,0.179,0.094,0.264,0.274,0.236,0.288,0.274,0.325,0.297,0.316,0.028,0.042,0.047,0.269,0.264,0.283,0.316,0.33,0.316,0.09,0.057,0.307,0.25,0.288,0.335,0.288,0.288,2116,Stability,MBD11_ARATH,Medium,Eukaryote
MET_HUMAN_Estevam_2023,0.148,0.185,0.163,0.174,0.163,0.178,0.163,0.174,0.163,0.159,0.191,0.178,0.174,0.143,0.148,0.172,0.183,0.172,0.187,0.163,0.185,0.187,0.159,0.193,0.193,0.181,0.183,0.191,0.2,0.193,0.17,0.172,0.12,0.161,0.178,0.196,0.167,0.174,0.198,0.176,0.17,0.176,0.17,0.139,0.187,0.178,0.15,0.183,0.169,0.119,5393,Activity,MET_HUMAN,Medium,Human
MK01_HUMAN_Brenan_2016,0.091,0.134,0.134,0.144,0.138,0.122,0.084,0.075,0.141,0.125,0.076,0.119,0.107,0.104,0.103,0.09,0.072,0.085,0.098,0.097,0.101,0.094,0.082,0.09,0.095,0.109,0.103,0.109,0.101,0.122,0.082,0.095,0.109,0.087,0.101,0.09,0.078,0.098,0.088,0.125,0.125,0.106,0.097,0.095,0.113,0.12,0.06,0.109,0.07,0.097,6809,OrganismalFitness,MK01_HUMAN,Medium,Human
MLAC_ECOLI_MacRae_2023,0.095,0.145,0.147,0.137,0.132,0.142,0.115,0.14,0.155,0.147,0.152,0.155,0.177,0.12,0.112,0.112,0.137,0.152,0.18,0.167,0.142,0.14,0.145,0.15,0.147,0.15,0.177,0.16,0.145,0.157,0.12,0.14,0.15,0.112,0.117,0.135,0.09,0.122,0.115,0.127,0.142,0.137,0.1,0.087,0.14,0.11,0.057,0.115,0.115,0.067,4007,OrganismalFitness,MLAC_ECOLI,Medium,Prokaryote
MSH2_HUMAN_Jia_2020,0.133,0.162,0.143,0.147,0.147,0.149,0.1,0.1,0.15,0.147,0.146,0.164,0.164,0.105,0.131,0.153,0.152,0.159,0.146,0.152,0.114,0.127,0.137,0.146,0.138,0.144,0.146,0.134,0.162,0.143,0.147,0.135,0.132,0.128,0.153,0.155,0.134,0.153,0.152,0.159,0.167,0.157,0.122,0.093,0.156,0.134,0.13,0.152,0.101,0.118,16749,OrganismalFitness,MSH2_HUMAN,Medium,Human
MTH3_HAEAE_RockahShmuel_2015,0.144,0.316,0.337,0.326,0.321,0.342,0.134,0.337,0.305,0.305,0.203,0.289,0.316,0.102,0.128,0.155,0.176,0.182,0.23,0.283,0.139,0.16,0.235,0.299,0.203,0.321,0.326,0.283,0.305,0.321,0.332,0.305,0.193,0.171,0.182,0.299,0.16,0.16,0.278,0.342,0.342,0.337,0.128,0.053,0.155,0.123,0.166,0.235,0.262,0.134,1777,OrganismalFitness,MTH3_HAEAE,Medium,Prokaryote
MTHR_HUMAN_Weile_2021,0.122,0.123,0.113,0.123,0.113,0.108,0.096,0.121,0.119,0.135,0.123,0.126,0.126,0.118,0.124,0.135,0.116,0.132,0.138,0.122,0.121,0.118,0.126,0.149,0.13,0.12,0.131,0.119,0.162,0.137,0.139,0.148,0.075,0.127,0.126,0.127,0.11,0.118,0.125,0.109,0.116,0.123,0.122,0.11,0.123,0.126,0.112,0.122,0.127,0.118,12464,OrganismalFitness,MTHR_HUMAN,Low,Human
MYO3_YEAST_Tsuboyama_2023_2BTT,0.227,0.206,0.276,0.212,0.236,0.245,0.073,0.061,0.285,0.297,0.294,0.261,0.264,0.109,0.23,0.355,0.421,0.318,0.179,0.233,0.139,0.091,0.164,0.155,0.188,0.261,0.255,0.227,0.291,0.209,0.209,0.167,0.17,0.212,0.139,0.127,0.291,0.221,0.2,0.276,0.255,0.261,0.194,0.073,0.27,0.2,0.248,0.315,0.339,0.27,3297,Stability,MYO3_YEAST,High,Eukaryote
NCAP_I34A1_Doud_2015,0.258,0.246,0.246,0.247,0.259,0.263,0.111,0.22,0.245,0.246,0.106,0.099,0.094,0.101,0.093,0.096,0.099,0.102,0.129,0.182,0.235,0.264,0.264,0.263,0.098,0.111,0.109,0.107,0.242,0.268,0.199,0.194,0.148,0.249,0.252,0.285,0.26,0.271,0.27,0.28,0.282,0.278,0.094,0.099,0.106,0.093,0.161,0.166,0.178,0.144,9462,OrganismalFitness,NCAP_I34A1,Medium,Virus
NKX31_HUMAN_Tsuboyama_2023_2L9R,0.434,0.426,0.434,0.454,0.442,0.474,0.353,0.361,0.402,0.426,0.305,0.398,0.369,0.402,0.394,0.478,0.51,0.486,0.458,0.406,0.386,0.365,0.329,0.329,0.378,0.317,0.357,0.301,0.321,0.373,0.349,0.369,0.305,0.39,0.386,0.337,0.43,0.402,0.402,0.442,0.446,0.454,0.382,0.406,0.321,0.345,0.386,0.341,0.418,0.418,2482,Stability,NKX31_HUMAN,High,Human
NPC1_HUMAN_Erwood_2022_HEK293T,0.391,0.391,0.406,0.422,0.453,0.453,0.141,0.281,0.344,0.438,0.344,0.172,0.219,0.156,0.219,0.297,0.438,0.391,0.422,0.125,0.203,0.234,0.141,0.297,0.266,0.188,0.406,0.266,0.219,0.359,0.281,0.219,0.078,0.156,0.281,0.375,0.359,0.422,0.422,0.406,0.422,0.453,0.156,0.125,0.375,0.281,0.344,0.375,0.062,0.125,637,Activity,NPC1_HUMAN,Low,Human
NPC1_HUMAN_Erwood_2022_RPE1,0.429,0.429,0.429,0.429,0.429,0.429,0.286,0.286,0.429,0.571,0.286,0.143,0.143,0.143,0.286,0.286,0.429,0.0,0.429,0.143,0.286,0.571,0.571,0.286,0.143,0.286,0.429,0.571,0.571,0.429,0.429,0.286,0.0,0.286,0.429,0.286,0.429,0.429,0.429,0.429,0.429,0.429,0.286,0.286,0.286,0.0,0.286,0.0,0.143,0.143,63,Activity,NPC1_HUMAN,Low,Human
NRAM_I33A0_Jiang_2016,0.433,0.567,0.467,0.433,0.567,0.567,0.067,0.6,0.6,0.6,0.067,0.133,0.6,0.0,0.0,0.067,0.233,0.567,0.5,0.4,0.7,0.667,0.533,0.533,0.0,0.433,0.567,0.4,0.633,0.567,0.4,0.4,0.067,0.6,0.533,0.6,0.533,0.567,0.6,0.633,0.6,0.567,0.0,0.033,0.0,0.033,0.267,0.2,0.4,0.233,298,OrganismalFitness,NRAM_I33A0,Low,Virus
NUD15_HUMAN_Suiter_2020,0.193,0.26,0.281,0.274,0.274,0.284,0.053,0.179,0.274,0.27,0.256,0.207,0.284,0.105,0.126,0.14,0.193,0.239,0.263,0.204,0.102,0.13,0.249,0.253,0.133,0.298,0.267,0.239,0.312,0.309,0.267,0.211,0.098,0.123,0.119,0.305,0.196,0.204,0.302,0.274,0.288,0.309,0.116,0.07,0.284,0.14,0.196,0.33,0.211,0.168,2844,Expression,NUD15_HUMAN,High,Human
NUSA_ECOLI_Tsuboyama_2023_1WCL,0.123,0.256,0.163,0.167,0.172,0.172,0.133,0.128,0.128,0.089,0.177,0.03,0.059,0.103,0.103,0.084,0.148,0.167,0.217,0.163,0.172,0.202,0.197,0.217,0.094,0.143,0.113,0.207,0.251,0.138,0.217,0.217,0.074,0.163,0.143,0.148,0.158,0.118,0.143,0.172,0.163,0.192,0.172,0.138,0.103,0.133,0.374,0.305,0.276,0.345,2028,Stability,NUSA_ECOLI,High,Prokaryote
NUSG_MYCTU_Tsuboyama_2023_2MI6,0.283,0.217,0.225,0.246,0.239,0.246,0.159,0.181,0.254,0.246,0.232,0.254,0.246,0.123,0.261,0.254,0.232,0.217,0.217,0.138,0.116,0.152,0.152,0.152,0.254,0.181,0.167,0.167,0.174,0.246,0.232,0.196,0.217,0.167,0.145,0.181,0.21,0.203,0.21,0.196,0.188,0.21,0.217,0.08,0.188,0.297,0.254,0.21,0.37,0.319,1380,Stability,NUSG_MYCTU,High,Prokaryote
OBSCN_HUMAN_Tsuboyama_2023_1V1C,0.372,0.484,0.547,0.559,0.575,0.541,0.119,0.378,0.522,0.55,0.509,0.469,0.478,0.131,0.453,0.497,0.569,0.519,0.512,0.55,0.447,0.434,0.431,0.428,0.438,0.416,0.45,0.412,0.403,0.494,0.497,0.509,0.328,0.169,0.122,0.319,0.466,0.475,0.491,0.538,0.534,0.531,0.381,0.144,0.406,0.431,0.562,0.438,0.669,0.578,3197,Stability,OBSCN_HUMAN,High,Human
ODP2_GEOSE_Tsuboyama_2023_1W4G,0.184,0.132,0.237,0.167,0.246,0.132,0.193,0.149,0.167,0.14,0.193,0.184,0.184,0.175,0.158,0.211,0.175,0.184,0.167,0.193,0.105,0.114,0.184,0.096,0.088,0.114,0.167,0.105,0.158,0.202,0.123,0.096,0.123,0.167,0.044,0.167,0.158,0.044,0.079,0.158,0.114,0.132,0.175,0.175,0.184,0.184,0.237,0.193,0.246,0.307,1134,Stability,ODP2_GEOSE,High,Prokaryote
OPSD_HUMAN_Wan_2019,0.176,0.412,0.412,0.412,0.471,0.412,0.176,0.412,0.412,0.353,0.353,0.294,0.294,0.294,0.235,0.235,0.294,0.412,0.176,0.412,0.412,0.353,0.235,0.294,0.471,0.353,0.353,0.412,0.235,0.294,0.235,0.235,0.0,0.353,0.235,0.118,0.412,0.294,0.294,0.412,0.412,0.412,0.353,0.059,0.353,0.412,0.176,0.353,0.176,0.176,165,Expression,OPSD_HUMAN,High,Human
OTC_HUMAN_Lo_2023,0.316,0.342,0.297,0.291,0.31,0.304,0.139,0.152,0.367,0.348,0.291,0.323,0.335,0.158,0.291,0.342,0.335,0.297,0.297,0.304,0.323,0.272,0.272,0.278,0.278,0.348,0.304,0.297,0.234,0.304,0.241,0.171,0.133,0.266,0.278,0.278,0.329,0.304,0.323,0.31,0.297,0.316,0.209,0.127,0.316,0.259,0.367,0.304,0.291,0.259,1570,Activity,OTC_HUMAN,Medium,Human
OTU7A_HUMAN_Tsuboyama_2023_2L2D,0.188,0.266,0.203,0.203,0.219,0.203,0.078,0.125,0.141,0.172,0.25,0.297,0.234,0.109,0.281,0.328,0.156,0.172,0.188,0.156,0.109,0.062,0.078,0.078,0.109,0.062,0.078,0.094,0.047,0.031,0.109,0.109,0.062,0.141,0.125,0.141,0.188,0.156,0.125,0.203,0.172,0.188,0.172,0.141,0.25,0.344,0.25,0.203,0.328,0.281,635,Stability,OTU7A_HUMAN,High,Human
OXDA_RHOTO_Vanella_2023_activity,0.127,0.192,0.231,0.223,0.238,0.233,0.114,0.131,0.159,0.167,0.181,0.162,0.172,0.112,0.114,0.156,0.18,0.209,0.217,0.15,0.125,0.142,0.156,0.155,0.119,0.161,0.181,0.162,0.225,0.238,0.191,0.177,0.072,0.133,0.131,0.134,0.138,0.128,0.136,0.223,0.233,0.234,0.122,0.095,0.177,0.136,0.195,0.242,0.248,0.162,6396,Activity,OXDA_RHOTO,High,Eukaryote
OXDA_RHOTO_Vanella_2023_expression,0.096,0.14,0.168,0.161,0.155,0.164,0.149,0.123,0.139,0.145,0.149,0.133,0.134,0.096,0.12,0.151,0.161,0.173,0.18,0.081,0.092,0.145,0.136,0.134,0.111,0.162,0.152,0.14,0.152,0.177,0.127,0.121,0.09,0.108,0.114,0.134,0.109,0.09,0.114,0.155,0.149,0.158,0.111,0.096,0.145,0.114,0.176,0.189,0.186,0.146,6769,Expression,OXDA_RHOTO,High,Eukaryote
P53_HUMAN_Giacomelli_2018_Null_Etoposide,0.099,0.103,0.108,0.1,0.107,0.118,0.098,0.096,0.079,0.076,0.167,0.131,0.158,0.1,0.083,0.107,0.111,0.135,0.143,0.07,0.115,0.151,0.181,0.123,0.116,0.165,0.194,0.201,0.096,0.078,0.142,0.102,0.118,0.107,0.138,0.072,0.103,0.126,0.079,0.099,0.104,0.099,0.111,0.091,0.154,0.087,0.139,0.171,0.13,0.129,7467,OrganismalFitness,P53_HUMAN,Low,Human
P53_HUMAN_Giacomelli_2018_Null_Nutlin,0.084,0.078,0.074,0.075,0.08,0.082,0.116,0.107,0.066,0.066,0.193,0.126,0.174,0.108,0.091,0.112,0.114,0.127,0.149,0.094,0.119,0.166,0.218,0.114,0.112,0.194,0.25,0.244,0.099,0.084,0.171,0.118,0.131,0.119,0.154,0.063,0.106,0.129,0.066,0.078,0.087,0.071,0.126,0.11,0.167,0.099,0.151,0.182,0.163,0.114,7467,OrganismalFitness,P53_HUMAN,Low,Human
P53_HUMAN_Giacomelli_2018_WT_Nutlin,0.074,0.058,0.07,0.062,0.059,0.059,0.074,0.054,0.046,0.043,0.11,0.092,0.107,0.112,0.126,0.111,0.08,0.099,0.106,0.035,0.126,0.099,0.099,0.07,0.09,0.108,0.11,0.112,0.059,0.052,0.09,0.075,0.067,0.071,0.099,0.058,0.079,0.09,0.064,0.058,0.063,0.06,0.091,0.096,0.099,0.096,0.106,0.1,0.115,0.107,7467,OrganismalFitness,P53_HUMAN,Low,Human
P53_HUMAN_Kotler_2018,0.324,0.257,0.276,0.286,0.238,0.229,0.124,0.267,0.248,0.219,0.286,0.219,0.248,0.143,0.133,0.238,0.267,0.276,0.267,0.219,0.2,0.267,0.219,0.229,0.21,0.2,0.21,0.2,0.162,0.286,0.267,0.219,0.038,0.162,0.229,0.229,0.324,0.305,0.314,0.276,0.286,0.257,0.143,0.114,0.2,0.114,0.19,0.229,0.21,0.181,1048,OrganismalFitness,P53_HUMAN,Low,Human
P84126_THETH_Chan_2017,0.276,0.414,0.388,0.401,0.382,0.388,0.184,0.289,0.349,0.382,0.408,0.368,0.382,0.204,0.401,0.355,0.401,0.368,0.414,0.375,0.263,0.329,0.342,0.382,0.322,0.395,0.395,0.355,0.447,0.316,0.362,0.322,0.118,0.309,0.316,0.355,0.289,0.27,0.309,0.355,0.362,0.355,0.257,0.112,0.382,0.395,0.204,0.388,0.362,0.178,1519,OrganismalFitness,P84126_THETH,Medium,Prokaryote
PA_I34A1_Wu_2015,0.335,0.335,0.335,0.324,0.335,0.324,0.115,0.269,0.203,0.187,0.11,0.11,0.093,0.104,0.093,0.104,0.104,0.099,0.247,0.236,0.28,0.275,0.264,0.33,0.121,0.258,0.258,0.225,0.264,0.291,0.264,0.242,0.126,0.275,0.28,0.302,0.335,0.319,0.319,0.33,0.341,0.319,0.11,0.11,0.104,0.11,0.115,0.099,0.071,0.137,1820,OrganismalFitness,PA_I34A1,Medium,Virus
PABP_YEAST_Melamed_2013,0.279,0.269,0.275,0.275,0.29,0.285,0.182,0.234,0.283,0.276,0.277,0.287,0.289,0.172,0.191,0.21,0.242,0.245,0.259,0.249,0.255,0.285,0.275,0.282,0.27,0.281,0.292,0.281,0.25,0.291,0.273,0.249,0.121,0.244,0.27,0.261,0.269,0.285,0.272,0.286,0.291,0.286,0.242,0.115,0.288,0.264,0.126,0.288,0.2,0.148,37708,OrganismalFitness,PABP_YEAST,Medium,Eukaryote
PAI1_HUMAN_Huttinger_2021,0.207,0.215,0.207,0.211,0.211,0.211,0.086,0.172,0.202,0.202,0.196,0.198,0.217,0.121,0.196,0.209,0.2,0.193,0.179,0.202,0.146,0.17,0.151,0.2,0.178,0.179,0.181,0.183,0.168,0.168,0.138,0.121,0.129,0.142,0.196,0.183,0.194,0.215,0.198,0.224,0.217,0.224,0.185,0.133,0.196,0.183,0.217,0.247,0.219,0.155,5345,Activity,PAI1_HUMAN,,Human
PHOT_CHLRE_Chen_2023,0.273,0.396,0.515,0.502,0.368,0.354,0.401,0.393,0.495,0.49,0.434,0.47,0.502,0.505,0.529,0.49,0.526,0.497,0.507,0.362,0.397,0.458,0.413,0.463,0.406,0.438,0.459,0.459,0.423,0.389,0.426,0.381,0.342,0.325,0.317,0.442,0.412,0.388,0.453,0.376,0.39,0.379,0.463,0.288,0.464,0.49,0.23,0.415,0.396,0.269,167529,Activity,PHOT_CHLRE,High,Eukaryote
PIN1_HUMAN_Tsuboyama_2023_1I6C,0.333,0.383,0.42,0.444,0.407,0.395,0.346,0.185,0.321,0.37,0.321,0.296,0.358,0.37,0.358,0.395,0.42,0.296,0.346,0.346,0.296,0.222,0.16,0.111,0.21,0.185,0.123,0.099,0.086,0.198,0.247,0.185,0.198,0.321,0.247,0.21,0.395,0.37,0.296,0.383,0.346,0.309,0.321,0.148,0.358,0.358,0.272,0.321,0.284,0.259,802,Stability,PIN1_HUMAN,High,Human
PITX2_HUMAN_Tsuboyama_2023_2L7M,0.366,0.339,0.333,0.322,0.333,0.339,0.295,0.213,0.35,0.355,0.219,0.29,0.273,0.415,0.383,0.415,0.393,0.361,0.328,0.322,0.213,0.186,0.186,0.186,0.273,0.219,0.235,0.18,0.191,0.311,0.24,0.273,0.23,0.246,0.301,0.164,0.295,0.35,0.251,0.328,0.344,0.322,0.295,0.311,0.18,0.257,0.388,0.202,0.443,0.377,1824,Stability,PITX2_HUMAN,High,Human
PKN1_HUMAN_Tsuboyama_2023_1URF,0.145,0.282,0.145,0.137,0.122,0.153,0.229,0.046,0.053,0.107,0.069,0.13,0.099,0.183,0.16,0.191,0.092,0.046,0.061,0.176,0.176,0.16,0.198,0.153,0.153,0.137,0.16,0.183,0.069,0.046,0.092,0.099,0.099,0.221,0.191,0.191,0.176,0.176,0.168,0.183,0.168,0.153,0.153,0.214,0.13,0.183,0.252,0.153,0.16,0.214,1301,Stability,PKN1_HUMAN,High,Human
POLG_CXB3N_Mattenberger_2021,0.309,0.38,0.361,0.387,0.392,0.399,0.088,0.261,0.387,0.4,0.176,0.09,0.113,0.097,0.091,0.136,0.231,0.252,0.288,0.279,0.288,0.348,0.352,0.328,0.145,0.316,0.319,0.31,0.372,0.391,0.289,0.284,0.096,0.099,0.251,0.316,0.286,0.321,0.342,0.349,0.373,0.375,0.098,0.092,0.196,0.1,0.151,0.215,0.101,0.121,15711,OrganismalFitness,POLG_CXB3N,Medium,Virus
POLG_DEN26_Suphatrakul_2023,0.327,0.395,0.341,0.358,0.384,0.386,0.086,0.299,0.359,0.399,0.143,0.089,0.102,0.08,0.086,0.109,0.134,0.14,0.164,0.331,0.33,0.325,0.331,0.292,0.331,0.344,0.34,0.351,0.349,0.454,0.411,0.314,0.104,0.089,0.16,0.366,0.288,0.332,0.405,0.383,0.393,0.433,0.089,0.086,0.198,0.088,0.188,0.278,0.07,0.136,16897,OrganismalFitness,POLG_DEN26,Low,Virus
POLG_HCVJF_Qi_2014,0.362,0.411,0.368,0.38,0.393,0.405,0.074,0.153,0.319,0.399,0.123,0.387,0.35,0.086,0.092,0.08,0.11,0.092,0.104,0.239,0.196,0.276,0.325,0.288,0.282,0.27,0.239,0.239,0.294,0.387,0.313,0.221,0.067,0.368,0.356,0.288,0.362,0.374,0.362,0.393,0.368,0.344,0.086,0.074,0.331,0.117,0.117,0.331,0.233,0.19,1630,OrganismalFitness,POLG_HCVJF,Medium,Virus
POLG_PESV_Tsuboyama_2023_2MXD,0.164,0.519,0.435,0.454,0.464,0.464,0.088,0.48,0.61,0.604,0.489,0.113,0.129,0.099,0.123,0.117,0.156,0.15,0.127,0.595,0.097,0.078,0.086,0.09,0.109,0.049,0.08,0.051,0.131,0.558,0.608,0.62,0.113,0.105,0.094,0.088,0.296,0.294,0.281,0.437,0.437,0.429,0.185,0.127,0.189,0.154,0.55,0.507,0.561,0.581,5130,Stability,POLG_PESV,Medium,Virus
PPARG_HUMAN_Majithia_2016,0.16,0.237,0.259,0.253,0.255,0.241,0.146,0.193,0.226,0.234,0.245,0.274,0.29,0.124,0.135,0.138,0.158,0.22,0.277,0.288,0.278,0.293,0.175,0.175,0.234,0.308,0.332,0.342,0.179,0.269,0.162,0.076,0.117,0.294,0.268,0.274,0.275,0.33,0.308,0.255,0.275,0.266,0.124,0.121,0.25,0.142,0.244,0.274,0.248,0.162,9576,Activity,PPARG_HUMAN,Medium,Human
PPM1D_HUMAN_Miller_2022,0.18,0.176,0.18,0.187,0.18,0.177,0.128,0.154,0.188,0.188,0.183,0.21,0.2,0.131,0.14,0.161,0.174,0.188,0.201,0.163,0.172,0.174,0.205,0.181,0.177,0.202,0.192,0.214,0.174,0.181,0.172,0.135,0.113,0.163,0.188,0.206,0.191,0.192,0.205,0.187,0.185,0.186,0.142,0.115,0.191,0.171,0.169,0.201,0.188,0.135,7889,OrganismalFitness,PPM1D_HUMAN,Low,Human
PR40A_HUMAN_Tsuboyama_2023_1UZC,0.191,0.23,0.343,0.343,0.299,0.284,0.216,0.216,0.412,0.397,0.397,0.191,0.265,0.221,0.225,0.358,0.387,0.402,0.265,0.299,0.363,0.358,0.387,0.333,0.353,0.392,0.363,0.353,0.363,0.382,0.299,0.25,0.221,0.206,0.245,0.235,0.294,0.275,0.245,0.319,0.314,0.324,0.216,0.221,0.299,0.24,0.338,0.338,0.426,0.319,2033,Stability,PR40A_HUMAN,Medium,Human
PRKN_HUMAN_Clausen_2023,0.205,0.189,0.201,0.207,0.21,0.217,0.12,0.187,0.2,0.204,0.197,0.236,0.227,0.17,0.185,0.225,0.256,0.293,0.292,0.197,0.183,0.213,0.194,0.168,0.187,0.249,0.178,0.241,0.179,0.186,0.151,0.128,0.11,0.155,0.202,0.167,0.209,0.202,0.183,0.216,0.211,0.187,0.185,0.11,0.264,0.185,0.289,0.243,0.308,0.161,8756,Expression,PRKN_HUMAN,Low,Human
PSAE_SYNP2_Tsuboyama_2023_1PSE,0.177,0.165,0.127,0.133,0.152,0.152,0.127,0.07,0.089,0.089,0.373,0.158,0.165,0.12,0.19,0.266,0.278,0.209,0.196,0.133,0.12,0.057,0.12,0.139,0.146,0.152,0.044,0.089,0.101,0.133,0.146,0.133,0.108,0.12,0.089,0.127,0.19,0.177,0.139,0.152,0.165,0.146,0.165,0.139,0.203,0.139,0.278,0.259,0.316,0.291,1579,Stability,PSAE_SYNP2,Medium,Prokaryote
PTEN_HUMAN_Matreyek_2021,0.157,0.183,0.171,0.165,0.153,0.163,0.102,0.159,0.218,0.202,0.185,0.191,0.212,0.104,0.136,0.157,0.183,0.147,0.169,0.181,0.11,0.204,0.191,0.204,0.151,0.169,0.173,0.181,0.179,0.208,0.167,0.165,0.118,0.12,0.208,0.183,0.145,0.2,0.194,0.165,0.193,0.185,0.118,0.094,0.194,0.149,0.173,0.204,0.159,0.13,5083,Expression,PTEN_HUMAN,Medium,Human
PTEN_HUMAN_Mighell_2018,0.208,0.16,0.179,0.185,0.175,0.175,0.116,0.139,0.139,0.149,0.132,0.138,0.139,0.123,0.169,0.187,0.16,0.161,0.169,0.156,0.125,0.132,0.172,0.153,0.15,0.171,0.157,0.161,0.16,0.153,0.161,0.138,0.107,0.146,0.135,0.152,0.191,0.147,0.175,0.175,0.153,0.174,0.16,0.11,0.136,0.198,0.149,0.135,0.179,0.157,7260,Activity,PTEN_HUMAN,Medium,Human
Q2N0S5_9HIV1_Haddox_2018,0.24,0.211,0.189,0.19,0.211,0.214,0.079,0.189,0.236,0.227,0.218,0.233,0.236,0.088,0.082,0.086,0.11,0.104,0.123,0.208,0.238,0.191,0.184,0.163,0.236,0.192,0.185,0.185,0.178,0.232,0.195,0.196,0.162,0.232,0.204,0.207,0.234,0.229,0.23,0.219,0.215,0.215,0.202,0.07,0.222,0.22,0.165,0.237,0.109,0.149,12729,OrganismalFitness,Q2N0S5_9HIV1,Medium,Virus
Q53Z42_HUMAN_McShan_2019_binding-TAPBPR,0.15,0.168,0.171,0.165,0.168,0.168,0.112,0.1,0.118,0.153,0.153,0.165,0.179,0.147,0.176,0.174,0.168,0.188,0.159,0.165,0.135,0.097,0.097,0.094,0.179,0.171,0.15,0.144,0.121,0.115,0.126,0.115,0.144,0.121,0.088,0.079,0.135,0.126,0.1,0.168,0.162,0.147,0.168,0.124,0.176,0.15,0.2,0.191,0.153,0.147,3344,Binding,Q53Z42_HUMAN,Medium,Human
Q53Z42_HUMAN_McShan_2019_expression,0.289,0.283,0.301,0.295,0.31,0.301,0.095,0.17,0.217,0.268,0.286,0.262,0.292,0.14,0.158,0.259,0.283,0.298,0.292,0.289,0.229,0.208,0.19,0.185,0.312,0.307,0.265,0.301,0.265,0.182,0.235,0.199,0.196,0.226,0.176,0.176,0.277,0.253,0.205,0.301,0.298,0.28,0.188,0.14,0.298,0.256,0.298,0.31,0.25,0.161,3344,Expression,Q53Z42_HUMAN,Medium,Human
Q59976_STRSQ_Romero_2015,0.193,0.25,0.243,0.253,0.27,0.267,0.16,0.243,0.27,0.253,0.23,0.177,0.207,0.143,0.18,0.2,0.227,0.233,0.233,0.267,0.25,0.287,0.287,0.297,0.27,0.31,0.313,0.287,0.283,0.277,0.227,0.183,0.15,0.243,0.283,0.297,0.217,0.25,0.273,0.273,0.273,0.277,0.213,0.13,0.243,0.243,0.207,0.23,0.223,0.147,2999,Activity,Q59976_STRSQ,Medium,Prokaryote
Q6WV13_9MAXI_Somermeyer_2022,0.136,0.145,0.111,0.11,0.127,0.124,0.08,0.097,0.133,0.118,0.1,0.092,0.079,0.074,0.078,0.072,0.07,0.072,0.072,0.119,0.088,0.109,0.082,0.116,0.093,0.07,0.074,0.062,0.077,0.149,0.117,0.117,0.087,0.095,0.089,0.115,0.112,0.117,0.112,0.123,0.128,0.125,0.099,0.079,0.084,0.092,0.186,0.152,0.18,0.148,31401,Activity,Q6WV12_9MAXI,Low,Eukaryote
Q837P4_ENTFA_Meier_2023,0.2,0.229,0.214,0.2,0.257,0.257,0.086,0.129,0.257,0.257,0.257,0.229,0.3,0.129,0.186,0.186,0.214,0.286,0.271,0.1,0.271,0.257,0.257,0.357,0.286,0.271,0.286,0.3,0.3,0.271,0.286,0.257,0.1,0.329,0.271,0.3,0.314,0.271,0.286,0.257,0.229,0.243,0.186,0.071,0.243,0.2,0.129,0.229,0.2,0.086,697,Activity,Q837P4_ENTFA,Medium,Prokaryote
Q837P5_ENTFA_Meier_2023,0.067,0.293,0.267,0.28,0.307,0.307,0.12,0.2,0.093,0.187,0.253,0.267,0.24,0.067,0.12,0.12,0.187,0.267,0.227,0.147,0.2,0.2,0.293,0.227,0.187,0.227,0.293,0.267,0.333,0.2,0.24,0.28,0.093,0.24,0.2,0.28,0.24,0.2,0.267,0.24,0.24,0.24,0.093,0.093,0.213,0.16,0.12,0.2,0.227,0.133,747,Activity,Q837P5_ENTFA,Medium,Prokaryote
Q8WTC7_9CNID_Somermeyer_2022,0.183,0.207,0.173,0.179,0.189,0.189,0.097,0.15,0.19,0.197,0.124,0.107,0.107,0.094,0.101,0.104,0.095,0.115,0.11,0.141,0.108,0.11,0.093,0.11,0.097,0.108,0.116,0.185,0.189,0.198,0.12,0.123,0.09,0.104,0.101,0.191,0.179,0.18,0.195,0.192,0.191,0.206,0.108,0.113,0.117,0.112,0.184,0.179,0.201,0.163,33510,Activity,Q8WTC7_9CNID,Low,Eukaryote
R1AB_SARS2_Flynn_2022,0.169,0.171,0.148,0.161,0.166,0.161,0.077,0.12,0.059,0.059,0.086,0.058,0.056,0.068,0.07,0.073,0.084,0.147,0.147,0.117,0.138,0.15,0.145,0.15,0.134,0.131,0.129,0.119,0.143,0.147,0.119,0.119,0.113,0.112,0.113,0.15,0.161,0.155,0.164,0.164,0.164,0.168,0.058,0.056,0.079,0.07,0.154,0.122,0.169,0.147,5725,OrganismalFitness,R1AB_SARS2,Medium,Virus
RAD_ANTMA_Tsuboyama_2023_2CJJ,0.315,0.163,0.13,0.185,0.13,0.185,0.228,0.163,0.283,0.196,0.13,0.076,0.109,0.283,0.315,0.261,0.217,0.239,0.141,0.174,0.337,0.13,0.12,0.174,0.152,0.163,0.152,0.098,0.098,0.239,0.163,0.13,0.207,0.13,0.174,0.207,0.293,0.272,0.25,0.185,0.196,0.196,0.228,0.283,0.13,0.207,0.217,0.141,0.25,0.25,912,Stability,RAD_ANTMA,High,Eukaryote
RAF1_HUMAN_Zinkus-Boltz_2019,0.133,0.167,0.133,0.167,0.2,0.2,0.033,0.2,0.2,0.167,0.2,0.133,0.2,0.1,0.167,0.133,0.133,0.167,0.167,0.167,0.133,0.2,0.167,0.133,0.2,0.2,0.2,0.2,0.133,0.167,0.167,0.167,0.067,0.167,0.2,0.133,0.133,0.167,0.133,0.167,0.133,0.133,0.133,0.067,0.167,0.133,0.067,0.2,0.067,0.067,297,OrganismalFitness,RAF1_HUMAN,Low,Human
RASH_HUMAN_Bandaru_2017,0.166,0.092,0.086,0.092,0.08,0.089,0.073,0.057,0.102,0.096,0.086,0.076,0.061,0.162,0.182,0.156,0.111,0.099,0.105,0.127,0.096,0.099,0.07,0.08,0.086,0.08,0.08,0.067,0.067,0.108,0.054,0.073,0.064,0.115,0.086,0.08,0.124,0.105,0.111,0.092,0.089,0.089,0.134,0.229,0.115,0.115,0.191,0.111,0.121,0.194,3134,Activity,RASH_HUMAN,High,Human
RASK_HUMAN_Weng_2022_abundance,0.174,0.153,0.167,0.174,0.167,0.175,0.107,0.156,0.179,0.187,0.157,0.154,0.157,0.215,0.187,0.197,0.174,0.169,0.176,0.171,0.135,0.154,0.16,0.169,0.154,0.173,0.168,0.163,0.177,0.132,0.153,0.133,0.109,0.132,0.159,0.169,0.143,0.171,0.187,0.173,0.176,0.179,0.183,0.203,0.124,0.172,0.165,0.146,0.2,0.162,26012,Expression,RASK_HUMAN,High,Human
RASK_HUMAN_Weng_2022_binding-DARPin_K55,0.235,0.258,0.274,0.271,0.267,0.27,0.07,0.201,0.278,0.285,0.246,0.253,0.26,0.279,0.282,0.286,0.293,0.267,0.251,0.272,0.238,0.261,0.258,0.249,0.279,0.274,0.252,0.246,0.226,0.242,0.23,0.209,0.176,0.24,0.267,0.256,0.229,0.262,0.258,0.272,0.275,0.273,0.256,0.165,0.271,0.267,0.148,0.219,0.291,0.19,24873,Binding,RASK_HUMAN,High,Human
RBP1_HUMAN_Tsuboyama_2023_2KWH,0.239,0.157,0.239,0.239,0.239,0.239,0.284,0.112,0.187,0.179,0.351,0.343,0.351,0.328,0.343,0.351,0.366,0.157,0.187,0.254,0.328,0.097,0.164,0.082,0.343,0.201,0.194,0.104,0.104,0.157,0.142,0.104,0.104,0.299,0.351,0.291,0.269,0.246,0.239,0.261,0.246,0.224,0.358,0.351,0.343,0.343,0.321,0.321,0.328,0.284,1332,Stability,RBP1_HUMAN,High,Human
RCD1_ARATH_Tsuboyama_2023_5OAO,0.181,0.142,0.165,0.165,0.15,0.157,0.165,0.087,0.134,0.205,0.283,0.26,0.276,0.252,0.307,0.252,0.205,0.157,0.197,0.094,0.228,0.157,0.181,0.205,0.157,0.205,0.213,0.181,0.197,0.134,0.11,0.047,0.071,0.228,0.165,0.244,0.213,0.228,0.22,0.189,0.173,0.173,0.236,0.26,0.22,0.22,0.228,0.26,0.228,0.276,1261,Stability,RCD1_ARATH,Medium,Eukaryote
RCRO_LAMBD_Tsuboyama_2023_1ORC,0.197,0.272,0.298,0.351,0.346,0.311,0.237,0.175,0.298,0.346,0.303,0.272,0.364,0.25,0.307,0.311,0.289,0.281,0.276,0.263,0.18,0.25,0.228,0.25,0.145,0.303,0.175,0.25,0.294,0.289,0.281,0.254,0.184,0.219,0.14,0.254,0.263,0.246,0.272,0.298,0.303,0.281,0.254,0.311,0.316,0.263,0.539,0.404,0.469,0.469,2278,Stability,RCRO_LAMBD,High,Prokaryote
RD23A_HUMAN_Tsuboyama_2023_1IFY,0.441,0.304,0.304,0.324,0.304,0.294,0.304,0.196,0.284,0.284,0.216,0.245,0.255,0.275,0.382,0.275,0.225,0.196,0.186,0.284,0.147,0.255,0.196,0.216,0.265,0.235,0.216,0.245,0.176,0.196,0.235,0.206,0.294,0.137,0.245,0.216,0.353,0.353,0.294,0.333,0.324,0.294,0.255,0.245,0.245,0.284,0.382,0.314,0.441,0.422,1019,Stability,RD23A_HUMAN,High,Human
RDRP_I33A0_Li_2023,0.184,0.259,0.386,0.395,0.396,0.392,0.071,0.346,0.394,0.388,0.117,0.096,0.107,0.102,0.096,0.108,0.214,0.301,0.338,0.405,0.327,0.366,0.377,0.397,0.131,0.332,0.314,0.306,0.356,0.416,0.345,0.335,0.122,0.339,0.36,0.398,0.351,0.376,0.386,0.412,0.415,0.413,0.102,0.092,0.132,0.106,0.138,0.182,0.098,0.136,12003,OrganismalFitness,RDRP_I33A0,Low,Virus
REV_HV1H2_Fernandes_2016,0.13,0.135,0.144,0.135,0.149,0.144,0.112,0.14,0.112,0.107,0.084,0.144,0.126,0.107,0.093,0.065,0.13,0.107,0.107,0.112,0.116,0.098,0.093,0.13,0.102,0.149,0.098,0.126,0.13,0.135,0.135,0.126,0.116,0.13,0.14,0.112,0.144,0.153,0.121,0.153,0.144,0.14,0.102,0.088,0.112,0.102,0.07,0.098,0.116,0.126,2147,OrganismalFitness,REV_HV1H2,Medium,Virus
RFAH_ECOLI_Tsuboyama_2023_2LCL,0.233,0.248,0.18,0.173,0.195,0.165,0.165,0.075,0.113,0.188,0.248,0.173,0.226,0.18,0.158,0.211,0.241,0.12,0.068,0.09,0.143,0.165,0.18,0.158,0.256,0.158,0.195,0.15,0.083,0.083,0.135,0.105,0.053,0.203,0.083,0.068,0.211,0.09,0.158,0.195,0.135,0.173,0.226,0.18,0.233,0.241,0.241,0.173,0.301,0.286,1326,Stability,RFAH_ECOLI,High,Prokaryote
RL20_AQUAE_Tsuboyama_2023_1GYZ,0.095,0.184,0.129,0.136,0.129,0.129,0.163,0.122,0.102,0.102,0.252,0.204,0.238,0.19,0.184,0.19,0.19,0.136,0.129,0.122,0.116,0.156,0.122,0.15,0.102,0.122,0.129,0.15,0.143,0.048,0.129,0.109,0.088,0.136,0.156,0.109,0.143,0.163,0.143,0.143,0.143,0.136,0.224,0.15,0.15,0.224,0.333,0.184,0.361,0.313,1461,Stability,RL20_AQUAE,High,Prokaryote
RL40A_YEAST_Mavor_2016,0.159,0.167,0.167,0.19,0.19,0.183,0.095,0.143,0.159,0.159,0.135,0.19,0.159,0.095,0.143,0.19,0.151,0.151,0.206,0.19,0.175,0.135,0.127,0.111,0.183,0.167,0.151,0.19,0.135,0.159,0.143,0.167,0.087,0.119,0.119,0.119,0.159,0.167,0.167,0.183,0.198,0.167,0.143,0.143,0.135,0.111,0.103,0.056,0.127,0.04,1253,OrganismalFitness,RL40A_YEAST,Medium,Eukaryote
RL40A_YEAST_Roscoe_2013,0.117,0.192,0.175,0.217,0.208,0.217,0.017,0.175,0.158,0.183,0.15,0.15,0.192,0.058,0.142,0.208,0.183,0.183,0.233,0.167,0.2,0.175,0.208,0.15,0.125,0.175,0.167,0.167,0.192,0.242,0.242,0.233,0.175,0.192,0.15,0.15,0.183,0.158,0.158,0.192,0.217,0.2,0.183,0.1,0.192,0.158,0.042,0.125,0.108,0.05,1195,OrganismalFitness,RL40A_YEAST,Medium,Eukaryote
RL40A_YEAST_Roscoe_2014,0.123,0.094,0.116,0.13,0.116,0.109,0.072,0.138,0.13,0.123,0.159,0.138,0.123,0.123,0.217,0.116,0.152,0.138,0.138,0.145,0.174,0.167,0.138,0.167,0.188,0.13,0.101,0.123,0.123,0.138,0.109,0.13,0.123,0.174,0.13,0.109,0.138,0.116,0.116,0.123,0.13,0.123,0.13,0.145,0.145,0.109,0.087,0.101,0.101,0.094,1380,Activity,RL40A_YEAST,Medium,Eukaryote
RNC_ECOLI_Weeks_2023,0.147,0.196,0.117,0.121,0.129,0.131,0.077,0.143,0.147,0.138,0.147,0.136,0.154,0.103,0.147,0.136,0.152,0.171,0.173,0.131,0.189,0.199,0.161,0.182,0.182,0.152,0.168,0.152,0.182,0.143,0.173,0.173,0.119,0.161,0.173,0.15,0.15,0.166,0.168,0.14,0.136,0.15,0.173,0.093,0.138,0.131,0.152,0.168,0.131,0.121,4277,Activity,RNC_ECOLI,Medium,Prokaryote
RPC1_BP434_Tsuboyama_2023_1R69,0.274,0.295,0.233,0.26,0.247,0.26,0.281,0.171,0.199,0.233,0.295,0.288,0.322,0.301,0.315,0.322,0.267,0.26,0.295,0.281,0.219,0.356,0.336,0.26,0.274,0.329,0.247,0.295,0.247,0.253,0.247,0.24,0.178,0.185,0.295,0.301,0.199,0.281,0.288,0.301,0.281,0.281,0.329,0.274,0.26,0.267,0.356,0.308,0.301,0.37,1459,Stability,RPC1_BP434,High,Virus
RPC1_LAMBD_Li_2019_high-expression,0.139,0.083,0.111,0.111,0.111,0.111,0.167,0.028,0.167,0.194,0.083,0.139,0.139,0.194,0.167,0.194,0.167,0.083,0.139,0.194,0.139,0.139,0.222,0.139,0.194,0.139,0.139,0.167,0.111,0.194,0.028,0.0,0.083,0.139,0.139,0.111,0.139,0.139,0.167,0.139,0.111,0.111,0.167,0.222,0.139,0.139,0.194,0.25,0.139,0.167,351,Activity,RPC1_LAMBD,High,Prokaryote
RPC1_LAMBD_Li_2019_low-expression,0.194,0.25,0.222,0.25,0.222,0.222,0.139,0.111,0.25,0.25,0.167,0.194,0.25,0.222,0.194,0.194,0.278,0.222,0.167,0.222,0.111,0.25,0.25,0.167,0.083,0.194,0.222,0.194,0.222,0.222,0.194,0.167,0.139,0.222,0.25,0.194,0.194,0.194,0.167,0.222,0.222,0.222,0.167,0.194,0.194,0.222,0.111,0.25,0.222,0.056,351,Activity,RPC1_LAMBD,High,Prokaryote
RS15_GEOSE_Tsuboyama_2023_1A32,0.142,0.083,0.108,0.117,0.108,0.117,0.092,0.083,0.108,0.1,0.108,0.1,0.083,0.15,0.208,0.192,0.092,0.125,0.142,0.067,0.108,0.108,0.075,0.083,0.133,0.083,0.125,0.1,0.117,0.05,0.075,0.042,0.183,0.117,0.083,0.1,0.133,0.092,0.1,0.117,0.083,0.083,0.192,0.15,0.125,0.217,0.275,0.15,0.158,0.292,1195,Stability,RS15_GEOSE,Medium,Prokaryote
S22A1_HUMAN_Yee_2023_abundance,0.191,0.244,0.262,0.276,0.256,0.255,0.177,0.193,0.262,0.268,0.257,0.262,0.272,0.193,0.204,0.238,0.288,0.269,0.255,0.109,0.242,0.267,0.238,0.229,0.234,0.25,0.248,0.266,0.227,0.254,0.266,0.206,0.13,0.223,0.262,0.254,0.253,0.288,0.272,0.269,0.265,0.269,0.216,0.151,0.272,0.221,0.214,0.288,0.22,0.149,9803,Expression,S22A1_HUMAN,Medium,Human
S22A1_HUMAN_Yee_2023_activity,0.167,0.19,0.214,0.213,0.21,0.216,0.133,0.17,0.205,0.198,0.197,0.215,0.198,0.168,0.152,0.171,0.204,0.208,0.18,0.094,0.192,0.199,0.191,0.176,0.187,0.193,0.185,0.201,0.166,0.182,0.191,0.159,0.14,0.168,0.205,0.205,0.171,0.212,0.215,0.217,0.212,0.218,0.164,0.127,0.207,0.157,0.196,0.232,0.193,0.146,10094,Activity,S22A1_HUMAN,Medium,Human
SAV1_MOUSE_Tsuboyama_2023_2YSB,0.454,0.381,0.423,0.433,0.464,0.474,0.309,0.103,0.361,0.454,0.258,0.268,0.258,0.196,0.423,0.412,0.258,0.278,0.175,0.206,0.103,0.103,0.072,0.093,0.268,0.134,0.103,0.093,0.103,0.062,0.216,0.206,0.144,0.216,0.196,0.165,0.402,0.412,0.392,0.433,0.443,0.433,0.361,0.216,0.34,0.32,0.381,0.371,0.392,0.412,965,Stability,SAV1_MOUSE,High,Eukaryote
SBI_STAAM_Tsuboyama_2023_2JVG,0.204,0.194,0.223,0.214,0.233,0.214,0.194,0.107,0.252,0.262,0.262,0.184,0.204,0.155,0.175,0.223,0.32,0.272,0.223,0.126,0.194,0.204,0.184,0.165,0.175,0.184,0.204,0.165,0.184,0.165,0.291,0.184,0.117,0.146,0.146,0.126,0.175,0.194,0.204,0.214,0.223,0.223,0.184,0.223,0.214,0.184,0.311,0.33,0.311,0.34,1025,Stability,SBI_STAAM,Medium,Prokaryote
SC6A4_HUMAN_Young_2021,0.164,0.22,0.201,0.202,0.218,0.204,0.159,0.298,0.205,0.225,0.242,0.212,0.222,0.106,0.135,0.177,0.196,0.213,0.217,0.262,0.244,0.306,0.304,0.286,0.251,0.294,0.285,0.273,0.269,0.226,0.195,0.139,0.187,0.257,0.294,0.289,0.215,0.241,0.251,0.209,0.221,0.217,0.205,0.096,0.247,0.213,0.232,0.266,0.219,0.142,11576,Activity,SC6A4_HUMAN,Medium,Human
SCIN_STAAR_Tsuboyama_2023_2QFF,0.156,0.139,0.123,0.139,0.131,0.139,0.238,0.074,0.197,0.172,0.246,0.246,0.254,0.172,0.246,0.279,0.328,0.262,0.303,0.098,0.164,0.189,0.197,0.23,0.27,0.254,0.279,0.254,0.238,0.131,0.098,0.082,0.148,0.115,0.123,0.213,0.164,0.172,0.172,0.123,0.148,0.156,0.254,0.238,0.262,0.27,0.287,0.303,0.221,0.197,1212,Stability,SCIN_STAAR,High,Prokaryote
SCN5A_HUMAN_Glazer_2019,0.13,0.087,0.13,0.13,0.13,0.13,0.217,0.174,0.13,0.13,0.13,0.13,0.174,0.174,0.13,0.087,0.13,0.13,0.174,0.174,0.13,0.174,0.13,0.13,0.13,0.13,0.13,0.087,0.13,0.13,0.087,0.174,0.174,0.087,0.13,0.174,0.043,0.13,0.174,0.087,0.13,0.13,0.174,0.174,0.174,0.087,0.043,0.043,0.13,0.043,224,OrganismalFitness,SCN5A_HUMAN,Medium,Human
SDA_BACSU_Tsuboyama_2023_1PV0,0.531,0.52,0.574,0.563,0.588,0.596,0.13,0.458,0.552,0.574,0.538,0.495,0.516,0.209,0.264,0.523,0.538,0.567,0.545,0.531,0.141,0.181,0.191,0.274,0.191,0.466,0.101,0.347,0.52,0.592,0.509,0.469,0.014,0.116,0.264,0.462,0.542,0.542,0.523,0.578,0.585,0.574,0.224,0.184,0.52,0.264,0.534,0.552,0.592,0.563,2770,Stability,SDA_BACSU,Medium,Prokaryote
SERC_HUMAN_Xie_2023,0.13,0.156,0.135,0.146,0.141,0.156,0.089,0.146,0.125,0.125,0.135,0.156,0.12,0.073,0.12,0.141,0.12,0.146,0.125,0.135,0.13,0.13,0.151,0.141,0.109,0.109,0.13,0.13,0.156,0.151,0.13,0.161,0.115,0.135,0.167,0.156,0.146,0.135,0.151,0.146,0.141,0.141,0.125,0.073,0.125,0.12,0.135,0.125,0.141,0.141,1914,OrganismalFitness,SERC_HUMAN,High,Human
SHOC2_HUMAN_Kwon_2022,0.14,0.148,0.156,0.156,0.156,0.154,0.123,0.143,0.115,0.144,0.139,0.145,0.147,0.124,0.12,0.117,0.138,0.127,0.117,0.144,0.124,0.125,0.138,0.123,0.109,0.127,0.134,0.141,0.137,0.143,0.15,0.153,0.111,0.12,0.142,0.144,0.132,0.148,0.136,0.149,0.153,0.157,0.127,0.126,0.138,0.119,0.139,0.139,0.119,0.119,10972,OrganismalFitness,SHOC2_HUMAN,Medium,Human
SOX30_HUMAN_Tsuboyama_2023_7JJK,0.168,0.149,0.089,0.109,0.119,0.129,0.139,0.089,0.129,0.129,0.139,0.158,0.129,0.178,0.149,0.208,0.188,0.178,0.109,0.099,0.089,0.05,0.099,0.069,0.099,0.089,0.079,0.099,0.119,0.099,0.099,0.089,0.099,0.099,0.05,0.079,0.149,0.099,0.099,0.149,0.119,0.109,0.149,0.099,0.109,0.178,0.139,0.139,0.139,0.178,1010,Stability,SOX30_HUMAN,High,Human
SPA_STAAU_Tsuboyama_2023_1LP1,0.327,0.384,0.346,0.346,0.36,0.351,0.085,0.275,0.408,0.436,0.289,0.095,0.1,0.076,0.104,0.071,0.152,0.171,0.142,0.327,0.028,0.118,0.308,0.156,0.081,0.057,0.109,0.303,0.322,0.218,0.237,0.204,0.043,0.09,0.085,0.123,0.332,0.336,0.332,0.37,0.379,0.379,0.085,0.1,0.185,0.166,0.28,0.265,0.37,0.355,2105,Stability,SPA_STAAU,Medium,Prokaryote
SPG1_STRSG_Olson_2014,0.208,0.214,0.094,0.098,0.204,0.206,0.089,0.081,0.152,0.187,0.221,0.2,0.199,0.237,0.212,0.204,0.205,0.203,0.217,0.17,0.221,0.206,0.204,0.213,0.212,0.205,0.215,0.214,0.22,0.219,0.239,0.239,0.141,0.193,0.187,0.186,0.203,0.198,0.195,0.204,0.199,0.201,0.073,0.087,0.101,0.089,0.201,0.189,0.216,0.155,536962,Binding,SPG1_STRSG,Low,Prokaryote
SPG1_STRSG_Wu_2016,0.135,0.197,0.187,0.206,0.199,0.202,0.174,0.168,0.317,0.291,0.279,0.283,0.267,0.259,0.272,0.283,0.306,0.311,0.32,0.274,0.222,0.212,0.222,0.231,0.202,0.241,0.24,0.229,0.229,0.195,0.333,0.323,0.137,0.232,0.2,0.243,0.185,0.178,0.208,0.216,0.214,0.228,0.186,0.158,0.221,0.165,0.248,0.239,0.334,0.227,149360,Binding,SPG1_STRSG,Medium,Prokaryote
SPG2_STRSG_Tsuboyama_2023_5UBS,0.151,0.096,0.13,0.11,0.144,0.13,0.219,0.151,0.171,0.137,0.233,0.24,0.205,0.171,0.219,0.199,0.226,0.274,0.233,0.192,0.185,0.253,0.199,0.144,0.123,0.205,0.178,0.26,0.082,0.212,0.144,0.103,0.021,0.164,0.301,0.137,0.212,0.233,0.171,0.164,0.158,0.158,0.205,0.158,0.199,0.178,0.205,0.212,0.212,0.185,1451,Stability,SPG2_STRSG,Medium,Prokaryote
SPIKE_SARS2_Starr_2020_binding,0.155,0.227,0.181,0.196,0.208,0.213,0.099,0.227,0.242,0.227,0.104,0.111,0.114,0.109,0.126,0.116,0.111,0.111,0.097,0.229,0.205,0.22,0.222,0.21,0.21,0.215,0.2,0.215,0.191,0.227,0.213,0.213,0.159,0.208,0.22,0.227,0.22,0.217,0.222,0.232,0.234,0.232,0.101,0.106,0.109,0.116,0.29,0.227,0.196,0.159,3802,Binding,SPIKE_SARS2,Medium,Virus
SPIKE_SARS2_Starr_2020_expression,0.141,0.234,0.139,0.193,0.219,0.224,0.098,0.195,0.257,0.249,0.095,0.108,0.108,0.103,0.134,0.108,0.111,0.08,0.072,0.229,0.167,0.18,0.162,0.162,0.198,0.172,0.159,0.18,0.167,0.237,0.201,0.201,0.129,0.172,0.175,0.211,0.165,0.185,0.203,0.211,0.226,0.226,0.103,0.09,0.129,0.118,0.357,0.365,0.326,0.165,3798,Expression,SPIKE_SARS2,Medium,Virus
SPTN1_CHICK_Tsuboyama_2023_1TUD,0.399,0.486,0.396,0.374,0.433,0.396,0.231,0.318,0.293,0.38,0.495,0.386,0.449,0.065,0.417,0.436,0.386,0.517,0.399,0.427,0.38,0.452,0.38,0.393,0.399,0.467,0.421,0.449,0.47,0.427,0.47,0.486,0.1,0.374,0.33,0.346,0.411,0.433,0.396,0.396,0.396,0.399,0.283,0.125,0.346,0.312,0.374,0.383,0.567,0.558,3201,Stability,SPTN1_CHICK,High,Eukaryote
SQSTM_MOUSE_Tsuboyama_2023_2RRU,0.296,0.324,0.423,0.437,0.437,0.423,0.042,0.239,0.296,0.324,0.31,0.155,0.296,0.155,0.254,0.282,0.352,0.324,0.352,0.338,0.141,0.296,0.211,0.296,0.324,0.31,0.268,0.268,0.31,0.268,0.239,0.254,0.169,0.183,0.254,0.324,0.338,0.423,0.394,0.451,0.423,0.408,0.183,0.169,0.282,0.38,0.408,0.282,0.366,0.408,707,Stability,SQSTM_MOUSE,Medium,Eukaryote
SR43C_ARATH_Tsuboyama_2023_2N88,0.308,0.308,0.302,0.283,0.296,0.302,0.057,0.157,0.352,0.327,0.377,0.327,0.34,0.038,0.346,0.371,0.384,0.409,0.409,0.308,0.044,0.189,0.22,0.17,0.245,0.233,0.277,0.296,0.302,0.189,0.327,0.264,0.126,0.189,0.132,0.208,0.352,0.289,0.296,0.321,0.314,0.296,0.277,0.057,0.358,0.333,0.233,0.384,0.428,0.453,1583,Stability,SR43C_ARATH,High,Eukaryote
SRBS1_HUMAN_Tsuboyama_2023_2O2W,0.231,0.179,0.378,0.333,0.256,0.301,0.218,0.237,0.192,0.244,0.308,0.288,0.301,0.179,0.333,0.301,0.263,0.288,0.333,0.199,0.269,0.244,0.269,0.205,0.231,0.237,0.263,0.192,0.212,0.301,0.186,0.167,0.212,0.237,0.231,0.269,0.256,0.256,0.276,0.308,0.321,0.295,0.231,0.083,0.269,0.288,0.301,0.218,0.378,0.353,1556,Stability,SRBS1_HUMAN,High,Human
SRC_HUMAN_Ahler_2019,0.121,0.112,0.086,0.101,0.089,0.089,0.13,0.074,0.068,0.068,0.083,0.101,0.092,0.151,0.183,0.13,0.115,0.124,0.089,0.071,0.083,0.056,0.074,0.062,0.077,0.08,0.077,0.071,0.065,0.115,0.074,0.092,0.121,0.08,0.071,0.083,0.086,0.083,0.109,0.086,0.089,0.089,0.148,0.157,0.068,0.109,0.098,0.083,0.08,0.095,3372,Activity,SRC_HUMAN,Medium,Human
SRC_HUMAN_Chakraborty_2023_binding-DAS_25uM,0.11,0.091,0.096,0.102,0.102,0.082,0.118,0.069,0.102,0.082,0.08,0.091,0.091,0.137,0.132,0.104,0.088,0.099,0.091,0.06,0.052,0.038,0.074,0.049,0.058,0.06,0.077,0.049,0.063,0.124,0.066,0.085,0.121,0.066,0.058,0.06,0.074,0.074,0.077,0.082,0.069,0.077,0.107,0.118,0.052,0.093,0.096,0.074,0.066,0.088,3637,Activity,SRC_HUMAN,Medium,Human
SRC_HUMAN_Nguyen_2022,0.107,0.083,0.095,0.08,0.065,0.065,0.092,0.08,0.119,0.068,0.074,0.086,0.086,0.131,0.131,0.104,0.101,0.107,0.086,0.08,0.104,0.083,0.101,0.074,0.092,0.086,0.089,0.077,0.065,0.107,0.071,0.098,0.101,0.089,0.077,0.083,0.083,0.086,0.089,0.083,0.071,0.077,0.122,0.119,0.08,0.089,0.11,0.083,0.077,0.092,3366,OrganismalFitness,SRC_HUMAN,Medium,Human
SUMO1_HUMAN_Weile_2017,0.118,0.141,0.124,0.141,0.112,0.118,0.082,0.165,0.188,0.188,0.229,0.188,0.206,0.071,0.141,0.153,0.182,0.153,0.159,0.176,0.118,0.159,0.153,0.176,0.182,0.176,0.147,0.2,0.188,0.329,0.194,0.2,0.088,0.088,0.176,0.176,0.124,0.135,0.188,0.129,0.129,0.141,0.124,0.082,0.171,0.129,0.129,0.182,0.188,0.141,1700,OrganismalFitness,SUMO1_HUMAN,High,Human
SYUA_HUMAN_Newberry_2020,0.064,0.032,0.036,0.024,0.036,0.024,0.08,0.044,0.052,0.036,0.028,0.04,0.024,0.036,0.06,0.044,0.032,0.032,0.032,0.04,0.056,0.044,0.02,0.04,0.048,0.028,0.032,0.012,0.036,0.06,0.044,0.06,0.032,0.028,0.036,0.036,0.02,0.032,0.024,0.028,0.028,0.02,0.052,0.064,0.024,0.044,0.064,0.024,0.04,0.076,2497,OrganismalFitness,SYUA_HUMAN,Medium,Human
TADBP_HUMAN_Bolognesi_2019,0.008,0.017,0.008,0.008,0.008,0.008,0.267,0.0,0.017,0.017,0.067,0.092,0.042,0.125,0.133,0.1,0.05,0.017,0.008,0.008,0.158,0.017,0.008,0.008,0.217,0.033,0.0,0.008,0.008,0.008,0.0,0.0,0.017,0.2,0.267,0.0,0.05,0.092,0.008,0.008,0.017,0.0,0.183,0.25,0.067,0.083,0.2,0.067,0.208,0.117,1196,OrganismalFitness,TADBP_HUMAN,Low,Human
TAT_HV1BR_Fernandes_2016,0.12,0.139,0.139,0.139,0.139,0.139,0.076,0.133,0.127,0.133,0.127,0.152,0.139,0.114,0.127,0.082,0.089,0.108,0.12,0.158,0.12,0.152,0.152,0.158,0.133,0.146,0.101,0.133,0.133,0.158,0.095,0.095,0.12,0.127,0.139,0.146,0.139,0.127,0.127,0.146,0.139,0.146,0.082,0.063,0.108,0.114,0.101,0.108,0.101,0.089,1577,OrganismalFitness,TAT_HV1BR,High,Virus
TCRG1_MOUSE_Tsuboyama_2023_1E0L,0.396,0.34,0.377,0.387,0.349,0.349,0.443,0.085,0.406,0.387,0.104,0.217,0.226,0.368,0.17,0.283,0.358,0.151,0.226,0.132,0.094,0.075,0.104,0.142,0.123,0.085,0.104,0.142,0.057,0.085,0.075,0.047,0.349,0.132,0.16,0.274,0.302,0.34,0.34,0.311,0.34,0.311,0.33,0.16,0.17,0.264,0.189,0.142,0.274,0.358,1058,Stability,TCRG1_MOUSE,Medium,Eukaryote
THO1_YEAST_Tsuboyama_2023_2WQG,0.297,0.289,0.352,0.375,0.391,0.391,0.211,0.227,0.336,0.391,0.312,0.375,0.352,0.102,0.352,0.344,0.336,0.328,0.359,0.391,0.164,0.289,0.227,0.141,0.273,0.305,0.086,0.289,0.422,0.336,0.281,0.219,0.352,0.117,0.336,0.211,0.367,0.43,0.352,0.367,0.422,0.391,0.281,0.258,0.383,0.297,0.422,0.445,0.445,0.508,1279,Stability,THO1_YEAST,High,Eukaryote
TNKS2_HUMAN_Tsuboyama_2023_5JRT,0.297,0.277,0.243,0.243,0.216,0.216,0.034,0.196,0.182,0.216,0.25,0.23,0.25,0.061,0.27,0.291,0.257,0.25,0.243,0.196,0.209,0.291,0.257,0.277,0.216,0.284,0.203,0.264,0.23,0.23,0.297,0.284,0.142,0.135,0.209,0.216,0.277,0.291,0.27,0.236,0.23,0.236,0.25,0.162,0.351,0.236,0.345,0.345,0.372,0.419,1479,Stability,TNKS2_HUMAN,High,Human
TPK1_HUMAN_Weile_2017,0.135,0.129,0.132,0.11,0.122,0.122,0.097,0.132,0.141,0.125,0.141,0.15,0.119,0.091,0.129,0.132,0.125,0.129,0.144,0.122,0.094,0.132,0.107,0.141,0.113,0.144,0.125,0.11,0.135,0.15,0.129,0.119,0.088,0.094,0.144,0.138,0.129,0.125,0.138,0.122,0.119,0.135,0.103,0.088,0.116,0.094,0.147,0.138,0.141,0.138,3181,OrganismalFitness,TPK1_HUMAN,Medium,Human
TPMT_HUMAN_Matreyek_2018,0.181,0.219,0.216,0.197,0.195,0.197,0.107,0.189,0.195,0.197,0.205,0.197,0.2,0.132,0.156,0.205,0.203,0.2,0.184,0.208,0.137,0.164,0.205,0.205,0.167,0.186,0.208,0.192,0.205,0.216,0.244,0.2,0.132,0.129,0.2,0.175,0.175,0.205,0.175,0.205,0.214,0.208,0.132,0.09,0.205,0.173,0.178,0.238,0.222,0.173,3648,Expression,TPMT_HUMAN,Medium,Human
TPOR_HUMAN_Bridgford_2020,0.368,0.211,0.404,0.281,0.228,0.228,0.351,0.228,0.281,0.263,0.298,0.281,0.298,0.211,0.263,0.263,0.193,0.228,0.246,0.175,0.246,0.281,0.228,0.263,0.298,0.193,0.351,0.351,0.298,0.175,0.175,0.123,0.386,0.246,0.263,0.281,0.368,0.351,0.263,0.281,0.298,0.228,0.228,0.246,0.211,0.298,0.105,0.281,0.298,0.193,562,OrganismalFitness,TPOR_HUMAN,Low,Human
TRPC_SACS2_Chan_2017,0.382,0.513,0.461,0.474,0.48,0.474,0.125,0.414,0.487,0.487,0.454,0.428,0.434,0.191,0.329,0.401,0.48,0.5,0.447,0.48,0.178,0.355,0.388,0.414,0.395,0.322,0.401,0.421,0.487,0.513,0.474,0.395,0.158,0.322,0.355,0.342,0.375,0.414,0.408,0.461,0.454,0.454,0.237,0.145,0.388,0.296,0.283,0.434,0.454,0.151,1519,OrganismalFitness,TRPC_SACS2,Medium,Prokaryote
TRPC_THEMA_Chan_2017,0.303,0.355,0.276,0.316,0.342,0.329,0.197,0.243,0.362,0.349,0.316,0.309,0.336,0.211,0.316,0.336,0.368,0.349,0.336,0.355,0.23,0.283,0.316,0.382,0.329,0.329,0.316,0.362,0.368,0.224,0.336,0.257,0.092,0.27,0.349,0.362,0.309,0.329,0.322,0.336,0.342,0.336,0.316,0.086,0.349,0.303,0.309,0.368,0.316,0.191,1519,OrganismalFitness,TRPC_THEMA,Medium,Prokaryote
UBC9_HUMAN_Weile_2017,0.152,0.187,0.171,0.171,0.187,0.187,0.07,0.125,0.163,0.167,0.16,0.144,0.144,0.074,0.093,0.144,0.152,0.16,0.148,0.16,0.109,0.121,0.128,0.109,0.128,0.144,0.128,0.136,0.125,0.144,0.097,0.101,0.054,0.109,0.113,0.128,0.136,0.148,0.16,0.167,0.183,0.175,0.144,0.086,0.128,0.171,0.156,0.16,0.132,0.144,2563,OrganismalFitness,UBC9_HUMAN,Medium,Human
UBE4B_HUMAN_Tsuboyama_2023_3L1X,0.251,0.386,0.408,0.399,0.427,0.424,0.193,0.333,0.421,0.474,0.49,0.433,0.455,0.229,0.427,0.51,0.499,0.477,0.46,0.402,0.143,0.38,0.397,0.43,0.322,0.408,0.413,0.405,0.419,0.386,0.466,0.405,0.328,0.132,0.16,0.446,0.311,0.311,0.402,0.435,0.438,0.427,0.264,0.171,0.27,0.311,0.372,0.325,0.521,0.342,3622,Stability,UBE4B_HUMAN,High,Human
UBE4B_MOUSE_Starita_2013,0.156,0.122,0.122,0.122,0.1,0.122,0.122,0.122,0.089,0.1,0.111,0.133,0.111,0.078,0.122,0.122,0.122,0.122,0.089,0.056,0.089,0.056,0.089,0.1,0.078,0.089,0.089,0.1,0.1,0.111,0.056,0.067,0.1,0.111,0.078,0.089,0.156,0.156,0.156,0.122,0.122,0.122,0.1,0.144,0.067,0.122,0.133,0.089,0.044,0.156,899,Activity,UBE4B_MOUSE,Low,Eukaryote
UBR5_HUMAN_Tsuboyama_2023_1I2T,0.171,0.192,0.137,0.151,0.164,0.164,0.185,0.068,0.116,0.158,0.13,0.185,0.24,0.192,0.192,0.205,0.096,0.205,0.185,0.13,0.137,0.158,0.164,0.178,0.199,0.13,0.178,0.158,0.192,0.178,0.164,0.089,0.185,0.185,0.178,0.192,0.144,0.164,0.164,0.164,0.158,0.192,0.212,0.212,0.212,0.164,0.226,0.185,0.192,0.253,1453,Stability,UBR5_HUMAN,Medium,Human
VG08_BPP22_Tsuboyama_2023_2GP8,0.288,0.178,0.164,0.164,0.192,0.205,0.233,0.11,0.219,0.151,0.178,0.274,0.247,0.274,0.219,0.192,0.247,0.178,0.123,0.123,0.233,0.219,0.11,0.11,0.205,0.096,0.151,0.123,0.082,0.205,0.096,0.068,0.123,0.192,0.26,0.082,0.233,0.329,0.164,0.205,0.205,0.164,0.205,0.26,0.219,0.164,0.082,0.068,0.096,0.205,723,Stability,VG08_BPP22,High,Virus
VILI_CHICK_Tsuboyama_2023_1YU5,0.249,0.436,0.502,0.525,0.486,0.502,0.125,0.28,0.405,0.44,0.432,0.412,0.444,0.171,0.117,0.463,0.553,0.494,0.401,0.467,0.109,0.265,0.284,0.296,0.346,0.346,0.331,0.292,0.428,0.447,0.463,0.424,0.187,0.148,0.346,0.319,0.346,0.42,0.385,0.467,0.486,0.463,0.187,0.237,0.479,0.385,0.428,0.475,0.541,0.397,2568,Stability,VILI_CHICK,High,Eukaryote
VKOR1_HUMAN_Chiasson_2020_abundance,0.252,0.174,0.215,0.219,0.196,0.196,0.137,0.163,0.181,0.193,0.167,0.193,0.181,0.126,0.215,0.241,0.204,0.222,0.178,0.207,0.181,0.152,0.248,0.215,0.211,0.144,0.167,0.148,0.137,0.204,0.167,0.133,0.126,0.159,0.196,0.141,0.23,0.219,0.185,0.196,0.189,0.215,0.137,0.104,0.196,0.215,0.204,0.174,0.2,0.163,2695,Expression,VKOR1_HUMAN,Medium,Human
VKOR1_HUMAN_Chiasson_2020_activity,0.171,0.171,0.186,0.171,0.171,0.186,0.071,0.157,0.157,0.157,0.129,0.143,0.157,0.071,0.114,0.157,0.171,0.143,0.157,0.2,0.1,0.1,0.143,0.114,0.1,0.114,0.143,0.129,0.086,0.171,0.114,0.143,0.186,0.057,0.057,0.1,0.143,0.157,0.143,0.157,0.143,0.157,0.071,0.057,0.143,0.086,0.171,0.186,0.186,0.143,697,Activity,VKOR1_HUMAN,Medium,Human
VRPI_BPT7_Tsuboyama_2023_2WNM,0.048,0.152,0.143,0.162,0.133,0.124,0.076,0.048,0.038,0.057,0.181,0.133,0.133,0.114,0.133,0.19,0.229,0.257,0.162,0.076,0.086,0.143,0.095,0.133,0.152,0.105,0.086,0.124,0.248,0.124,0.2,0.19,0.114,0.105,0.162,0.133,0.076,0.095,0.095,0.143,0.133,0.124,0.152,0.105,0.181,0.124,0.276,0.238,0.21,0.267,1047,Stability,VRPI_BPT7,Medium,Virus
YAIA_ECOLI_Tsuboyama_2023_2KVT,0.18,0.275,0.302,0.302,0.296,0.296,0.069,0.249,0.307,0.349,0.265,0.122,0.312,0.079,0.095,0.344,0.392,0.487,0.439,0.317,0.048,0.058,0.048,0.212,0.063,0.074,0.053,0.074,0.36,0.328,0.307,0.265,0.053,0.048,0.116,0.392,0.18,0.243,0.333,0.296,0.312,0.339,0.164,0.079,0.18,0.175,0.439,0.392,0.434,0.365,1890,Stability,YAIA_ECOLI,Medium,Prokaryote
YAP1_HUMAN_Araya_2012,0.22,0.155,0.232,0.231,0.233,0.228,0.176,0.073,0.088,0.074,0.175,0.135,0.116,0.181,0.202,0.225,0.209,0.191,0.152,0.093,0.08,0.068,0.065,0.086,0.096,0.06,0.066,0.089,0.062,0.136,0.125,0.136,0.138,0.133,0.067,0.092,0.188,0.127,0.15,0.209,0.184,0.204,0.259,0.034,0.178,0.263,0.148,0.182,0.125,0.162,10075,Binding,YAP1_HUMAN,Low,Human
YNZC_BACSU_Tsuboyama_2023_2JVD,0.374,0.374,0.378,0.374,0.378,0.378,0.383,0.33,0.383,0.391,0.457,0.448,0.457,0.461,0.474,0.439,0.483,0.47,0.43,0.378,0.435,0.491,0.509,0.517,0.478,0.443,0.478,0.43,0.422,0.435,0.422,0.391,0.439,0.435,0.452,0.426,0.426,0.391,0.383,0.4,0.387,0.391,0.422,0.361,0.422,0.439,0.439,0.496,0.548,0.53,2300,Stability,YNZC_BACSU,Medium,Prokaryote
