,Tranception_L_no_retrieval,Tranception_S_retrieval,Tranception_M_retrieval,Tranception_L_retrieval,EVE_single,EVE_ensemble,MSA_Transformer_single,MSA_Transformer_ensemble,ESM1v_single,ESM1v_ensemble,Wavenet,DeepSequence_single,DeepSequence_ensemble,Site_Independent,EVmutation,RITA_s,RITA_m,RITA_l,RITA_xl,RITA_ensemble,Progen2_small,Progen2_medium,Progen2_base,Progen2_large,Progen2_xlarge,Progen2_ensemble,Unirep,Unirep_evotune,GEMME,VESPA,VESPAl,ESM1b,ProtGPT2,TranceptEVE_L,number_mutants,UniProt_ID,Neff_L_category,Taxon
A0A140D2T1_ZIKV_Sourisseau_growth_2019,0.633,0.677,0.676,0.672,0.692,0.698,0.737,0.724,0.467,0.494,0.612,0.56,0.544,0.69,0.674,0.674,0.651,0.656,0.651,0.67,0.658,0.669,0.66,0.653,0.644,0.669,0.426,0.532,0.725,0.653,0.64,0.485,0.499,0.685,9576,A0A140D2T1_ZIKV,medium,Virus
A0A192B1T2_9HIV1_Haddox_2018,0.778,0.774,0.775,0.779,0.776,0.779,0.777,0.778,0.767,0.778,0.752,0.727,0.739,0.761,0.724,0.767,0.775,0.775,0.774,0.78,0.769,0.77,0.754,0.765,0.767,0.777,0.502,0.771,0.773,0.796,0.779,0.744,0.681,0.786,12577,A0A192B1T2_9HIV1,medium,Virus
A0A1I9GEU1_NEIME_Kennouche_2019,0.55,0.516,0.521,0.531,0.528,0.528,0.551,0.553,0.521,0.525,0.538,0.556,0.547,0.491,0.518,0.491,0.518,0.531,0.54,0.529,0.517,0.537,0.537,0.539,0.542,0.537,0.488,0.537,0.525,0.51,0.504,0.521,0.513,0.538,922,A0A1I9GEU1_NEIME,medium,Prokaryote
A0A2Z5U3Z0_9INFA_Doud_2016,0.77,0.767,0.783,0.777,0.782,0.783,0.587,0.774,0.769,0.786,0.708,0.751,0.769,0.745,0.744,0.742,0.777,0.768,0.782,0.781,0.721,0.769,0.765,0.757,0.762,0.782,0.499,0.758,0.78,0.76,0.715,0.559,0.54,0.796,10715,A0A2Z5U3Z0_9INFA,medium,Virus
A0A2Z5U3Z0_9INFA_Wu_2014,0.771,0.766,0.781,0.784,0.769,0.777,0.756,0.768,0.741,0.766,0.735,0.734,0.749,0.753,0.766,0.729,0.76,0.755,0.768,0.767,0.681,0.738,0.747,0.731,0.748,0.754,0.497,0.725,0.764,0.731,0.697,0.579,0.547,0.794,2350,A0A2Z5U3Z0_9INFA,medium,Virus
A4_HUMAN_Seuma_2021,0.691,0.74,0.693,0.743,0.672,0.675,0.703,0.703,0.664,0.709,0.624,0.734,0.719,0.712,0.706,0.672,0.644,0.665,0.657,0.662,0.718,0.653,0.666,0.663,0.659,0.675,0.696,0.574,0.754,0.617,0.581,0.664,0.789,0.728,14483,A4_HUMAN,low,Human
A4D664_9INFA_Soh_CCL141_2019,0.711,0.694,0.701,0.704,0.715,0.714,0.688,0.69,0.512,0.514,0.635,0.713,0.711,0.714,0.681,0.679,0.705,0.712,0.708,0.711,0.533,0.643,0.655,0.634,0.676,0.657,0.513,0.692,0.726,0.666,0.658,0.521,0.525,0.741,14421,A4D664_9INFA,medium,Virus
A4GRB6_PSEAI_Chen_2020,0.84,0.806,0.824,0.856,0.838,0.847,0.881,0.862,0.853,0.867,0.806,0.855,0.857,0.673,0.772,0.716,0.792,0.805,0.836,0.809,0.785,0.835,0.845,0.843,0.874,0.864,0.697,0.781,0.882,0.908,0.871,0.875,0.627,0.87,5004,A4GRB6_PSEAI,high,Prokaryote
AACC1_PSEAI_Dandage_2018,0.708,0.72,0.714,0.736,0.752,0.753,0.752,0.746,0.741,0.748,0.701,0.665,0.715,0.642,0.744,0.597,0.613,0.635,0.652,0.628,0.637,0.715,0.704,0.713,0.724,0.716,0.596,0.605,0.743,0.757,0.733,0.707,0.509,0.753,1801,AACC1_PSEAI,high,Prokaryote
ADRB2_HUMAN_Jones_2020,0.759,0.773,0.777,0.774,0.754,0.764,0.721,0.756,0.77,0.775,0.768,0.759,0.763,0.672,0.718,0.763,0.768,0.765,0.754,0.772,0.77,0.772,0.776,0.773,0.758,0.777,0.738,0.755,0.779,0.759,0.715,0.773,0.649,0.774,7800,ADRB2_HUMAN,medium,Human
AMIE_PSEAE_Wrenbeck_2017,0.735,0.814,0.765,0.745,0.769,0.763,0.829,0.812,0.833,0.862,0.759,0.779,0.788,0.624,0.75,0.794,0.794,0.796,0.8,0.816,0.8,0.808,0.797,0.802,0.788,0.822,0.534,0.741,0.85,0.824,0.794,0.79,0.635,0.775,6227,AMIE_PSEAE,high,Prokaryote
B3VI55_LIPST_Klesmith_2015,0.767,0.68,0.696,0.755,0.73,0.737,0.783,0.774,0.756,0.771,0.742,0.73,0.734,0.64,0.706,0.639,0.693,0.722,0.736,0.715,0.677,0.734,0.751,0.729,0.765,0.754,0.56,0.717,0.754,0.756,0.718,0.715,0.565,0.759,7890,B3VI55_LIPST,medium,Eukaryote
BLAT_ECOLX_Deng_2012,0.693,0.735,0.747,0.748,0.759,0.764,0.77,0.768,0.751,0.761,0.733,0.764,0.773,0.667,0.763,0.691,0.698,0.706,0.704,0.725,0.7,0.73,0.732,0.714,0.678,0.742,0.542,0.653,0.746,0.77,0.751,0.762,0.552,0.773,4996,BLAT_ECOLX,high,Prokaryote
BLAT_ECOLX_Firnberg_2014,0.732,0.822,0.815,0.811,0.852,0.863,0.859,0.859,0.836,0.856,0.832,0.868,0.876,0.723,0.859,0.784,0.779,0.76,0.758,0.8,0.799,0.827,0.831,0.79,0.721,0.833,0.562,0.729,0.851,0.889,0.888,0.858,0.588,0.864,4783,BLAT_ECOLX,high,Prokaryote
BLAT_ECOLX_Jacquier_2013,0.747,0.807,0.816,0.821,0.855,0.868,0.841,0.84,0.833,0.843,0.822,0.857,0.869,0.727,0.853,0.781,0.768,0.759,0.758,0.798,0.784,0.816,0.811,0.784,0.729,0.822,0.551,0.716,0.801,0.866,0.851,0.835,0.577,0.871,989,BLAT_ECOLX,high,Prokaryote
BLAT_ECOLX_Stiffler_2015,0.729,0.83,0.815,0.812,0.857,0.868,0.861,0.863,0.846,0.867,0.837,0.875,0.882,0.728,0.862,0.793,0.786,0.757,0.761,0.803,0.809,0.835,0.838,0.794,0.724,0.839,0.563,0.73,0.859,0.897,0.895,0.865,0.587,0.869,4996,BLAT_ECOLX,high,Prokaryote
BRCA1_HUMAN_Findlay_2018,0.79,0.792,0.792,0.846,0.776,0.8,0.811,0.832,0.775,0.805,0.699,0.788,0.774,0.824,0.756,0.577,0.762,0.778,0.774,0.789,0.705,0.82,0.814,0.801,0.815,0.826,0.566,0.683,0.75,0.86,0.832,0.836,0.658,0.855,1837,BRCA1_HUMAN,low,Human
C6KNH7_9INFA_Lee_2018,0.701,0.71,0.713,0.719,0.719,0.72,0.7,0.702,0.717,0.747,0.674,0.676,0.68,0.697,0.687,0.701,0.685,0.693,0.678,0.699,0.621,0.734,0.715,0.736,0.69,0.74,0.485,0.731,0.743,0.731,0.681,0.526,0.559,0.729,10754,C6KNH7_9INFA,medium,Virus
CALM1_HUMAN_Weile_2017,0.674,0.621,0.639,0.653,0.63,0.631,0.635,0.645,0.629,0.65,0.63,0.63,0.627,0.594,0.631,0.599,0.629,0.636,0.644,0.633,0.631,0.662,0.66,0.676,0.684,0.674,0.588,0.61,0.627,0.619,0.58,0.646,0.553,0.639,1813,CALM1_HUMAN,high,Human
CAPSD_AAV2S_Sinai_substitutions_2021,0.757,0.686,0.689,0.74,0.67,0.662,0.67,0.681,0.609,0.61,0.63,0.665,0.688,0.698,0.67,0.606,0.641,0.648,0.65,0.654,0.614,0.61,0.644,0.614,0.717,0.644,0.703,0.724,0.752,0.586,0.582,0.588,0.56,0.716,42328,CAPSD_AAV2S,low,Virus
CCDB_ECOLI_Adkar_2012,0.657,0.743,0.729,0.75,0.767,0.775,0.714,0.756,0.701,0.749,0.756,0.757,0.777,0.705,0.749,0.514,0.471,0.431,0.571,0.508,0.396,0.538,0.484,0.5,0.713,0.528,0.47,0.619,0.762,0.817,0.807,0.745,0.558,0.771,1176,CCDB_ECOLI,high,Prokaryote
CCDB_ECOLI_Tripathi_2016,0.803,0.844,0.845,0.88,0.867,0.876,0.814,0.843,0.808,0.843,0.87,0.872,0.886,0.809,0.861,0.528,0.512,0.447,0.624,0.541,0.425,0.567,0.482,0.553,0.841,0.595,0.496,0.709,0.856,0.891,0.87,0.851,0.577,0.89,1663,CCDB_ECOLI,high,Prokaryote
CP2C9_HUMAN_Amorosi_abundance_2021,0.786,0.811,0.811,0.811,0.8,0.808,0.787,0.796,0.795,0.814,0.807,0.8,0.81,0.748,0.788,0.783,0.783,0.8,0.777,0.807,0.792,0.795,0.796,0.79,0.787,0.808,0.763,0.783,0.802,0.792,0.762,0.758,0.611,0.819,6370,CP2C9_HUMAN,high,Human
CP2C9_HUMAN_Amorosi_activity_2021,0.787,0.829,0.825,0.82,0.797,0.808,0.789,0.797,0.819,0.831,0.822,0.804,0.814,0.758,0.787,0.791,0.796,0.808,0.789,0.819,0.806,0.794,0.796,0.799,0.791,0.813,0.794,0.805,0.816,0.8,0.774,0.752,0.609,0.818,6142,CP2C9_HUMAN,high,Human
DLG4_HUMAN_Faure_2021,0.817,0.861,0.888,0.867,0.834,0.838,0.83,0.84,0.801,0.834,0.854,0.834,0.816,0.877,0.822,0.812,0.818,0.809,0.791,0.816,0.834,0.832,0.809,0.804,0.768,0.825,0.904,0.853,0.841,0.855,0.848,0.781,0.777,0.849,6976,DLG4_HUMAN,low,Human
DLG4_RAT_McLaughlin_2012,0.724,0.821,0.816,0.804,0.84,0.848,0.832,0.836,0.869,0.88,0.8,0.789,0.801,0.83,0.771,0.764,0.769,0.767,0.752,0.779,0.789,0.795,0.781,0.755,0.756,0.793,0.818,0.794,0.84,0.848,0.833,0.806,0.685,0.854,1576,DLG4_RAT,low,Eukaryote
DYR_ECOLI_Thompson_plusLon_2019,0.711,0.773,0.757,0.765,0.796,0.797,0.801,0.803,0.764,0.772,0.792,0.79,0.792,0.745,0.792,0.644,0.746,0.667,0.703,0.712,0.734,0.758,0.789,0.778,0.766,0.788,0.457,0.72,0.79,0.794,0.78,0.782,0.605,0.8,2363,DYR_ECOLI,medium,Prokaryote
ENV_HV1B9_DuenasDecamp_2016,0.771,0.774,0.776,0.772,0.765,0.761,0.768,0.759,0.791,0.777,0.751,0.688,0.742,0.747,0.744,0.753,0.74,0.768,0.771,0.764,0.707,0.783,0.769,0.746,0.747,0.757,0.503,0.704,0.768,0.768,0.757,0.722,0.674,0.774,375,ENV_HV1B9,medium,Virus
ENV_HV1BR_Haddox_2016,0.681,0.681,0.685,0.684,0.671,0.673,0.673,0.674,0.659,0.669,0.667,0.66,0.661,0.669,0.652,0.676,0.68,0.687,0.682,0.688,0.673,0.68,0.68,0.676,0.682,0.69,0.499,0.659,0.677,0.665,0.649,0.649,0.599,0.684,12863,ENV_HV1BR,medium,Virus
ESTA_BACSU_Nutschel_2020,0.641,0.655,0.665,0.673,0.696,0.694,0.72,0.718,0.645,0.662,0.654,0.702,0.711,0.637,0.694,0.548,0.591,0.634,0.648,0.627,0.628,0.62,0.653,0.634,0.696,0.662,0.577,0.665,0.704,0.724,0.711,0.659,0.534,0.703,2172,ESTA_BACSU,high,Prokaryote
F7YBW8_MESOW_Aakre_2015,0.685,0.537,0.515,0.684,0.683,0.684,0.664,0.679,0.669,0.674,0.67,0.668,0.689,0.537,0.668,0.479,0.457,0.458,0.503,0.473,0.555,0.559,0.501,0.633,0.677,0.601,0.517,0.633,0.659,0.698,0.687,0.689,0.518,0.691,9192,F7YBW8_MESOW,high,Prokaryote
GAL4_YEAST_Kitzman_2015,0.67,0.757,0.752,0.754,0.733,0.749,0.781,0.775,0.74,0.743,0.749,0.712,0.748,0.646,0.711,0.672,0.691,0.695,0.695,0.696,0.691,0.716,0.741,0.727,0.771,0.748,0.677,0.496,0.794,0.792,0.763,0.782,0.636,0.737,1195,GAL4_YEAST,medium,Eukaryote
GCN4_YEAST_Staller_induction_2018,0.641,0.635,0.635,0.647,0.628,0.628,0.634,0.635,0.644,0.647,0.599,0.629,0.63,0.632,0.633,0.574,0.581,0.572,0.572,0.577,0.563,0.551,0.532,0.559,0.577,0.563,0.584,0.611,0.62,0.637,0.634,0.627,0.519,0.645,2638,GCN4_YEAST,low,Eukaryote
GFP_AEQVI_Sarkisyan_2016,0.878,0.889,0.89,0.902,0.903,0.903,0.884,0.889,0.565,0.565,0.858,0.9,0.901,0.889,0.884,0.555,0.572,0.614,0.565,0.582,0.532,0.615,0.684,0.884,0.886,0.772,0.54,0.883,0.905,0.865,0.87,0.816,0.541,0.919,51714,GFP_AEQVI,low,Eukaryote
GRB2_HUMAN_Faure_2021,0.727,0.79,0.784,0.745,0.799,0.802,0.758,0.765,0.747,0.781,0.799,0.784,0.801,0.727,0.787,0.807,0.79,0.786,0.752,0.794,0.801,0.785,0.753,0.793,0.751,0.79,0.777,0.748,0.784,0.741,0.741,0.792,0.757,0.796,63366,GRB2_HUMAN,medium,Human
HIS7_YEAST_Pokusaeva_2019,0.849,0.783,0.783,0.865,0.801,0.8,0.789,0.79,0.734,0.773,0.755,0.825,0.822,0.768,0.809,0.686,0.734,0.75,0.777,0.756,0.724,0.779,0.771,0.802,0.81,0.797,0.589,0.645,0.803,0.724,0.714,0.761,0.583,0.835,496137,HIS7_YEAST,medium,Eukaryote
HSP82_YEAST_Flynn_2019,0.815,0.848,0.849,0.846,0.851,0.852,0.842,0.847,0.86,0.874,0.838,0.858,0.863,0.825,0.808,0.826,0.817,0.808,0.83,0.836,0.832,0.829,0.85,0.79,0.845,0.847,0.682,0.777,0.86,0.868,0.856,0.841,0.722,0.862,13194,HSP82_YEAST,medium,Eukaryote
HSP82_YEAST_Mishra_2016,0.851,0.881,0.88,0.882,0.897,0.899,0.853,0.846,0.886,0.893,0.842,0.891,0.9,0.882,0.815,0.85,0.843,0.839,0.866,0.864,0.866,0.859,0.872,0.831,0.858,0.873,0.794,0.812,0.896,0.903,0.895,0.859,0.717,0.899,4323,HSP82_YEAST,medium,Eukaryote
I6TAH8_I68A0_Doud_2015,0.673,0.665,0.676,0.677,0.685,0.683,0.646,0.656,0.507,0.506,0.608,0.639,0.638,0.677,0.664,0.663,0.669,0.691,0.691,0.688,0.504,0.508,0.554,0.497,0.655,0.566,0.495,0.659,0.689,0.627,0.63,0.503,0.572,0.704,9462,I6TAH8_I68A0,medium,Virus
IF1_ECOLI_Kelsic_2016,0.787,0.773,0.78,0.785,0.816,0.82,0.623,0.641,0.815,0.826,0.793,0.823,0.823,0.695,0.775,0.673,0.729,0.695,0.714,0.713,0.746,0.748,0.751,0.735,0.745,0.76,0.578,0.712,0.724,0.784,0.754,0.803,0.643,0.82,1367,IF1_ECOLI,high,Prokaryote
KCNH2_HUMAN_Kozek_2020,0.749,0.75,0.782,0.771,0.636,0.635,0.704,0.683,0.607,0.609,0.739,0.671,0.67,0.738,0.73,0.741,0.766,0.751,0.729,0.755,0.762,0.748,0.736,0.739,0.735,0.755,0.755,0.588,0.757,0.693,0.63,0.644,0.678,0.759,200,KCNH2_HUMAN,medium,Human
KKA2_KLEPN_Melnikov_2014,0.839,0.764,0.809,0.843,0.85,0.856,0.835,0.848,0.842,0.858,0.794,0.756,0.859,0.658,0.806,0.674,0.748,0.805,0.814,0.796,0.706,0.837,0.835,0.832,0.869,0.853,0.623,0.756,0.875,0.87,0.845,0.827,0.59,0.868,4960,KKA2_KLEPN,high,Prokaryote
MK01_HUMAN_Brenan_2016,0.524,0.623,0.586,0.572,0.634,0.636,0.598,0.597,0.607,0.617,0.614,0.638,0.641,0.614,0.622,0.631,0.582,0.562,0.53,0.582,0.613,0.569,0.552,0.561,0.486,0.563,0.627,0.605,0.638,0.613,0.633,0.542,0.568,0.626,6809,MK01_HUMAN,medium,Human
MSH2_HUMAN_Jia_2020,0.773,0.821,0.837,0.829,0.852,0.854,0.863,0.868,0.839,0.857,0.843,0.833,0.841,0.827,0.861,0.762,0.792,0.775,0.762,0.807,0.788,0.804,0.815,0.804,0.785,0.823,0.696,0.794,0.846,0.828,0.804,0.809,0.697,0.856,16749,MSH2_HUMAN,medium,Human
MTH3_HAEAE_Rockah-Shmuel_2015,0.832,0.722,0.763,0.824,0.83,0.835,0.834,0.84,0.854,0.856,0.84,0.836,0.842,0.706,0.8,0.68,0.747,0.818,0.838,0.814,0.764,0.836,0.855,0.843,0.862,0.855,0.686,0.823,0.828,0.847,0.828,0.811,0.671,0.847,1777,MTH3_HAEAE,medium,Prokaryote
NCAP_I34A1_Doud_2015,0.71,0.699,0.704,0.717,0.685,0.686,0.669,0.679,0.517,0.518,0.646,0.673,0.672,0.687,0.67,0.677,0.687,0.702,0.704,0.702,0.517,0.529,0.557,0.52,0.677,0.593,0.508,0.668,0.686,0.641,0.645,0.514,0.565,0.724,9462,NCAP_I34A1,medium,Virus
NRAM_I33A0_Jiang_standard_2016,0.772,0.803,0.822,0.823,0.799,0.795,0.764,0.825,0.598,0.745,0.686,0.727,0.717,0.802,0.775,0.769,0.802,0.781,0.777,0.797,0.549,0.774,0.809,0.747,0.81,0.749,0.53,0.718,0.842,0.729,0.732,0.474,0.456,0.823,298,NRAM_I33A0,low,Virus
NUD15_HUMAN_Suiter_2020,0.816,0.728,0.744,0.83,0.809,0.811,0.854,0.869,0.839,0.863,0.777,0.797,0.813,0.644,0.75,0.671,0.75,0.808,0.798,0.808,0.736,0.828,0.826,0.81,0.788,0.836,0.504,0.711,0.829,0.841,0.811,0.838,0.594,0.838,2844,NUD15_HUMAN,high,Human
P53_HUMAN_Giacomelli_NULL_Etoposide_2018,0.784,0.819,0.839,0.821,0.826,0.829,0.777,0.782,0.827,0.855,0.627,0.765,0.777,0.831,0.831,0.722,0.788,0.804,0.796,0.809,0.778,0.818,0.822,0.818,0.783,0.846,0.45,0.764,0.834,0.853,0.836,0.826,0.611,0.829,7467,P53_HUMAN,low,Human
P53_HUMAN_Giacomelli_NULL_Nutlin_2018,0.677,0.669,0.705,0.684,0.688,0.689,0.654,0.655,0.713,0.738,0.56,0.649,0.654,0.67,0.694,0.636,0.712,0.718,0.707,0.717,0.68,0.731,0.738,0.749,0.66,0.736,0.455,0.623,0.718,0.713,0.678,0.726,0.598,0.688,7467,P53_HUMAN,low,Human
P53_HUMAN_Giacomelli_WT_Nutlin_2018,0.821,0.855,0.894,0.85,0.851,0.856,0.793,0.796,0.863,0.891,0.626,0.782,0.795,0.855,0.865,0.78,0.862,0.86,0.847,0.87,0.835,0.87,0.867,0.889,0.761,0.872,0.453,0.766,0.886,0.887,0.867,0.883,0.634,0.853,7467,P53_HUMAN,low,Human
P53_HUMAN_Kotler_2018,0.746,0.838,0.832,0.82,0.806,0.819,0.834,0.834,0.81,0.854,0.747,0.768,0.805,0.851,0.828,0.731,0.766,0.786,0.782,0.801,0.761,0.789,0.782,0.789,0.791,0.808,0.544,0.772,0.837,0.86,0.837,0.838,0.532,0.829,1048,P53_HUMAN_Kotler,low,Human
P84126_THETH_Chan_2017,0.798,0.795,0.798,0.811,0.818,0.827,0.855,0.856,0.808,0.832,0.846,0.844,0.852,0.79,0.827,0.737,0.785,0.781,0.813,0.79,0.792,0.828,0.837,0.819,0.87,0.847,0.661,0.785,0.8,0.817,0.773,0.818,0.699,0.831,1519,P84126_THETH,medium,Prokaryote
PA_I34A1_Wu_2015,0.777,0.782,0.793,0.796,0.782,0.783,0.704,0.665,0.537,0.569,0.667,0.761,0.766,0.772,0.773,0.736,0.755,0.777,0.778,0.773,0.607,0.71,0.733,0.725,0.728,0.733,0.535,0.694,0.805,0.689,0.693,0.526,0.566,0.803,1820,PA_I34A1,medium,Virus
PABP_YEAST_Melamed_2013,0.847,0.874,0.874,0.872,0.846,0.843,0.853,0.85,0.851,0.861,0.787,0.787,0.791,0.855,0.827,0.847,0.858,0.863,0.874,0.873,0.846,0.879,0.879,0.866,0.86,0.881,0.752,0.805,0.86,0.884,0.846,0.866,0.649,0.866,37708,PABP_YEAST,medium,Eukaryote
POLG_CXB3N_Mattenberger_2021,0.677,0.667,0.688,0.706,0.726,0.731,0.743,0.75,0.468,0.516,0.677,0.681,0.699,0.709,0.687,0.664,0.694,0.689,0.688,0.696,0.561,0.691,0.688,0.683,0.694,0.692,0.478,0.672,0.743,0.694,0.66,0.651,0.501,0.727,15711,POLG_CXB3N,medium,Virus
POLG_HCVJF_Qi_2014,0.78,0.768,0.79,0.809,0.823,0.828,0.82,0.805,0.842,0.839,0.631,0.712,0.716,0.824,0.784,0.714,0.744,0.741,0.761,0.762,0.721,0.756,0.669,0.72,0.78,0.755,0.47,0.598,0.848,0.821,0.772,0.588,0.599,0.798,1630,POLG_HCVJF,medium,Virus
PTEN_HUMAN_Matreyek_2021,0.68,0.688,0.73,0.711,0.695,0.7,0.713,0.717,0.704,0.73,0.739,0.681,0.691,0.681,0.695,0.595,0.73,0.712,0.702,0.738,0.633,0.679,0.67,0.696,0.657,0.696,0.579,0.683,0.746,0.698,0.695,0.721,0.567,0.725,5083,PTEN_HUMAN,medium,Human
PTEN_HUMAN_Mighell_2018,0.702,0.829,0.813,0.781,0.844,0.848,0.818,0.8,0.816,0.833,0.831,0.827,0.829,0.815,0.826,0.73,0.774,0.72,0.693,0.766,0.77,0.696,0.689,0.714,0.66,0.728,0.619,0.734,0.842,0.819,0.813,0.805,0.541,0.846,7260,PTEN_HUMAN,medium,Human
Q2N0S5_9HIV1_Haddox_2018,0.71,0.772,0.762,0.762,0.76,0.763,0.766,0.772,0.767,0.781,0.711,0.69,0.709,0.758,0.704,0.77,0.707,0.698,0.671,0.728,0.769,0.702,0.702,0.722,0.683,0.735,0.51,0.723,0.768,0.751,0.753,0.745,0.644,0.768,12729,Q2N0S5_9HIV1,medium,Virus
Q59976_STRSQ_Romero_2015,0.842,0.838,0.856,0.857,0.857,0.864,0.872,0.852,0.786,0.796,0.85,0.853,0.857,0.781,0.831,0.826,0.85,0.849,0.857,0.862,0.838,0.859,0.866,0.865,0.869,0.875,0.689,0.776,0.872,0.854,0.827,0.827,0.674,0.869,2999,Q59976_STRSQ,medium,Prokaryote
R1AB_SARS2_Flynn_growth_2022,0.63,0.711,0.735,0.734,0.846,0.848,0.496,0.496,0.497,0.49,0.663,0.618,0.633,0.835,0.829,0.636,0.667,0.674,0.676,0.671,0.643,0.643,0.623,0.634,0.642,0.649,0.487,0.675,0.84,0.801,0.745,0.575,0.486,0.832,5725,R1AB_SARS2,medium,Virus
RASH_HUMAN_Bandaru_2017,0.76,0.821,0.83,0.808,0.839,0.844,0.805,0.81,0.787,0.811,0.859,0.827,0.842,0.798,0.811,0.819,0.805,0.805,0.791,0.816,0.809,0.791,0.791,0.767,0.71,0.794,0.689,0.772,0.814,0.789,0.779,0.757,0.648,0.846,3134,RASH_HUMAN,high,Human
REV_HV1H2_Fernandes_2016,0.613,0.614,0.625,0.61,0.603,0.603,0.61,0.613,0.616,0.624,0.575,0.603,0.606,0.596,0.574,0.6,0.623,0.617,0.608,0.618,0.635,0.637,0.576,0.617,0.623,0.644,0.521,0.646,0.639,0.667,0.672,0.566,0.525,0.611,2147,REV_HV1H2,medium,Virus
RL401_YEAST_Mavor_2016,0.709,0.726,0.76,0.726,0.695,0.708,0.713,0.722,0.653,0.674,0.73,0.685,0.713,0.654,0.683,0.706,0.789,0.774,0.745,0.771,0.775,0.75,0.751,0.739,0.724,0.767,0.556,0.728,0.68,0.7,0.705,0.623,0.532,0.721,1253,RL401_YEAST,medium,Eukaryote
RL401_YEAST_Roscoe_2013,0.716,0.731,0.778,0.734,0.714,0.728,0.724,0.716,0.654,0.692,0.748,0.708,0.742,0.66,0.695,0.709,0.799,0.777,0.755,0.779,0.783,0.759,0.769,0.754,0.739,0.78,0.53,0.684,0.7,0.745,0.756,0.614,0.536,0.737,1195,RL401_YEAST,medium,Eukaryote
RL401_YEAST_Roscoe_2014,0.73,0.757,0.794,0.767,0.72,0.743,0.725,0.724,0.66,0.676,0.744,0.73,0.753,0.731,0.684,0.714,0.796,0.776,0.764,0.78,0.781,0.752,0.748,0.723,0.719,0.766,0.596,0.761,0.739,0.714,0.719,0.595,0.616,0.756,1380,RL401_YEAST,medium,Eukaryote
SC6A4_HUMAN_Young_2021,0.759,0.783,0.788,0.781,0.771,0.78,0.794,0.801,0.782,0.787,0.795,0.728,0.734,0.71,0.745,0.764,0.771,0.762,0.761,0.774,0.771,0.774,0.773,0.776,0.771,0.782,0.686,0.766,0.791,0.745,0.693,0.788,0.683,0.791,11576,SC6A4_HUMAN,medium,Human
SCN5A_HUMAN_Glazer_2019,0.532,0.537,0.53,0.529,0.553,0.559,0.569,0.563,0.613,0.567,0.579,0.558,0.558,0.537,0.543,0.546,0.557,0.567,0.567,0.558,0.536,0.547,0.548,0.543,0.58,0.552,0.548,0.51,0.549,0.588,0.582,0.589,0.532,0.556,224,SCN5A_HUMAN,medium,Human
SPG1_STRSG_Olson_2014,0.65,0.636,0.611,0.654,0.618,0.627,0.563,0.606,0.629,0.606,0.661,0.497,0.507,0.608,0.634,0.637,0.616,0.619,0.612,0.624,0.631,0.623,0.614,0.626,0.692,0.641,0.489,0.529,0.636,0.754,0.746,0.671,0.536,0.656,536962,SPG1_STRSG,low,Prokaryote
SPIKE_SARS2_Starr_bind_2020,0.673,0.649,0.649,0.649,0.624,0.628,0.706,0.708,0.445,0.459,0.659,0.531,0.576,0.57,0.595,0.644,0.671,0.665,0.671,0.672,0.684,0.655,0.641,0.677,0.644,0.673,0.454,0.682,0.575,0.648,0.67,0.475,0.592,0.666,3802,SPIKE_SARS2,medium,Virus
SPIKE_SARS2_Starr_expr_2020,0.69,0.681,0.686,0.685,0.743,0.741,0.771,0.796,0.469,0.484,0.68,0.592,0.651,0.607,0.664,0.662,0.693,0.694,0.705,0.699,0.696,0.689,0.666,0.703,0.666,0.699,0.476,0.682,0.682,0.654,0.675,0.511,0.589,0.746,3798,SPIKE_SARS2,medium,Virus
SRC_HUMAN_Ahler_CD_2019,0.721,0.816,0.819,0.806,0.82,0.825,0.672,0.745,0.861,0.875,0.815,0.796,0.797,0.825,0.825,0.78,0.769,0.766,0.74,0.781,0.792,0.804,0.785,0.766,0.715,0.788,0.833,0.78,0.852,0.865,0.855,0.813,0.77,0.827,3372,SRC_HUMAN,medium,Human
SUMO1_HUMAN_Weile_2017,0.689,0.743,0.805,0.736,0.778,0.773,0.765,0.785,0.78,0.8,0.808,0.735,0.747,0.718,0.703,0.631,0.743,0.769,0.758,0.759,0.786,0.732,0.777,0.757,0.684,0.768,0.58,0.755,0.768,0.77,0.763,0.753,0.628,0.763,1700,SUMO1_HUMAN,high,Human
SYUA_HUMAN_Newberry_2020,0.72,0.658,0.724,0.692,0.671,0.676,0.642,0.685,0.775,0.772,0.753,0.668,0.676,0.61,0.647,0.683,0.735,0.698,0.697,0.718,0.654,0.717,0.731,0.689,0.687,0.711,0.667,0.719,0.758,0.736,0.712,0.774,0.579,0.697,2497,SYUA_HUMAN,medium,Human
TADBP_HUMAN_Bolognesi_2019,0.567,0.571,0.59,0.569,0.547,0.545,0.534,0.525,0.525,0.524,0.474,0.554,0.552,0.555,0.538,0.568,0.532,0.504,0.502,0.523,0.582,0.551,0.517,0.525,0.498,0.53,0.62,0.503,0.505,0.554,0.57,0.512,0.471,0.563,1196,TADBP_HUMAN,low,Human
TAT_HV1BR_Fernandes_2016,0.639,0.765,0.688,0.665,0.721,0.708,0.711,0.725,0.738,0.74,0.646,0.678,0.687,0.707,0.64,0.76,0.758,0.775,0.781,0.778,0.772,0.68,0.591,0.67,0.649,0.691,0.439,0.774,0.775,0.787,0.779,0.617,0.709,0.685,1577,TAT_HV1BR,high,Virus
TPK1_HUMAN_Weile_2017,0.669,0.632,0.638,0.671,0.632,0.631,0.639,0.657,0.653,0.675,0.64,0.626,0.629,0.622,0.631,0.555,0.575,0.618,0.646,0.617,0.569,0.647,0.652,0.635,0.669,0.661,0.547,0.639,0.629,0.642,0.606,0.658,0.563,0.655,3181,TPK1_HUMAN,medium,Human
TPMT_HUMAN_Matreyek_2018,0.719,0.785,0.797,0.765,0.778,0.787,0.776,0.773,0.785,0.802,0.779,0.773,0.782,0.722,0.754,0.694,0.725,0.761,0.766,0.758,0.742,0.777,0.757,0.746,0.736,0.773,0.656,0.761,0.803,0.802,0.779,0.812,0.708,0.783,3648,TPMT_HUMAN,medium,Human
TPOR_HUMAN_Bridgford_S505N_2020,0.751,0.776,0.768,0.773,0.658,0.667,0.755,0.732,0.732,0.739,0.677,0.677,0.655,0.723,0.695,0.681,0.737,0.714,0.726,0.719,0.749,0.634,0.806,0.78,0.708,0.75,0.765,0.752,0.714,0.751,0.63,0.739,0.747,0.757,562,TPOR_HUMAN,low,Human
TRPC_SACS2_Chan_2017,0.827,0.834,0.848,0.844,0.829,0.834,0.865,0.874,0.849,0.869,0.835,0.818,0.827,0.832,0.841,0.758,0.832,0.8,0.832,0.84,0.792,0.798,0.817,0.803,0.799,0.826,0.63,0.804,0.811,0.846,0.808,0.858,0.62,0.847,1519,TRPC_SACS2,medium,Prokaryote
TRPC_THEMA_Chan_2017,0.775,0.762,0.784,0.779,0.76,0.762,0.788,0.789,0.797,0.807,0.773,0.76,0.764,0.768,0.78,0.728,0.76,0.762,0.783,0.77,0.756,0.763,0.746,0.744,0.787,0.767,0.691,0.748,0.739,0.765,0.732,0.772,0.603,0.777,1519,TRPC_THEMA,medium,Prokaryote
UBC9_HUMAN_Weile_2017,0.74,0.678,0.752,0.762,0.788,0.794,0.776,0.788,0.773,0.79,0.816,0.796,0.801,0.697,0.771,0.625,0.727,0.746,0.732,0.739,0.734,0.76,0.759,0.747,0.745,0.765,0.477,0.72,0.762,0.757,0.745,0.731,0.551,0.803,2563,UBC9_HUMAN,medium,Human
UBE4B_MOUSE_Starita_2013,0.698,0.782,0.749,0.776,0.842,0.844,0.758,0.772,0.838,0.846,0.798,0.824,0.831,0.779,0.799,0.59,0.764,0.749,0.732,0.748,0.837,0.8,0.786,0.775,0.731,0.808,0.536,0.594,0.828,0.845,0.825,0.762,0.534,0.842,899,UBE4B_MOUSE,low,Eukaryote
VKOR1_HUMAN_Chiasson_abundance_2020,0.764,0.727,0.738,0.784,0.734,0.736,0.75,0.766,0.742,0.753,0.75,0.712,0.723,0.704,0.711,0.626,0.636,0.705,0.732,0.708,0.672,0.743,0.74,0.724,0.726,0.752,0.601,0.71,0.734,0.715,0.666,0.738,0.554,0.779,2695,VKOR1_HUMAN,medium,Human
VKOR1_HUMAN_Chiasson_activity_2020,0.721,0.715,0.721,0.742,0.742,0.751,0.743,0.743,0.755,0.766,0.747,0.729,0.739,0.705,0.72,0.554,0.568,0.664,0.684,0.639,0.592,0.73,0.722,0.717,0.733,0.72,0.525,0.72,0.751,0.744,0.718,0.749,0.601,0.758,697,VKOR1_HUMAN,medium,Human
YAP1_HUMAN_Araya_2012,0.618,0.712,0.672,0.691,0.735,0.738,0.548,0.541,0.649,0.654,0.607,0.743,0.742,0.726,0.674,0.598,0.597,0.588,0.592,0.597,0.657,0.623,0.637,0.612,0.586,0.629,0.673,0.654,0.679,0.729,0.74,0.677,0.569,0.731,10075,YAP1_HUMAN,low,Human
