Site_Independent,EVmutation,DeepSequence_single,DeepSequence_ensemble,EVE_single,EVE_ensemble,Unirep,Unirep_evotune,MSA_Transformer_single,MSA_Transformer_ensemble,ESM1b,ESM1v_single,ESM1v_ensemble,ESM2_8M,ESM2_35M,ESM2_150M,ESM2_650M,ESM2_3B,ESM2_15B,Wavenet,RITA_s,RITA_m,RITA_l,RITA_xl,Progen2_small,Progen2_medium,Progen2_base,Progen2_large,Progen2_xlarge,GEMME,VESPA,VESPAl,ProtGPT2,Tranception_S_no_retrieval,Tranception_M_no_retrieval,Tranception_L_no_retrieval,Tranception_S,Tranception_M,Tranception_L,TranceptEVE_S,TranceptEVE_M,TranceptEVE_L,CARP_38M,CARP_600K,CARP_640M,CARP_76M,MIF,MIFST,ESM-IF1,ProteinMPNN,Selection Type,UniProt_ID,MSA_Neff_L_category,Taxon
0.69,0.674,0.56,0.544,0.692,0.698,0.426,0.532,0.737,0.724,0.485,0.467,0.494,0.454,0.464,0.46,0.597,0.678,0.685,0.612,0.674,0.651,0.656,0.651,0.658,0.669,0.66,0.653,0.644,0.715,0.653,0.64,0.499,0.648,0.659,0.633,0.677,0.676,0.672,0.675,0.668,0.682,0.459,0.453,0.555,0.459,0.459,0.555,0.642,0.565,OrganismalFitness,A0A140D2T1_ZIKV,Medium,Virus
0.761,0.724,0.727,0.739,0.776,0.779,0.502,0.771,0.777,0.778,0.744,0.767,0.778,0.502,0.51,0.519,0.539,0.562,0.578,0.752,0.767,0.775,0.775,0.774,0.769,0.77,0.754,0.765,0.767,0.769,0.796,0.779,0.681,0.763,0.764,0.778,0.774,0.775,0.779,0.783,0.782,0.786,0.721,0.492,0.767,0.73,0.685,0.748,0.629,0.571,OrganismalFitness,A0A192B1T2_9HIV1,Medium,Virus
0.491,0.518,0.556,0.547,0.528,0.528,0.488,0.537,0.551,0.553,0.521,0.521,0.525,0.477,0.468,0.49,0.516,0.512,0.516,0.538,0.491,0.518,0.531,0.54,0.517,0.537,0.537,0.539,0.542,0.524,0.51,0.504,0.513,0.521,0.527,0.55,0.516,0.521,0.531,0.528,0.53,0.538,0.473,0.47,0.524,0.475,0.516,0.532,0.513,0.517,Activity,A0A1I9GEU1_NEIME,Medium,Prokaryote
0.727,0.733,0.568,0.534,0.716,0.717,0.515,0.526,0.674,0.66,0.556,0.558,0.558,0.542,0.553,0.564,0.549,0.557,0.555,0.534,0.518,0.516,0.535,0.547,0.501,0.543,0.514,0.535,0.561,0.73,0.668,0.672,0.537,0.532,0.522,0.538,0.661,0.657,0.666,0.636,0.631,0.641,0.536,0.514,0.55,0.556,0.713,0.724,0.738,0.683,Activity,A0A247D711_LISMN,High,Eukaryote
0.749,0.755,0.742,0.759,0.776,0.78,0.498,0.742,0.672,0.771,0.569,0.755,0.776,0.508,0.518,0.53,0.754,0.756,0.756,0.722,0.736,0.768,0.762,0.775,0.701,0.754,0.756,0.744,0.755,0.77,0.746,0.706,0.544,0.736,0.764,0.77,0.766,0.782,0.78,0.787,0.796,0.795,0.51,0.51,0.65,0.518,0.706,0.726,0.714,0.583,OrganismalFitness,A0A2Z5U3Z0_9INFA,Medium,Virus
0.749,0.755,0.742,0.759,0.776,0.78,0.498,0.742,0.672,0.771,0.569,0.755,0.776,0.508,0.518,0.53,0.754,0.756,0.756,0.722,0.736,0.768,0.762,0.775,0.701,0.754,0.756,0.744,0.755,0.77,0.746,0.706,0.544,0.736,0.764,0.77,0.766,0.782,0.78,0.787,0.796,0.795,0.51,0.51,0.65,0.518,0.706,0.726,0.714,0.583,OrganismalFitness,A0A2Z5U3Z0_9INFA,Medium,Virus
0.714,0.681,0.713,0.711,0.715,0.714,0.513,0.692,0.688,0.69,0.521,0.512,0.514,0.51,0.509,0.513,0.57,0.603,0.636,0.635,0.679,0.705,0.712,0.708,0.533,0.643,0.655,0.634,0.676,0.733,0.666,0.658,0.525,0.686,0.697,0.711,0.694,0.701,0.704,0.73,0.732,0.741,0.51,0.499,0.539,0.501,0.64,0.633,0.566,0.559,OrganismalFitness,A4D664_9INFA,Medium,Virus
0.673,0.772,0.855,0.857,0.838,0.847,0.697,0.781,0.881,0.862,0.875,0.853,0.867,0.736,0.791,0.858,0.905,0.891,0.838,0.806,0.716,0.792,0.805,0.836,0.785,0.835,0.845,0.843,0.874,0.865,0.908,0.871,0.627,0.73,0.802,0.84,0.806,0.824,0.856,0.858,0.861,0.87,0.767,0.547,0.865,0.83,0.845,0.879,0.837,0.723,OrganismalFitness,A4GRB6_PSEAI,High,Prokaryote
0.714,0.707,0.735,0.722,0.673,0.676,0.693,0.577,0.705,0.704,0.666,0.666,0.711,0.709,0.7,0.703,0.736,0.758,0.688,0.632,0.672,0.645,0.666,0.659,0.718,0.654,0.667,0.664,0.662,0.757,0.622,0.588,0.766,0.713,0.639,0.692,0.74,0.695,0.743,0.739,0.716,0.728,0.703,0.699,0.73,0.696,0.65,0.697,0.405,0.527,Stability,A4_HUMAN,Low,Human
0.642,0.744,0.665,0.715,0.752,0.753,0.596,0.605,0.752,0.746,0.707,0.741,0.748,0.6,0.621,0.621,0.748,0.754,0.76,0.701,0.597,0.613,0.635,0.652,0.637,0.715,0.704,0.713,0.724,0.739,0.757,0.733,0.509,0.628,0.622,0.708,0.72,0.714,0.736,0.743,0.741,0.753,0.609,0.579,0.682,0.619,0.632,0.695,0.68,0.588,OrganismalFitness,AACC1_PSEAI,High,Prokaryote
0.611,0.588,0.553,0.562,0.593,0.586,0.472,0.502,0.583,0.574,0.612,0.555,0.57,0.483,0.522,0.603,0.606,0.562,0.554,0.595,0.499,0.527,0.558,0.589,0.481,0.545,0.574,0.572,0.616,0.576,0.547,0.534,0.534,0.501,0.527,0.526,0.586,0.565,0.563,0.58,0.564,0.564,0.497,0.516,0.623,0.528,0.694,0.66,0.675,0.559,Binding,ACE2_HUMAN,Medium,Human
0.672,0.718,0.759,0.763,0.754,0.764,0.738,0.755,0.721,0.756,0.773,0.77,0.775,0.712,0.729,0.745,0.755,0.76,0.766,0.768,0.763,0.768,0.765,0.754,0.77,0.772,0.776,0.773,0.758,0.779,0.759,0.715,0.649,0.773,0.771,0.759,0.773,0.777,0.774,0.773,0.775,0.774,0.745,0.594,0.771,0.764,0.716,0.748,0.736,0.616,Activity,ADRB2_HUMAN,Medium,Human
0.47,0.697,0.728,0.74,0.727,0.74,0.361,0.622,0.624,0.683,0.68,0.665,0.714,0.339,0.373,0.572,0.65,0.649,0.621,0.776,0.392,0.557,0.708,0.696,0.448,0.672,0.713,0.704,0.631,0.635,0.71,0.711,0.563,0.471,0.496,0.66,0.589,0.591,0.682,0.716,0.711,0.737,0.368,0.368,0.657,0.568,0.735,0.717,0.719,0.689,Activity,AICDA_HUMAN,Medium,Human
0.667,0.692,0.693,0.687,0.676,0.682,0.33,0.535,0.631,0.617,0.67,0.542,0.699,0.394,0.639,0.636,0.609,0.628,0.61,0.504,0.485,0.385,0.44,0.447,0.317,0.419,0.444,0.416,0.494,0.682,0.61,0.598,0.524,0.356,0.428,0.334,0.684,0.688,0.661,0.697,0.695,0.669,0.409,0.407,0.556,0.533,0.603,0.534,0.689,0.65,Stability,AMFR_HUMAN,Medium,Human
0.624,0.75,0.779,0.788,0.769,0.763,0.534,0.741,0.829,0.812,0.79,0.833,0.862,0.653,0.693,0.702,0.78,0.858,0.837,0.759,0.794,0.794,0.796,0.8,0.8,0.808,0.797,0.802,0.788,0.814,0.824,0.794,0.635,0.821,0.764,0.735,0.814,0.765,0.745,0.823,0.787,0.775,0.668,0.528,0.735,0.695,0.683,0.735,0.709,0.608,Activity,AMIE_PSEAE,High,Prokaryote
0.768,0.753,0.715,0.73,0.754,0.756,0.754,0.727,0.734,0.736,0.761,0.756,0.768,0.752,0.783,0.786,0.791,0.789,0.781,0.508,0.723,0.744,0.751,0.747,0.747,0.756,0.752,0.732,0.74,0.777,0.766,0.758,0.649,0.732,0.751,0.736,0.76,0.772,0.767,0.764,0.773,0.766,0.763,0.697,0.739,0.75,0.731,0.728,0.706,0.587,Activity,ANCSZ,Medium,Eukaryote
0.614,0.697,0.7,0.711,0.71,0.704,0.623,0.677,0.678,0.712,0.688,0.638,0.691,0.638,0.619,0.739,0.741,0.748,0.706,0.706,0.667,0.72,0.726,0.699,0.657,0.711,0.726,0.727,0.705,0.723,0.703,0.656,0.525,0.677,0.686,0.709,0.678,0.686,0.703,0.719,0.717,0.725,0.618,0.604,0.716,0.694,0.871,0.824,0.879,0.828,Stability,ARGR_ECOLI,Medium,Prokaryote
0.853,0.659,0.823,0.827,0.764,0.813,0.645,0.769,0.617,0.626,0.642,0.519,0.685,0.607,0.586,0.606,0.67,0.686,0.674,0.664,0.647,0.568,0.67,0.788,0.563,0.646,0.711,0.713,0.714,0.89,0.702,0.69,0.647,0.648,0.635,0.681,0.791,0.76,0.709,0.831,0.816,0.712,0.616,0.591,0.632,0.605,0.649,0.655,0.709,0.509,Binding,B2L11_HUMAN,Low,Human
0.605,0.688,0.722,0.725,0.715,0.723,0.607,0.65,0.735,0.74,0.736,0.724,0.739,0.693,0.724,0.716,0.754,0.744,0.768,0.685,0.687,0.688,0.706,0.691,0.56,0.711,0.718,0.709,0.678,0.688,0.698,0.684,0.645,0.684,0.636,0.653,0.7,0.675,0.687,0.729,0.71,0.721,0.592,0.577,0.671,0.617,0.801,0.748,0.857,0.824,Stability,BBC1_YEAST,High,Eukaryote
0.698,0.731,0.7,0.705,0.704,0.711,0.563,0.637,0.811,0.789,0.714,0.677,0.717,0.591,0.603,0.662,0.766,0.778,0.732,0.725,0.569,0.693,0.623,0.707,0.608,0.733,0.655,0.716,0.737,0.827,0.796,0.77,0.524,0.634,0.66,0.734,0.734,0.734,0.759,0.717,0.718,0.739,0.563,0.563,0.609,0.598,0.784,0.759,0.845,0.79,Stability,BCHB_CHLTE,Medium,Prokaryote
0.711,0.834,0.841,0.85,0.831,0.841,0.554,0.707,0.833,0.832,0.83,0.816,0.832,0.678,0.748,0.806,0.847,0.783,0.72,0.806,0.762,0.758,0.746,0.745,0.773,0.802,0.803,0.77,0.713,0.807,0.856,0.846,0.576,0.755,0.748,0.725,0.798,0.798,0.798,0.84,0.844,0.844,0.74,0.52,0.826,0.775,0.779,0.829,0.815,0.657,OrganismalFitness,BLAT_ECOLX,High,Prokaryote
0.711,0.834,0.841,0.85,0.831,0.841,0.554,0.707,0.833,0.832,0.83,0.816,0.832,0.678,0.748,0.806,0.847,0.783,0.72,0.806,0.762,0.758,0.746,0.745,0.773,0.802,0.803,0.77,0.713,0.807,0.856,0.846,0.576,0.755,0.748,0.725,0.798,0.798,0.798,0.84,0.844,0.844,0.74,0.52,0.826,0.775,0.779,0.829,0.815,0.657,OrganismalFitness,BLAT_ECOLX,High,Prokaryote
0.711,0.834,0.841,0.85,0.831,0.841,0.554,0.707,0.833,0.832,0.83,0.816,0.832,0.678,0.748,0.806,0.847,0.783,0.72,0.806,0.762,0.758,0.746,0.745,0.773,0.802,0.803,0.77,0.713,0.807,0.856,0.846,0.576,0.755,0.748,0.725,0.798,0.798,0.798,0.84,0.844,0.844,0.74,0.52,0.826,0.775,0.779,0.829,0.815,0.657,OrganismalFitness,BLAT_ECOLX,High,Prokaryote
0.711,0.834,0.841,0.85,0.831,0.841,0.554,0.707,0.833,0.832,0.83,0.816,0.832,0.678,0.748,0.806,0.847,0.783,0.72,0.806,0.762,0.758,0.746,0.745,0.773,0.802,0.803,0.77,0.713,0.807,0.856,0.846,0.576,0.755,0.748,0.725,0.798,0.798,0.798,0.84,0.844,0.844,0.74,0.52,0.826,0.775,0.779,0.829,0.815,0.657,OrganismalFitness,BLAT_ECOLX,High,Prokaryote
0.824,0.756,0.788,0.774,0.776,0.8,0.566,0.683,0.811,0.832,0.836,0.775,0.805,0.582,0.767,0.823,0.86,0.845,0.788,0.699,0.577,0.762,0.778,0.774,0.705,0.82,0.814,0.801,0.815,0.776,0.86,0.832,0.658,0.603,0.621,0.79,0.792,0.792,0.846,0.806,0.806,0.855,0.642,0.58,0.865,0.815,0.804,0.809,0.57,0.587,OrganismalFitness,BRCA1_HUMAN,Low,Human
0.908,0.816,0.866,0.861,0.85,0.875,0.588,0.893,0.678,0.593,0.906,0.593,0.526,0.529,0.528,0.914,0.94,0.904,0.899,0.584,0.515,0.921,0.923,0.861,0.928,0.888,0.896,0.887,0.587,0.86,0.785,0.85,0.558,0.549,0.581,0.59,0.822,0.817,0.825,0.833,0.819,0.837,0.59,0.553,0.892,0.492,0.492,0.892,0.279,0.76,OrganismalFitness,BRCA2_HUMAN,,Human
0.697,0.687,0.676,0.68,0.719,0.72,0.485,0.731,0.7,0.702,0.526,0.717,0.747,0.49,0.488,0.495,0.75,0.705,0.716,0.674,0.701,0.685,0.693,0.678,0.621,0.734,0.715,0.736,0.69,0.742,0.731,0.681,0.559,0.683,0.691,0.701,0.71,0.713,0.719,0.724,0.724,0.729,0.487,0.481,0.644,0.498,0.761,0.776,0.777,0.619,OrganismalFitness,C6KNH7_9INFA,Medium,Virus
0.594,0.631,0.63,0.627,0.63,0.631,0.588,0.61,0.635,0.645,0.646,0.629,0.65,0.58,0.602,0.602,0.615,0.623,0.627,0.63,0.599,0.629,0.636,0.644,0.631,0.662,0.66,0.676,0.684,0.641,0.619,0.58,0.553,0.621,0.648,0.674,0.621,0.639,0.653,0.634,0.638,0.639,0.619,0.58,0.658,0.643,0.552,0.58,0.592,0.548,OrganismalFitness,CALM1_HUMAN,High,Human
0.698,0.67,0.665,0.688,0.67,0.662,0.703,0.724,0.67,0.681,0.588,0.609,0.61,0.643,0.659,0.61,0.649,0.594,0.553,0.63,0.606,0.641,0.648,0.65,0.614,0.61,0.644,0.614,0.717,0.719,0.586,0.582,0.56,0.612,0.644,0.757,0.686,0.689,0.74,0.668,0.67,0.716,0.558,0.594,0.644,0.564,0.713,0.703,0.673,0.666,OrganismalFitness,CAPSD_AAV2S,Low,Virus
0.652,0.588,0.576,0.573,0.586,0.594,0.566,0.456,0.582,0.575,0.642,0.68,0.657,0.534,0.554,0.696,0.676,0.682,0.692,0.574,0.568,0.586,0.594,0.592,0.485,0.582,0.594,0.601,0.558,0.579,0.631,0.618,0.646,0.507,0.573,0.534,0.598,0.599,0.567,0.599,0.596,0.57,0.548,0.514,0.632,0.642,0.657,0.641,0.667,0.565,OrganismalFitness,CAR11_HUMAN,Low,Human
0.652,0.588,0.576,0.573,0.586,0.594,0.566,0.456,0.582,0.575,0.642,0.68,0.657,0.534,0.554,0.696,0.676,0.682,0.692,0.574,0.568,0.586,0.594,0.592,0.485,0.582,0.594,0.601,0.558,0.579,0.631,0.618,0.646,0.507,0.573,0.534,0.598,0.599,0.567,0.599,0.596,0.57,0.548,0.514,0.632,0.642,0.657,0.641,0.667,0.565,OrganismalFitness,CAR11_HUMAN,Low,Human
0.58,0.594,0.587,0.589,0.59,0.593,0.516,0.549,0.594,0.599,0.588,0.532,0.533,0.528,0.544,0.578,0.594,0.597,0.6,0.504,0.519,0.537,0.585,0.56,0.517,0.599,0.592,0.589,0.534,0.596,0.603,0.593,0.513,0.514,0.521,0.582,0.584,0.584,0.593,0.595,0.595,0.598,0.528,0.512,0.592,0.551,0.551,0.592,0.513,0.517,Activity,CAS9_STRP1,Medium,Eukaryote
0.694,0.776,0.814,0.818,0.822,0.825,0.532,0.735,0.821,0.829,0.799,0.805,0.818,0.637,0.792,0.828,0.824,0.783,0.751,0.813,0.61,0.748,0.757,0.779,0.756,0.781,0.785,0.757,0.784,0.809,0.804,0.773,0.621,0.537,0.739,0.765,0.768,0.782,0.797,0.821,0.816,0.824,0.709,0.492,0.813,0.784,0.707,0.78,0.751,0.638,Activity,CASP3_HUMAN,High,Human
0.713,0.782,0.835,0.835,0.831,0.833,0.537,0.767,0.83,0.843,0.815,0.835,0.845,0.669,0.826,0.838,0.84,0.816,0.803,0.832,0.613,0.799,0.796,0.811,0.798,0.819,0.822,0.816,0.81,0.85,0.83,0.8,0.682,0.552,0.804,0.787,0.782,0.831,0.822,0.825,0.847,0.842,0.76,0.509,0.848,0.825,0.763,0.835,0.817,0.674,Activity,CASP7_HUMAN,Medium,Human
0.796,0.813,0.85,0.853,0.86,0.863,0.87,0.818,0.673,0.716,0.847,0.852,0.864,0.798,0.869,0.87,0.866,0.837,0.862,0.521,0.844,0.835,0.841,0.836,0.857,0.852,0.835,0.817,0.829,0.866,0.846,0.848,0.734,0.851,0.836,0.853,0.862,0.853,0.869,0.856,0.854,0.864,0.748,0.732,0.691,0.758,0.76,0.744,0.873,0.799,Stability,CATR_CHLRE,High,Eukaryote
0.854,0.892,0.904,0.906,0.891,0.899,0.748,0.832,0.92,0.922,0.911,0.893,0.888,0.785,0.86,0.898,0.897,0.905,0.898,0.912,0.769,0.778,0.866,0.867,0.79,0.852,0.851,0.852,0.884,0.902,0.899,0.868,0.516,0.767,0.834,0.869,0.877,0.881,0.895,0.903,0.9,0.908,0.772,0.663,0.828,0.843,0.905,0.893,0.959,0.929,Stability,CBPA2_HUMAN,Medium,Human
0.687,0.701,0.707,0.717,0.713,0.717,0.613,0.644,0.712,0.71,0.696,0.696,0.71,0.545,0.627,0.689,0.692,0.684,0.69,0.696,0.699,0.646,0.659,0.662,0.696,0.652,0.662,0.652,0.674,0.714,0.711,0.698,0.611,0.702,0.656,0.648,0.715,0.685,0.683,0.724,0.705,0.706,0.673,0.534,0.714,0.711,0.633,0.655,0.676,0.547,OrganismalFitness,CBS_HUMAN,Medium,Human
0.752,0.773,0.844,0.865,0.811,0.847,0.339,0.819,0.809,0.797,0.812,0.829,0.828,0.344,0.878,0.855,0.844,0.801,0.802,0.828,0.753,0.803,0.797,0.797,0.783,0.793,0.799,0.767,0.793,0.815,0.845,0.84,0.719,0.714,0.75,0.765,0.802,0.799,0.81,0.844,0.856,0.859,0.816,0.317,0.682,0.786,0.54,0.561,0.796,0.783,Stability,CBX4_HUMAN,High,Human
0.757,0.805,0.814,0.832,0.817,0.826,0.483,0.664,0.764,0.8,0.798,0.754,0.796,0.491,0.49,0.774,0.813,0.808,0.693,0.813,0.521,0.492,0.439,0.597,0.41,0.552,0.483,0.526,0.777,0.802,0.854,0.838,0.568,0.497,0.552,0.73,0.794,0.787,0.815,0.816,0.812,0.83,0.502,0.465,0.798,0.506,0.688,0.774,0.705,0.657,Activity,CCDB_ECOLI,High,Prokaryote
0.757,0.805,0.814,0.832,0.817,0.826,0.483,0.664,0.764,0.8,0.798,0.754,0.796,0.491,0.49,0.774,0.813,0.808,0.693,0.813,0.521,0.492,0.439,0.597,0.41,0.552,0.483,0.526,0.777,0.802,0.854,0.838,0.568,0.497,0.552,0.73,0.794,0.787,0.815,0.816,0.812,0.83,0.502,0.465,0.798,0.506,0.688,0.774,0.705,0.657,OrganismalFitness,CCDB_ECOLI,High,Prokaryote
0.634,0.637,0.638,0.639,0.634,0.638,0.649,0.644,0.672,0.672,0.675,0.664,0.67,0.651,0.67,0.674,0.668,0.662,0.664,0.67,0.675,0.673,0.657,0.659,0.675,0.67,0.665,0.673,0.66,0.674,0.644,0.619,0.557,0.675,0.676,0.678,0.678,0.682,0.685,0.658,0.658,0.659,0.668,0.59,0.676,0.67,0.633,0.647,0.638,0.585,Binding,CCR5_HUMAN,High,Human
0.623,0.617,0.612,0.621,0.633,0.632,0.574,0.58,0.61,0.613,0.591,0.598,0.613,0.603,0.62,0.6,0.599,0.607,0.589,0.492,0.597,0.6,0.628,0.617,0.593,0.648,0.616,0.607,0.63,0.647,0.599,0.574,0.581,0.606,0.631,0.609,0.63,0.636,0.628,0.642,0.644,0.639,0.61,0.568,0.594,0.613,0.728,0.683,0.72,0.608,Binding,CD19_HUMAN,Low,Human
0.753,0.788,0.802,0.812,0.798,0.808,0.778,0.794,0.788,0.796,0.755,0.807,0.822,0.776,0.814,0.827,0.828,0.825,0.802,0.814,0.787,0.79,0.804,0.783,0.799,0.794,0.796,0.794,0.789,0.809,0.796,0.768,0.61,0.806,0.792,0.786,0.82,0.818,0.816,0.823,0.82,0.818,0.802,0.546,0.772,0.819,0.792,0.783,0.822,0.619,Expression,CP2C9_HUMAN,High,Human
0.753,0.788,0.802,0.812,0.798,0.808,0.778,0.794,0.788,0.796,0.755,0.807,0.822,0.776,0.814,0.827,0.828,0.825,0.802,0.814,0.787,0.79,0.804,0.783,0.799,0.794,0.796,0.794,0.789,0.809,0.796,0.768,0.61,0.806,0.792,0.786,0.82,0.818,0.816,0.823,0.82,0.818,0.802,0.546,0.772,0.819,0.792,0.783,0.822,0.619,Binding,CP2C9_HUMAN,High,Human
0.695,0.831,0.803,0.81,0.797,0.805,0.653,0.791,0.795,0.817,0.842,0.859,0.879,0.728,0.886,0.828,0.781,0.821,0.82,0.79,0.756,0.775,0.836,0.845,0.741,0.857,0.849,0.834,0.835,0.833,0.818,0.811,0.67,0.704,0.784,0.83,0.779,0.798,0.831,0.815,0.828,0.84,0.674,0.621,0.754,0.767,0.785,0.776,0.839,0.86,Stability,CSN4_MOUSE,Medium,Eukaryote
0.666,0.715,0.699,0.7,0.725,0.709,0.551,0.702,0.71,0.721,0.736,0.694,0.672,0.563,0.695,0.717,0.763,0.74,0.73,0.652,0.564,0.592,0.597,0.522,0.538,0.588,0.601,0.6,0.69,0.702,0.733,0.707,0.62,0.562,0.556,0.587,0.678,0.682,0.684,0.704,0.705,0.709,0.562,0.51,0.713,0.603,0.748,0.743,0.813,0.728,Stability,CUE1_YEAST,Medium,Eukaryote
0.781,0.83,0.828,0.81,0.835,0.835,0.531,0.75,0.846,0.85,0.732,0.53,0.529,0.53,0.522,0.512,0.52,0.531,0.575,0.735,0.514,0.519,0.554,0.541,0.5,0.521,0.535,0.601,0.69,0.831,0.805,0.813,0.514,0.549,0.563,0.58,0.783,0.783,0.781,0.834,0.833,0.828,0.496,0.506,0.498,0.508,0.636,0.652,0.76,0.706,Activity,D7PM05_CLYGR,Low,Eukaryote
0.877,0.822,0.834,0.816,0.834,0.838,0.904,0.853,0.83,0.84,0.781,0.801,0.834,0.909,0.921,0.905,0.822,0.764,0.741,0.854,0.812,0.818,0.809,0.791,0.834,0.832,0.809,0.804,0.768,0.839,0.855,0.848,0.777,0.816,0.852,0.817,0.861,0.888,0.867,0.854,0.865,0.849,0.827,0.613,0.708,0.793,0.839,0.741,0.868,0.668,OrganismalFitness,DLG4_HUMAN,Low,Human
0.83,0.771,0.789,0.801,0.84,0.848,0.818,0.794,0.832,0.836,0.806,0.869,0.88,0.796,0.883,0.884,0.857,0.823,0.796,0.8,0.764,0.769,0.767,0.752,0.789,0.795,0.781,0.755,0.756,0.834,0.848,0.833,0.685,0.759,0.763,0.724,0.821,0.816,0.804,0.855,0.853,0.854,0.847,0.552,0.777,0.834,0.791,0.709,0.814,0.593,Binding,DLG4_RAT,Low,Eukaryote
0.574,0.58,0.601,0.61,0.601,0.625,0.424,0.668,0.583,0.642,0.496,0.539,0.531,0.502,0.567,0.581,0.63,0.647,0.681,0.604,0.44,0.5,0.493,0.508,0.498,0.533,0.5,0.511,0.59,0.647,0.722,0.699,0.522,0.469,0.467,0.486,0.593,0.589,0.593,0.614,0.606,0.608,0.522,0.451,0.6,0.53,0.787,0.782,0.837,0.783,Stability,DN7A_SACS2,Medium,Prokaryote
0.928,0.937,0.937,0.937,0.944,0.943,0.887,0.916,0.893,0.902,0.946,0.937,0.949,0.95,0.955,0.955,0.946,0.935,0.953,0.937,0.862,0.906,0.924,0.914,0.929,0.922,0.93,0.896,0.929,0.938,0.92,0.909,0.864,0.928,0.929,0.943,0.954,0.955,0.96,0.948,0.95,0.953,0.846,0.582,0.711,0.85,0.822,0.766,0.928,0.933,Stability,DNJA1_HUMAN,High,Human
0.714,0.738,0.718,0.729,0.757,0.761,0.521,0.72,0.694,0.767,0.749,0.727,0.741,0.607,0.719,0.736,0.753,0.744,0.751,0.764,0.654,0.696,0.678,0.685,0.645,0.677,0.659,0.646,0.673,0.721,0.719,0.72,0.591,0.597,0.652,0.612,0.735,0.743,0.739,0.751,0.752,0.758,0.666,0.4,0.741,0.711,0.668,0.672,0.703,0.707,Stability,DOCK1_MOUSE,High,Eukaryote
0.751,0.822,0.826,0.83,0.832,0.834,0.477,0.777,0.814,0.818,0.828,0.822,0.83,0.548,0.789,0.824,0.838,0.846,0.842,0.832,0.692,0.776,0.7,0.74,0.781,0.794,0.816,0.816,0.792,0.833,0.84,0.826,0.614,0.796,0.735,0.729,0.819,0.784,0.793,0.838,0.826,0.83,0.778,0.49,0.824,0.803,0.643,0.76,0.714,0.565,OrganismalFitness,DYR_ECOLI,High,Prokaryote
0.751,0.822,0.826,0.83,0.832,0.834,0.477,0.777,0.814,0.818,0.828,0.822,0.83,0.548,0.789,0.824,0.838,0.846,0.842,0.832,0.692,0.776,0.7,0.74,0.781,0.794,0.816,0.816,0.792,0.833,0.84,0.826,0.614,0.796,0.735,0.729,0.819,0.784,0.793,0.838,0.826,0.83,0.778,0.49,0.824,0.803,0.643,0.76,0.714,0.565,OrganismalFitness,DYR_ECOLI,High,Prokaryote
0.751,0.822,0.826,0.83,0.832,0.834,0.477,0.777,0.814,0.818,0.828,0.822,0.83,0.548,0.789,0.824,0.838,0.846,0.842,0.832,0.692,0.776,0.7,0.74,0.781,0.794,0.816,0.816,0.792,0.833,0.84,0.826,0.614,0.796,0.735,0.729,0.819,0.784,0.793,0.838,0.826,0.83,0.778,0.49,0.824,0.803,0.643,0.76,0.714,0.565,OrganismalFitness,DYR_ECOLI,Medium,Prokaryote
0.751,0.822,0.826,0.83,0.832,0.834,0.477,0.777,0.814,0.818,0.828,0.822,0.83,0.548,0.789,0.824,0.838,0.846,0.842,0.832,0.692,0.776,0.7,0.74,0.781,0.794,0.816,0.816,0.792,0.833,0.84,0.826,0.614,0.796,0.735,0.729,0.819,0.784,0.793,0.838,0.826,0.83,0.778,0.49,0.824,0.803,0.643,0.76,0.714,0.565,OrganismalFitness,DYR_ECOLI,Medium,Prokaryote
0.571,0.569,0.61,0.61,0.619,0.618,0.503,0.616,0.593,0.615,0.606,0.625,0.636,0.607,0.615,0.618,0.613,0.6,0.584,0.614,0.605,0.601,0.632,0.625,0.606,0.611,0.626,0.621,0.615,0.618,0.598,0.595,0.559,0.602,0.612,0.621,0.618,0.623,0.63,0.621,0.625,0.625,0.611,0.566,0.612,0.61,0.528,0.596,0.582,0.525,Activity,ENVZ_ECOLI,High,Prokaryote
0.747,0.744,0.688,0.742,0.765,0.761,0.503,0.704,0.768,0.759,0.722,0.791,0.777,0.533,0.515,0.496,0.47,0.507,0.539,0.751,0.753,0.74,0.768,0.771,0.707,0.783,0.769,0.746,0.747,0.767,0.768,0.757,0.674,0.767,0.767,0.771,0.774,0.776,0.772,0.772,0.773,0.774,0.719,0.451,0.748,0.759,0.736,0.713,0.731,0.651,OrganismalFitness,ENV_HV1B9,Medium,Virus
0.669,0.652,0.66,0.661,0.671,0.673,0.499,0.659,0.673,0.674,0.649,0.659,0.669,0.495,0.495,0.497,0.519,0.529,0.577,0.667,0.676,0.68,0.687,0.682,0.673,0.68,0.68,0.676,0.682,0.677,0.665,0.649,0.599,0.673,0.682,0.681,0.681,0.685,0.684,0.685,0.687,0.684,0.615,0.49,0.66,0.649,0.597,0.616,0.553,0.534,OrganismalFitness,ENV_HV1BR,Medium,Virus
0.839,0.898,0.899,0.902,0.914,0.915,0.309,0.906,0.931,0.942,0.944,0.946,0.953,0.286,0.941,0.954,0.963,0.945,0.94,0.923,0.831,0.86,0.899,0.889,0.88,0.898,0.905,0.913,0.92,0.954,0.94,0.936,0.886,0.86,0.859,0.879,0.908,0.908,0.916,0.919,0.918,0.917,0.85,0.341,0.857,0.861,0.83,0.828,0.943,0.909,Stability,EPHB2_HUMAN,High,Human
0.697,0.691,0.641,0.642,0.634,0.645,0.717,0.694,0.737,0.723,0.719,0.73,0.738,0.737,0.732,0.735,0.706,0.692,0.652,0.525,0.721,0.729,0.752,0.725,0.74,0.747,0.778,0.782,0.734,0.692,0.716,0.543,0.732,0.768,0.728,0.736,0.747,0.731,0.737,0.728,0.723,0.72,0.739,0.735,0.764,0.734,0.718,0.73,0.407,0.527,Expression,ERBB2_HUMAN,Low,Human
0.637,0.694,0.702,0.711,0.696,0.694,0.577,0.665,0.72,0.718,0.659,0.645,0.662,0.576,0.621,0.629,0.645,0.641,0.664,0.654,0.548,0.591,0.634,0.648,0.628,0.62,0.653,0.634,0.696,0.69,0.724,0.711,0.534,0.579,0.63,0.641,0.655,0.665,0.673,0.7,0.703,0.703,0.588,0.552,0.637,0.623,0.783,0.743,0.774,0.681,Stability,ESTA_BACSU,High,Prokaryote
0.827,0.799,0.799,0.809,0.808,0.805,0.775,0.763,0.809,0.793,0.766,0.707,0.729,0.769,0.864,0.864,0.734,0.741,0.755,0.77,0.753,0.804,0.719,0.713,0.802,0.698,0.745,0.693,0.7,0.795,0.811,0.823,0.643,0.77,0.822,0.834,0.821,0.846,0.845,0.815,0.831,0.819,0.721,0.627,0.669,0.704,0.725,0.776,0.827,0.746,OrganismalFitness,F7YBW7_MESOW,High,Prokaryote
0.537,0.668,0.668,0.689,0.683,0.684,0.517,0.633,0.664,0.679,0.689,0.669,0.674,0.475,0.513,0.531,0.671,0.665,0.687,0.67,0.479,0.457,0.458,0.503,0.555,0.559,0.501,0.633,0.677,0.659,0.698,0.687,0.518,0.498,0.46,0.685,0.537,0.515,0.684,0.664,0.658,0.691,0.488,0.479,0.599,0.492,0.498,0.616,0.528,0.519,OrganismalFitness,F7YBW8_MESOW,High,Prokaryote
0.705,0.727,0.746,0.751,0.746,0.742,0.51,0.677,0.731,0.744,0.775,0.637,0.727,0.51,0.735,0.784,0.78,0.764,0.711,0.746,0.577,0.648,0.697,0.663,0.581,0.754,0.743,0.641,0.717,0.779,0.719,0.684,0.657,0.526,0.562,0.577,0.692,0.687,0.665,0.729,0.727,0.716,0.701,0.5,0.756,0.729,0.801,0.783,0.816,0.781,Stability,FECA_ECOLI,High,Eukaryote
0.727,0.707,0.759,0.76,0.763,0.771,0.589,0.675,0.649,0.652,0.602,0.594,0.591,0.593,0.592,0.583,0.6,0.64,0.694,0.661,0.622,0.622,0.627,0.632,0.585,0.622,0.599,0.625,0.628,0.752,0.673,0.676,0.464,0.566,0.602,0.624,0.718,0.721,0.688,0.765,0.767,0.73,0.599,0.602,0.595,0.613,0.856,0.824,0.855,0.819,Stability,FKBP3_HUMAN,Medium,Human
0.646,0.711,0.712,0.748,0.733,0.749,0.677,0.496,0.781,0.775,0.782,0.74,0.743,0.685,0.712,0.759,0.795,0.793,0.788,0.749,0.672,0.691,0.695,0.695,0.691,0.716,0.741,0.727,0.771,0.792,0.792,0.763,0.636,0.655,0.669,0.67,0.757,0.752,0.754,0.742,0.739,0.737,0.708,0.653,0.777,0.731,0.649,0.763,0.67,0.568,OrganismalFitness,GAL4_YEAST,Medium,Eukaryote
0.632,0.633,0.629,0.63,0.628,0.628,0.584,0.611,0.634,0.635,0.627,0.644,0.647,0.662,0.644,0.638,0.649,0.638,0.631,0.599,0.574,0.581,0.572,0.572,0.563,0.551,0.532,0.559,0.577,0.622,0.637,0.634,0.519,0.573,0.571,0.641,0.635,0.635,0.647,0.635,0.635,0.645,0.549,0.589,0.572,0.556,0.568,0.591,0.612,0.587,Binding,GCN4_YEAST,Low,Eukaryote
0.719,0.72,0.726,0.724,0.727,0.727,0.591,0.696,0.733,0.732,0.694,0.706,0.726,0.582,0.618,0.716,0.698,0.684,0.704,0.701,0.626,0.688,0.686,0.701,0.659,0.718,0.708,0.685,0.696,0.704,0.712,0.692,0.627,0.657,0.69,0.671,0.715,0.719,0.713,0.726,0.733,0.729,0.616,0.56,0.717,0.62,0.671,0.709,0.682,0.544,OrganismalFitness,GDIA_HUMAN,Low,Human
0.889,0.884,0.9,0.901,0.903,0.903,0.54,0.883,0.884,0.889,0.816,0.565,0.565,0.552,0.583,0.564,0.572,0.596,0.679,0.858,0.555,0.572,0.614,0.565,0.532,0.615,0.684,0.884,0.886,0.904,0.865,0.87,0.541,0.545,0.616,0.878,0.889,0.89,0.902,0.906,0.907,0.919,0.515,0.495,0.525,0.525,0.796,0.792,0.925,0.86,Activity,GFP_AEQVI,Low,Eukaryote
0.602,0.546,0.603,0.601,0.594,0.583,0.711,0.799,0.671,0.662,0.741,0.756,0.754,0.728,0.746,0.77,0.751,0.727,0.757,0.583,0.743,0.755,0.737,0.761,0.739,0.752,0.761,0.765,0.798,0.672,0.746,0.638,0.638,0.761,0.737,0.761,0.75,0.736,0.748,0.732,0.717,0.74,0.758,0.749,0.762,0.727,0.722,0.767,0.706,0.617,Expression,GLPA_HUMAN,Low,Human
0.727,0.787,0.784,0.801,0.799,0.802,0.777,0.748,0.758,0.765,0.792,0.747,0.781,0.797,0.832,0.847,0.858,0.792,0.816,0.799,0.807,0.79,0.786,0.752,0.801,0.785,0.753,0.793,0.751,0.78,0.741,0.741,0.757,0.801,0.786,0.727,0.79,0.784,0.745,0.812,0.812,0.796,0.826,0.673,0.789,0.816,0.879,0.79,0.89,0.785,OrganismalFitness,GRB2_HUMAN,Medium,Human
0.652,0.715,0.572,0.586,0.679,0.682,0.629,0.707,0.676,0.682,0.829,0.724,0.747,0.644,0.704,0.783,0.835,0.79,0.801,0.62,0.644,0.652,0.67,0.677,0.66,0.669,0.605,0.666,0.765,0.802,0.824,0.758,0.579,0.633,0.643,0.753,0.711,0.716,0.773,0.687,0.714,0.765,0.653,0.643,0.81,0.686,0.829,0.861,0.864,0.786,Stability,HCP_LAMBD,Medium,Virus
0.846,0.873,0.829,0.844,0.885,0.887,0.667,0.823,0.849,0.864,0.83,0.696,0.72,0.642,0.656,0.917,0.884,0.86,0.846,0.869,0.674,0.815,0.866,0.859,0.792,0.863,0.856,0.841,0.848,0.887,0.873,0.871,0.62,0.675,0.697,0.743,0.907,0.886,0.91,0.895,0.895,0.901,0.596,0.581,0.902,0.668,0.755,0.869,0.857,0.772,Stability,HECD1_HUMAN,Medium,Human
0.712,0.707,0.701,0.702,0.71,0.709,0.56,0.566,0.714,0.717,0.694,0.688,0.696,0.569,0.69,0.702,0.694,0.713,0.72,0.562,0.669,0.688,0.692,0.7,0.676,0.694,0.691,0.693,0.709,0.72,0.715,0.711,0.547,0.689,0.694,0.703,0.713,0.719,0.731,0.715,0.719,0.726,0.66,0.573,0.69,0.685,0.666,0.684,0.659,0.58,Activity,HEM3_HUMAN,Medium,Human
0.768,0.809,0.825,0.822,0.801,0.8,0.589,0.645,0.789,0.79,0.761,0.734,0.773,0.534,0.568,0.749,0.728,0.763,0.769,0.755,0.686,0.734,0.75,0.777,0.724,0.779,0.771,0.802,0.81,0.804,0.724,0.714,0.583,0.734,0.758,0.849,0.783,0.783,0.865,0.829,0.812,0.835,0.587,0.524,0.666,0.507,0.729,0.75,0.82,0.722,OrganismalFitness,HIS7_YEAST,Medium,Eukaryote
0.741,0.7,0.683,0.688,0.72,0.718,0.575,0.627,0.617,0.62,0.626,0.664,0.649,0.514,0.498,0.654,0.755,0.682,0.683,0.64,0.727,0.566,0.572,0.595,0.719,0.588,0.572,0.594,0.592,0.735,0.699,0.694,0.61,0.655,0.617,0.6,0.719,0.664,0.657,0.714,0.672,0.67,0.581,0.526,0.735,0.75,0.66,0.721,0.397,0.555,OrganismalFitness,HMDH_HUMAN,Low,Human
0.765,0.754,0.789,0.794,0.79,0.79,0.673,0.748,0.796,0.793,0.769,0.794,0.808,0.562,0.633,0.691,0.735,0.762,0.759,0.712,0.77,0.772,0.771,0.782,0.772,0.777,0.792,0.771,0.791,0.797,0.813,0.798,0.658,0.762,0.762,0.766,0.784,0.784,0.786,0.797,0.797,0.798,0.651,0.464,0.769,0.766,0.591,0.703,0.587,0.521,OrganismalFitness,HSP82_YEAST,Medium,Eukaryote
0.765,0.754,0.789,0.794,0.79,0.79,0.673,0.748,0.796,0.793,0.769,0.794,0.808,0.562,0.633,0.691,0.735,0.762,0.759,0.712,0.77,0.772,0.771,0.782,0.772,0.777,0.792,0.771,0.791,0.797,0.813,0.798,0.658,0.762,0.762,0.766,0.784,0.784,0.786,0.797,0.797,0.798,0.651,0.464,0.769,0.766,0.591,0.703,0.587,0.521,OrganismalFitness,HSP82_YEAST,Medium,Eukaryote
0.765,0.754,0.789,0.794,0.79,0.79,0.673,0.748,0.796,0.793,0.769,0.794,0.808,0.562,0.633,0.691,0.735,0.762,0.759,0.712,0.77,0.772,0.771,0.782,0.772,0.777,0.792,0.771,0.791,0.797,0.813,0.798,0.658,0.762,0.762,0.766,0.784,0.784,0.786,0.797,0.797,0.798,0.651,0.464,0.769,0.766,0.591,0.703,0.587,0.521,OrganismalFitness,HSP82_YEAST,Medium,Eukaryote
0.728,0.75,0.728,0.74,0.734,0.738,0.576,0.704,0.754,0.764,0.726,0.728,0.742,0.585,0.63,0.734,0.75,0.753,0.736,0.631,0.708,0.71,0.714,0.709,0.708,0.718,0.717,0.716,0.706,0.75,0.726,0.702,0.598,0.718,0.704,0.694,0.738,0.734,0.728,0.744,0.746,0.745,0.633,0.528,0.744,0.73,0.709,0.733,0.718,0.591,OrganismalFitness,HXK4_HUMAN,Medium,Human
0.728,0.75,0.728,0.74,0.734,0.738,0.576,0.704,0.754,0.764,0.726,0.728,0.742,0.585,0.63,0.734,0.75,0.753,0.736,0.631,0.708,0.71,0.714,0.709,0.708,0.718,0.717,0.716,0.706,0.75,0.726,0.702,0.598,0.718,0.704,0.694,0.738,0.734,0.728,0.744,0.746,0.745,0.633,0.528,0.744,0.73,0.709,0.733,0.718,0.591,Expression,HXK4_HUMAN,Medium,Human
0.677,0.664,0.639,0.638,0.685,0.683,0.495,0.659,0.646,0.656,0.503,0.507,0.506,0.509,0.51,0.501,0.507,0.503,0.543,0.608,0.663,0.669,0.691,0.691,0.504,0.508,0.554,0.497,0.655,0.695,0.627,0.63,0.572,0.652,0.666,0.673,0.665,0.676,0.677,0.693,0.701,0.704,0.502,0.511,0.506,0.509,0.608,0.604,0.623,0.549,OrganismalFitness,I6TAH8_I68A0,Medium,Virus
0.695,0.775,0.823,0.823,0.816,0.82,0.578,0.712,0.623,0.641,0.803,0.815,0.826,0.6,0.756,0.817,0.832,0.818,0.8,0.793,0.673,0.729,0.695,0.714,0.746,0.748,0.751,0.735,0.745,0.722,0.784,0.754,0.643,0.756,0.774,0.787,0.773,0.78,0.785,0.812,0.816,0.82,0.693,0.563,0.821,0.782,0.692,0.797,0.781,0.645,OrganismalFitness,IF1_ECOLI,High,Prokaryote
0.718,0.758,0.827,0.821,0.811,0.814,0.604,0.741,0.815,0.804,0.747,0.757,0.772,0.718,0.775,0.838,0.722,0.71,0.649,0.837,0.621,0.646,0.685,0.726,0.735,0.672,0.751,0.696,0.697,0.82,0.773,0.758,0.529,0.614,0.67,0.738,0.747,0.757,0.787,0.792,0.783,0.821,0.755,0.62,0.745,0.813,0.834,0.79,0.851,0.752,Stability,ILF3_HUMAN,High,Human
0.54,0.548,0.599,0.594,0.612,0.612,0.662,0.571,0.666,0.672,0.738,0.71,0.719,0.687,0.695,0.724,0.718,0.74,0.724,0.589,0.653,0.601,0.614,0.629,0.649,0.66,0.655,0.642,0.685,0.669,0.718,0.691,0.622,0.636,0.62,0.636,0.625,0.605,0.616,0.629,0.606,0.616,0.639,0.611,0.665,0.652,0.788,0.743,0.773,0.752,Stability,ISDH_STAAW,High,Prokaryote
0.667,0.696,0.68,0.689,0.686,0.688,0.635,0.66,0.694,0.686,0.679,0.704,0.726,0.626,0.609,0.74,0.706,0.678,0.671,0.628,0.65,0.666,0.672,0.688,0.66,0.72,0.732,0.714,0.717,0.694,0.714,0.676,0.444,0.615,0.694,0.738,0.692,0.707,0.741,0.706,0.716,0.744,0.632,0.619,0.716,0.635,0.615,0.681,0.613,0.546,Expression,KCNE1_HUMAN,Medium,Human
0.667,0.696,0.68,0.689,0.686,0.688,0.635,0.66,0.694,0.686,0.679,0.704,0.726,0.626,0.609,0.74,0.706,0.678,0.671,0.628,0.65,0.666,0.672,0.688,0.66,0.72,0.732,0.714,0.717,0.694,0.714,0.676,0.444,0.615,0.694,0.738,0.692,0.707,0.741,0.706,0.716,0.744,0.632,0.619,0.716,0.635,0.615,0.681,0.613,0.546,Activity,KCNE1_HUMAN,Medium,Human
0.738,0.73,0.671,0.67,0.636,0.635,0.755,0.588,0.704,0.683,0.644,0.607,0.609,0.619,0.593,0.608,0.623,0.625,0.622,0.739,0.741,0.766,0.751,0.729,0.762,0.748,0.736,0.739,0.735,0.758,0.693,0.63,0.678,0.738,0.767,0.749,0.75,0.782,0.771,0.739,0.767,0.759,0.728,0.599,0.59,0.652,0.605,0.477,0.426,0.547,Activity,KCNH2_HUMAN,Medium,Human
0.658,0.665,0.645,0.651,0.67,0.672,0.544,0.613,0.65,0.65,0.668,0.654,0.66,0.56,0.661,0.682,0.677,0.678,0.682,0.597,0.642,0.632,0.619,0.624,0.649,0.648,0.641,0.65,0.619,0.682,0.663,0.652,0.576,0.636,0.633,0.617,0.663,0.661,0.654,0.668,0.67,0.668,0.617,0.514,0.645,0.66,0.612,0.631,0.622,0.554,Activity,KCNJ2_MOUSE,Medium,Human
0.658,0.665,0.645,0.651,0.67,0.672,0.544,0.613,0.65,0.65,0.668,0.654,0.66,0.56,0.661,0.682,0.677,0.678,0.682,0.597,0.642,0.632,0.619,0.624,0.649,0.648,0.641,0.65,0.619,0.682,0.663,0.652,0.576,0.636,0.633,0.617,0.663,0.661,0.654,0.668,0.67,0.668,0.617,0.514,0.645,0.66,0.612,0.631,0.622,0.554,Expression,KCNJ2_MOUSE,Medium,Human
0.658,0.806,0.756,0.859,0.85,0.856,0.623,0.756,0.835,0.848,0.827,0.842,0.858,0.632,0.655,0.782,0.844,0.87,0.876,0.794,0.674,0.748,0.805,0.814,0.706,0.837,0.835,0.832,0.869,0.868,0.87,0.845,0.59,0.65,0.787,0.839,0.764,0.809,0.843,0.842,0.855,0.868,0.653,0.551,0.826,0.733,0.749,0.829,0.806,0.64,OrganismalFitness,KKA2_KLEPN,High,Prokaryote
0.64,0.706,0.73,0.734,0.73,0.737,0.56,0.717,0.783,0.774,0.715,0.756,0.771,0.588,0.654,0.685,0.75,0.782,0.779,0.742,0.639,0.693,0.722,0.736,0.677,0.734,0.751,0.729,0.765,0.755,0.756,0.718,0.565,0.649,0.69,0.767,0.68,0.696,0.755,0.73,0.736,0.759,0.584,0.53,0.732,0.676,0.689,0.743,0.735,0.57,Activity,LGK_LIPST,Medium,Eukaryote
0.669,0.667,0.61,0.594,0.649,0.653,0.675,0.58,0.715,0.714,0.698,0.673,0.67,0.643,0.672,0.66,0.637,0.691,0.732,0.653,0.681,0.687,0.682,0.675,0.674,0.679,0.669,0.642,0.66,0.688,0.641,0.583,0.598,0.672,0.705,0.664,0.684,0.705,0.679,0.677,0.691,0.667,0.642,0.658,0.644,0.665,0.586,0.631,0.59,0.556,Expression,LYAM1_HUMAN,Medium,Human
0.854,0.874,0.866,0.866,0.861,0.861,0.74,0.904,0.879,0.878,0.9,0.749,0.886,0.79,0.795,0.823,0.829,0.859,0.762,0.868,0.752,0.837,0.848,0.872,0.817,0.858,0.83,0.859,0.839,0.835,0.863,0.855,0.776,0.686,0.851,0.855,0.844,0.885,0.905,0.869,0.894,0.911,0.718,0.525,0.781,0.676,0.859,0.728,0.89,0.905,Stability,MAFG_MOUSE,Medium,Eukaryote
0.808,0.904,0.885,0.895,0.917,0.921,0.466,0.816,0.893,0.904,0.907,0.757,0.805,0.428,0.539,0.915,0.891,0.882,0.91,0.902,0.494,0.556,0.847,0.864,0.626,0.836,0.824,0.842,0.911,0.923,0.906,0.878,0.84,0.333,0.554,0.544,0.823,0.872,0.86,0.899,0.919,0.913,0.483,0.395,0.858,0.749,0.75,0.848,0.903,0.792,Stability,MBD11_ARATH,Medium,Eukaryote
0.789,0.845,0.839,0.856,0.868,0.869,0.827,0.825,0.867,0.881,0.869,0.847,0.853,0.789,0.826,0.843,0.871,0.876,0.875,0.87,0.832,0.819,0.797,0.811,0.834,0.829,0.825,0.808,0.786,0.849,0.86,0.833,0.677,0.798,0.814,0.828,0.826,0.84,0.855,0.855,0.859,0.863,0.842,0.723,0.859,0.863,0.728,0.768,0.815,0.624,Activity,MET_HUMAN,Medium,Human
0.614,0.622,0.638,0.641,0.634,0.636,0.627,0.605,0.598,0.597,0.542,0.607,0.617,0.605,0.621,0.622,0.615,0.621,0.597,0.614,0.631,0.582,0.562,0.53,0.613,0.569,0.552,0.561,0.486,0.63,0.613,0.633,0.568,0.61,0.554,0.524,0.623,0.586,0.572,0.637,0.627,0.626,0.621,0.579,0.594,0.614,0.541,0.514,0.582,0.502,OrganismalFitness,MK01_HUMAN,Medium,Human
0.607,0.686,0.723,0.728,0.72,0.721,0.489,0.684,0.721,0.722,0.708,0.72,0.728,0.489,0.614,0.631,0.694,0.691,0.706,0.708,0.538,0.692,0.697,0.71,0.659,0.706,0.708,0.705,0.725,0.716,0.737,0.726,0.513,0.566,0.662,0.651,0.634,0.667,0.66,0.698,0.708,0.707,0.584,0.479,0.662,0.618,0.514,0.605,0.571,0.491,OrganismalFitness,MLAC_ECOLI,Medium,Prokaryote
0.827,0.861,0.833,0.841,0.852,0.854,0.696,0.794,0.863,0.868,0.809,0.839,0.857,0.703,0.824,0.858,0.814,0.775,0.678,0.843,0.762,0.792,0.775,0.762,0.788,0.804,0.815,0.804,0.785,0.859,0.828,0.804,0.697,0.753,0.795,0.773,0.821,0.837,0.829,0.849,0.856,0.856,0.761,0.599,0.843,0.811,0.784,0.815,0.562,0.594,OrganismalFitness,MSH2_HUMAN,Medium,Human
0.706,0.8,0.836,0.842,0.83,0.835,0.686,0.823,0.834,0.84,0.811,0.854,0.856,0.631,0.697,0.717,0.775,0.822,0.835,0.84,0.68,0.747,0.818,0.838,0.764,0.836,0.855,0.843,0.862,0.83,0.847,0.828,0.671,0.692,0.764,0.832,0.722,0.763,0.824,0.815,0.829,0.847,0.692,0.52,0.756,0.692,0.713,0.786,0.777,0.6,OrganismalFitness,MTH3_HAEAE,Medium,Prokaryote
0.607,0.618,0.608,0.611,0.611,0.61,0.588,0.575,0.634,0.632,0.676,0.629,0.639,0.575,0.685,0.724,0.661,0.625,0.631,0.614,0.707,0.564,0.597,0.621,0.7,0.601,0.619,0.604,0.639,0.629,0.592,0.577,0.559,0.71,0.641,0.595,0.668,0.641,0.612,0.66,0.636,0.618,0.62,0.547,0.669,0.683,0.608,0.653,0.674,0.543,OrganismalFitness,MTHR_HUMAN,Low,Human
0.584,0.635,0.689,0.7,0.711,0.727,0.574,0.623,0.752,0.759,0.783,0.76,0.761,0.592,0.726,0.815,0.821,0.774,0.645,0.675,0.675,0.618,0.665,0.657,0.676,0.647,0.699,0.664,0.684,0.65,0.665,0.613,0.58,0.721,0.674,0.644,0.704,0.677,0.659,0.723,0.719,0.711,0.566,0.526,0.72,0.654,0.715,0.737,0.77,0.696,Stability,MYO3_YEAST,High,Eukaryote
0.687,0.67,0.673,0.672,0.685,0.686,0.508,0.668,0.669,0.679,0.514,0.517,0.518,0.519,0.52,0.516,0.521,0.522,0.553,0.646,0.677,0.687,0.702,0.704,0.517,0.529,0.557,0.52,0.677,0.7,0.641,0.645,0.565,0.68,0.686,0.71,0.699,0.704,0.717,0.716,0.715,0.724,0.517,0.515,0.52,0.519,0.631,0.635,0.639,0.559,OrganismalFitness,NCAP_I34A1,Medium,Virus
0.689,0.8,0.859,0.858,0.87,0.86,0.816,0.861,0.871,0.866,0.864,0.874,0.87,0.857,0.824,0.868,0.858,0.833,0.856,0.846,0.858,0.842,0.844,0.842,0.841,0.835,0.852,0.84,0.861,0.876,0.828,0.814,0.847,0.817,0.833,0.853,0.841,0.851,0.866,0.867,0.869,0.875,0.77,0.717,0.705,0.751,0.823,0.721,0.872,0.868,Stability,NKX31_HUMAN,High,Human
0.866,0.824,0.763,0.766,0.84,0.844,0.634,0.741,0.854,0.857,0.852,0.604,0.662,0.586,0.663,0.79,0.831,0.826,0.842,0.614,0.706,0.708,0.711,0.678,0.708,0.724,0.762,0.687,0.734,0.842,0.872,0.799,0.662,0.646,0.686,0.77,0.851,0.814,0.857,0.854,0.829,0.848,0.663,0.616,0.893,0.704,0.742,0.844,0.478,0.601,Activity,NPC1_HUMAN,Low,Human
0.866,0.824,0.763,0.766,0.84,0.844,0.634,0.741,0.854,0.857,0.852,0.604,0.662,0.586,0.663,0.79,0.831,0.826,0.842,0.614,0.706,0.708,0.711,0.678,0.708,0.724,0.762,0.687,0.734,0.842,0.872,0.799,0.662,0.646,0.686,0.77,0.851,0.814,0.857,0.854,0.829,0.848,0.663,0.616,0.893,0.704,0.742,0.844,0.478,0.601,Activity,NPC1_HUMAN,Low,Human
0.802,0.775,0.727,0.717,0.799,0.795,0.53,0.718,0.764,0.825,0.474,0.598,0.745,0.45,0.444,0.505,0.615,0.752,0.795,0.686,0.769,0.802,0.781,0.777,0.549,0.774,0.809,0.747,0.81,0.833,0.729,0.732,0.456,0.747,0.767,0.772,0.803,0.822,0.823,0.82,0.828,0.823,0.428,0.432,0.425,0.423,0.725,0.706,0.731,0.592,OrganismalFitness,NRAM_I33A0,Low,Virus
0.644,0.75,0.797,0.813,0.809,0.811,0.504,0.711,0.854,0.869,0.838,0.839,0.863,0.677,0.735,0.753,0.801,0.833,0.84,0.777,0.671,0.75,0.808,0.798,0.736,0.828,0.826,0.81,0.788,0.813,0.841,0.811,0.594,0.698,0.739,0.816,0.728,0.744,0.83,0.809,0.809,0.838,0.724,0.511,0.831,0.744,0.753,0.805,0.779,0.667,Expression,NUD15_HUMAN,High,Human
0.692,0.804,0.802,0.796,0.814,0.821,0.636,0.73,0.724,0.703,0.793,0.654,0.667,0.656,0.698,0.701,0.744,0.767,0.758,0.798,0.705,0.796,0.81,0.812,0.657,0.762,0.729,0.788,0.807,0.839,0.865,0.894,0.587,0.682,0.703,0.707,0.758,0.746,0.756,0.832,0.81,0.825,0.679,0.609,0.683,0.67,0.851,0.828,0.881,0.844,Stability,NUSA_ECOLI,High,Prokaryote
0.752,0.76,0.767,0.774,0.783,0.774,0.653,0.758,0.729,0.761,0.749,0.722,0.746,0.693,0.796,0.763,0.784,0.789,0.788,0.761,0.682,0.705,0.7,0.727,0.73,0.722,0.737,0.699,0.733,0.803,0.741,0.739,0.66,0.657,0.669,0.745,0.743,0.744,0.771,0.763,0.765,0.775,0.681,0.559,0.674,0.743,0.815,0.789,0.886,0.862,Stability,NUSG_MYCTU,High,Prokaryote
0.758,0.86,0.916,0.928,0.917,0.923,0.644,0.809,0.917,0.932,0.921,0.869,0.887,0.649,0.9,0.923,0.928,0.924,0.919,0.916,0.909,0.899,0.898,0.887,0.854,0.902,0.893,0.882,0.877,0.909,0.927,0.922,0.758,0.618,0.67,0.762,0.874,0.86,0.869,0.927,0.917,0.92,0.735,0.484,0.73,0.787,0.837,0.787,0.916,0.918,Stability,OBSCN_HUMAN,High,Human
0.372,0.393,0.643,0.562,0.637,0.636,0.404,0.518,0.565,0.565,0.5,0.432,0.426,0.448,0.415,0.532,0.569,0.514,0.571,0.589,0.559,0.555,0.546,0.56,0.554,0.561,0.552,0.564,0.581,0.642,0.504,0.493,0.614,0.453,0.49,0.479,0.566,0.56,0.56,0.61,0.6,0.618,0.599,0.452,0.632,0.625,0.694,0.678,0.681,0.626,Stability,ODP2_GEOSE,High,Prokaryote
0.611,0.75,0.755,0.796,0.758,0.76,0.701,0.808,0.801,0.795,0.692,0.788,0.808,0.659,0.777,0.767,0.784,0.751,0.769,0.784,0.782,0.778,0.772,0.796,0.804,0.812,0.822,0.815,0.801,0.749,0.74,0.694,0.604,0.761,0.785,0.768,0.78,0.783,0.773,0.763,0.765,0.767,0.702,0.557,0.762,0.752,0.874,0.789,0.882,0.611,Expression,OPSD_HUMAN,High,Human
0.757,0.786,0.748,0.769,0.778,0.78,0.547,0.71,0.782,0.78,0.773,0.779,0.785,0.552,0.69,0.739,0.753,0.749,0.763,0.782,0.713,0.731,0.768,0.782,0.735,0.783,0.769,0.777,0.798,0.806,0.745,0.716,0.533,0.703,0.761,0.798,0.753,0.787,0.815,0.786,0.798,0.807,0.619,0.524,0.752,0.72,0.83,0.797,0.837,0.687,Activity,OTC_HUMAN,Medium,Human
0.52,0.593,0.582,0.59,0.602,0.604,0.599,0.574,0.558,0.596,0.747,0.862,0.858,0.593,0.835,0.847,0.726,0.741,0.728,0.579,0.578,0.665,0.691,0.713,0.731,0.731,0.759,0.732,0.615,0.671,0.815,0.793,0.562,0.566,0.639,0.734,0.596,0.602,0.688,0.612,0.603,0.636,0.688,0.577,0.836,0.812,0.829,0.842,0.865,0.787,Stability,OTU7A_HUMAN,High,Human
0.602,0.646,0.665,0.666,0.657,0.662,0.621,0.629,0.66,0.67,0.686,0.676,0.678,0.612,0.644,0.666,0.679,0.692,0.69,0.65,0.603,0.636,0.657,0.655,0.646,0.666,0.68,0.667,0.694,0.668,0.694,0.678,0.536,0.63,0.634,0.655,0.654,0.654,0.661,0.665,0.665,0.666,0.636,0.576,0.682,0.654,0.672,0.688,0.661,0.544,Activity,OXDA_RHOTO,High,Eukaryote
0.602,0.646,0.665,0.666,0.657,0.662,0.621,0.629,0.66,0.67,0.686,0.676,0.678,0.612,0.644,0.666,0.679,0.692,0.69,0.65,0.603,0.636,0.657,0.655,0.646,0.666,0.68,0.667,0.694,0.668,0.694,0.678,0.536,0.63,0.634,0.655,0.654,0.654,0.661,0.665,0.665,0.666,0.636,0.576,0.682,0.654,0.672,0.688,0.661,0.544,Expression,OXDA_RHOTO,High,Eukaryote
0.802,0.804,0.741,0.758,0.793,0.798,0.476,0.731,0.764,0.767,0.818,0.803,0.834,0.444,0.462,0.768,0.82,0.833,0.844,0.64,0.717,0.782,0.792,0.783,0.764,0.802,0.802,0.811,0.749,0.812,0.828,0.804,0.594,0.696,0.792,0.757,0.795,0.818,0.794,0.804,0.821,0.8,0.448,0.435,0.83,0.52,0.762,0.82,0.77,0.634,OrganismalFitness,P53_HUMAN,Low,Human
0.802,0.804,0.741,0.758,0.793,0.798,0.476,0.731,0.764,0.767,0.818,0.803,0.834,0.444,0.462,0.768,0.82,0.833,0.844,0.64,0.717,0.782,0.792,0.783,0.764,0.802,0.802,0.811,0.749,0.812,0.828,0.804,0.594,0.696,0.792,0.757,0.795,0.818,0.794,0.804,0.821,0.8,0.448,0.435,0.83,0.52,0.762,0.82,0.77,0.634,OrganismalFitness,P53_HUMAN,Low,Human
0.802,0.804,0.741,0.758,0.793,0.798,0.476,0.731,0.764,0.767,0.818,0.803,0.834,0.444,0.462,0.768,0.82,0.833,0.844,0.64,0.717,0.782,0.792,0.783,0.764,0.802,0.802,0.811,0.749,0.812,0.828,0.804,0.594,0.696,0.792,0.757,0.795,0.818,0.794,0.804,0.821,0.8,0.448,0.435,0.83,0.52,0.762,0.82,0.77,0.634,OrganismalFitness,P53_HUMAN,Low,Human
0.802,0.804,0.741,0.758,0.793,0.798,0.476,0.731,0.764,0.767,0.818,0.803,0.834,0.444,0.462,0.768,0.82,0.833,0.844,0.64,0.717,0.782,0.792,0.783,0.764,0.802,0.802,0.811,0.749,0.812,0.828,0.804,0.594,0.696,0.792,0.757,0.795,0.818,0.794,0.804,0.821,0.8,0.448,0.435,0.83,0.52,0.762,0.82,0.77,0.634,OrganismalFitness,P53_HUMAN,Low,Human
0.79,0.827,0.844,0.852,0.818,0.827,0.661,0.785,0.855,0.856,0.818,0.808,0.832,0.634,0.809,0.817,0.831,0.838,0.811,0.846,0.737,0.785,0.781,0.813,0.792,0.828,0.837,0.819,0.87,0.801,0.817,0.773,0.699,0.769,0.775,0.798,0.795,0.798,0.811,0.821,0.822,0.831,0.754,0.488,0.797,0.774,0.661,0.727,0.768,0.56,OrganismalFitness,P84126_THETH,Medium,Prokaryote
0.855,0.827,0.787,0.791,0.846,0.843,0.752,0.805,0.853,0.85,0.866,0.851,0.861,0.758,0.805,0.856,0.898,0.875,0.882,0.787,0.847,0.858,0.863,0.874,0.846,0.879,0.879,0.866,0.86,0.859,0.884,0.846,0.649,0.849,0.85,0.847,0.874,0.874,0.872,0.866,0.868,0.866,0.825,0.469,0.851,0.852,0.691,0.817,0.779,0.604,OrganismalFitness,PABP_YEAST,Medium,Eukaryote
0.693,0.693,0.686,0.693,0.695,0.702,0.526,0.656,0.709,0.711,0.708,0.693,0.704,0.545,0.688,0.705,0.715,0.662,0.636,0.704,0.57,0.686,0.677,0.668,0.67,0.69,0.693,0.681,0.665,0.705,0.692,0.676,0.561,0.583,0.678,0.681,0.683,0.693,0.697,0.702,0.706,0.706,0.669,0.533,0.705,0.695,0.69,0.723,0.703,0.576,Activity,PAI1_HUMAN,,Human
0.772,0.773,0.761,0.766,0.782,0.783,0.535,0.694,0.704,0.665,0.526,0.537,0.569,0.518,0.52,0.521,0.525,0.525,0.681,0.667,0.736,0.755,0.777,0.778,0.607,0.71,0.733,0.725,0.728,0.805,0.689,0.693,0.566,0.722,0.747,0.777,0.782,0.793,0.796,0.804,0.808,0.803,0.522,0.515,0.521,0.519,0.627,0.616,0.599,0.54,OrganismalFitness,PA_I34A1,Medium,Virus
0.592,0.708,0.858,0.846,0.66,0.652,0.821,0.77,0.892,0.884,0.819,0.873,0.888,0.878,0.911,0.852,0.87,0.851,0.876,0.819,0.836,0.835,0.79,0.841,0.754,0.8,0.788,0.822,0.791,0.783,0.781,0.74,0.647,0.774,0.744,0.795,0.786,0.769,0.793,0.696,0.71,0.7,0.808,0.687,0.796,0.805,0.599,0.747,0.83,0.7,Activity,PHOT_CHLRE,High,Eukaryote
0.608,0.662,0.858,0.837,0.829,0.85,0.8,0.753,0.88,0.878,0.85,0.799,0.858,0.837,0.832,0.846,0.848,0.761,0.79,0.837,0.722,0.859,0.834,0.825,0.789,0.857,0.869,0.852,0.859,0.873,0.879,0.861,0.799,0.766,0.834,0.859,0.806,0.85,0.884,0.856,0.872,0.888,0.8,0.381,0.836,0.777,0.786,0.808,0.871,0.862,Stability,PIN1_HUMAN,High,Human
0.795,0.773,0.787,0.791,0.787,0.79,0.76,0.754,0.812,0.78,0.745,0.732,0.726,0.786,0.836,0.847,0.827,0.807,0.765,0.79,0.771,0.743,0.752,0.738,0.793,0.766,0.744,0.73,0.752,0.78,0.712,0.703,0.729,0.797,0.771,0.761,0.813,0.788,0.784,0.801,0.782,0.784,0.748,0.718,0.646,0.669,0.715,0.653,0.85,0.82,Stability,PITX2_HUMAN,High,Human
0.623,0.605,0.662,0.671,0.69,0.694,0.612,0.658,0.642,0.673,0.68,0.706,0.737,0.716,0.733,0.814,0.721,0.678,0.676,0.718,0.702,0.705,0.68,0.712,0.71,0.708,0.711,0.704,0.712,0.717,0.752,0.75,0.555,0.721,0.665,0.708,0.69,0.686,0.714,0.713,0.697,0.712,0.684,0.674,0.705,0.692,0.835,0.777,0.83,0.79,Stability,PKN1_HUMAN,High,Human
0.709,0.687,0.681,0.699,0.726,0.731,0.478,0.672,0.743,0.75,0.651,0.468,0.516,0.457,0.469,0.595,0.702,0.704,0.717,0.677,0.664,0.694,0.689,0.688,0.561,0.691,0.688,0.683,0.694,0.743,0.694,0.66,0.501,0.524,0.631,0.677,0.667,0.688,0.706,0.688,0.709,0.727,0.465,0.465,0.677,0.472,0.596,0.673,0.559,0.523,OrganismalFitness,POLG_CXB3N,Medium,Virus
0.76,0.794,0.633,0.633,0.772,0.772,0.485,0.722,0.678,0.726,0.669,0.507,0.512,0.481,0.513,0.547,0.587,0.645,0.69,0.715,0.732,0.741,0.733,0.732,0.725,0.754,0.756,0.747,0.745,0.816,0.809,0.771,0.522,0.484,0.577,0.743,0.729,0.709,0.781,0.745,0.714,0.79,0.478,0.473,0.709,0.504,0.69,0.771,0.572,0.561,OrganismalFitness,POLG_DEN26,Low,Virus
0.824,0.784,0.712,0.716,0.823,0.828,0.47,0.598,0.82,0.805,0.588,0.842,0.839,0.552,0.565,0.556,0.556,0.543,0.535,0.631,0.714,0.744,0.741,0.761,0.721,0.756,0.669,0.72,0.78,0.84,0.821,0.772,0.599,0.747,0.769,0.78,0.768,0.79,0.809,0.748,0.78,0.798,0.555,0.52,0.763,0.554,0.554,0.763,0.869,0.703,OrganismalFitness,POLG_HCVJF,Medium,Virus
0.638,0.766,0.695,0.72,0.74,0.74,0.525,0.722,0.773,0.775,0.737,0.523,0.558,0.525,0.556,0.515,0.567,0.553,0.53,0.818,0.558,0.53,0.507,0.574,0.542,0.47,0.486,0.463,0.578,0.761,0.822,0.826,0.575,0.498,0.503,0.5,0.702,0.706,0.702,0.734,0.741,0.733,0.479,0.448,0.491,0.469,0.778,0.748,0.882,0.841,Stability,POLG_PESV,Medium,Virus
0.758,0.814,0.837,0.842,0.838,0.845,0.625,0.731,0.829,0.832,0.812,0.841,0.843,0.533,0.612,0.808,0.865,0.893,0.869,0.858,0.831,0.827,0.697,0.719,0.81,0.837,0.822,0.838,0.734,0.871,0.852,0.843,0.732,0.855,0.816,0.788,0.862,0.845,0.833,0.871,0.861,0.859,0.679,0.524,0.791,0.779,0.807,0.788,0.834,0.668,Activity,PPARG_HUMAN,Medium,Human
0.783,0.779,0.779,0.782,0.816,0.817,0.513,0.694,0.785,0.779,0.797,0.805,0.816,0.639,0.692,0.734,0.805,0.82,0.817,0.697,0.726,0.767,0.776,0.719,0.763,0.795,0.79,0.787,0.714,0.813,0.804,0.777,0.614,0.718,0.769,0.775,0.801,0.805,0.805,0.819,0.817,0.818,0.677,0.473,0.794,0.763,0.756,0.798,0.783,0.627,OrganismalFitness,PPM1D_HUMAN,Low,Human
0.845,0.882,0.926,0.921,0.939,0.94,0.771,0.771,0.947,0.944,0.913,0.85,0.881,0.783,0.779,0.951,0.945,0.921,0.912,0.904,0.829,0.885,0.886,0.898,0.853,0.888,0.907,0.898,0.912,0.946,0.944,0.942,0.856,0.828,0.8,0.824,0.917,0.92,0.909,0.932,0.943,0.933,0.718,0.611,0.635,0.719,0.798,0.664,0.902,0.913,Stability,PR40A_HUMAN,Medium,Human
0.839,0.84,0.835,0.827,0.848,0.844,0.593,0.757,0.76,0.781,0.816,0.839,0.854,0.615,0.652,0.689,0.769,0.861,0.865,0.753,0.652,0.803,0.828,0.819,0.74,0.839,0.838,0.835,0.799,0.846,0.832,0.809,0.652,0.628,0.801,0.817,0.816,0.842,0.848,0.842,0.855,0.86,0.659,0.54,0.821,0.69,0.845,0.831,0.873,0.656,Expression,PRKN_HUMAN,Low,Human
0.859,0.864,0.856,0.855,0.86,0.857,0.712,0.785,0.816,0.816,0.904,0.871,0.88,0.811,0.842,0.895,0.909,0.888,0.853,0.806,0.706,0.656,0.794,0.739,0.793,0.809,0.388,0.802,0.834,0.846,0.853,0.825,0.554,0.717,0.755,0.78,0.845,0.841,0.82,0.866,0.866,0.843,0.748,0.65,0.864,0.784,0.828,0.854,0.907,0.873,Stability,PSAE_SYNP2,Medium,Prokaryote
0.748,0.76,0.754,0.76,0.77,0.774,0.599,0.708,0.766,0.758,0.763,0.76,0.782,0.613,0.704,0.788,0.782,0.668,0.669,0.785,0.662,0.752,0.716,0.698,0.702,0.688,0.68,0.705,0.659,0.79,0.758,0.754,0.554,0.693,0.742,0.691,0.758,0.772,0.746,0.775,0.788,0.786,0.684,0.504,0.776,0.742,0.754,0.748,0.77,0.618,Expression,PTEN_HUMAN,Medium,Human
0.748,0.76,0.754,0.76,0.77,0.774,0.599,0.708,0.766,0.758,0.763,0.76,0.782,0.613,0.704,0.788,0.782,0.668,0.669,0.785,0.662,0.752,0.716,0.698,0.702,0.688,0.68,0.705,0.659,0.79,0.758,0.754,0.554,0.693,0.742,0.691,0.758,0.772,0.746,0.775,0.788,0.786,0.684,0.504,0.776,0.742,0.754,0.748,0.77,0.618,Activity,PTEN_HUMAN,Medium,Human
0.758,0.704,0.69,0.709,0.76,0.763,0.51,0.723,0.766,0.772,0.745,0.767,0.781,0.509,0.509,0.511,0.532,0.559,0.586,0.711,0.77,0.707,0.698,0.671,0.769,0.702,0.702,0.722,0.683,0.764,0.751,0.753,0.644,0.758,0.716,0.71,0.772,0.762,0.762,0.775,0.769,0.768,0.72,0.507,0.765,0.738,0.695,0.743,0.634,0.575,OrganismalFitness,Q2N0S5_9HIV1,Medium,Virus
0.721,0.706,0.718,0.722,0.726,0.726,0.508,0.664,0.688,0.718,0.662,0.692,0.706,0.569,0.57,0.708,0.721,0.708,0.728,0.719,0.666,0.686,0.684,0.67,0.692,0.7,0.689,0.704,0.708,0.712,0.732,0.71,0.566,0.666,0.68,0.652,0.71,0.72,0.71,0.728,0.732,0.728,0.678,0.574,0.71,0.7,0.688,0.712,0.697,0.597,Binding,Q53Z42_HUMAN,Medium,Human
0.721,0.706,0.718,0.722,0.726,0.726,0.508,0.664,0.688,0.718,0.662,0.692,0.706,0.569,0.57,0.708,0.721,0.708,0.728,0.719,0.666,0.686,0.684,0.67,0.692,0.7,0.689,0.704,0.708,0.712,0.732,0.71,0.566,0.666,0.68,0.652,0.71,0.72,0.71,0.728,0.732,0.728,0.678,0.574,0.71,0.7,0.688,0.712,0.697,0.597,Expression,Q53Z42_HUMAN,Medium,Human
0.781,0.831,0.853,0.857,0.857,0.864,0.689,0.776,0.872,0.852,0.827,0.786,0.796,0.574,0.741,0.775,0.813,0.812,0.817,0.85,0.826,0.85,0.849,0.857,0.838,0.859,0.866,0.865,0.869,0.872,0.854,0.827,0.674,0.827,0.85,0.842,0.838,0.856,0.857,0.864,0.869,0.869,0.763,0.492,0.824,0.784,0.711,0.783,0.781,0.569,Activity,Q59976_STRSQ,Medium,Prokaryote
0.634,0.658,0.605,0.606,0.64,0.639,0.496,0.562,0.656,0.643,0.599,0.52,0.512,0.506,0.519,0.501,0.505,0.505,0.493,0.626,0.518,0.519,0.502,0.552,0.513,0.5,0.512,0.496,0.493,0.682,0.636,0.639,0.514,0.513,0.518,0.512,0.599,0.599,0.599,0.637,0.637,0.635,0.505,0.501,0.496,0.51,0.611,0.615,0.664,0.601,Activity,Q6WV12_9MAXI,Low,Eukaryote
0.705,0.712,0.718,0.719,0.725,0.736,0.709,0.675,0.71,0.735,0.765,0.741,0.755,0.682,0.716,0.718,0.724,0.744,0.729,0.476,0.733,0.712,0.721,0.734,0.742,0.749,0.76,0.706,0.754,0.738,0.738,0.718,0.561,0.721,0.747,0.729,0.719,0.754,0.749,0.744,0.752,0.752,0.704,0.677,0.755,0.72,0.63,0.725,0.685,0.551,Activity,Q837P4_ENTFA,Medium,Prokaryote
0.565,0.677,0.682,0.698,0.664,0.668,0.573,0.601,0.598,0.641,0.638,0.646,0.638,0.526,0.578,0.629,0.653,0.691,0.671,0.636,0.657,0.676,0.701,0.698,0.639,0.684,0.69,0.735,0.714,0.644,0.665,0.658,0.559,0.68,0.703,0.741,0.643,0.674,0.714,0.679,0.686,0.699,0.611,0.557,0.653,0.6,0.665,0.642,0.676,0.563,Activity,Q837P5_ENTFA,Medium,Prokaryote
0.63,0.671,0.603,0.602,0.652,0.649,0.495,0.648,0.647,0.647,0.592,0.471,0.463,0.466,0.454,0.459,0.465,0.461,0.484,0.601,0.476,0.492,0.516,0.489,0.482,0.469,0.487,0.606,0.613,0.665,0.646,0.654,0.477,0.452,0.49,0.639,0.596,0.601,0.642,0.641,0.646,0.66,0.472,0.473,0.46,0.46,0.51,0.543,0.628,0.571,Activity,Q8WTC7_9CNID,Low,Eukaryote
0.835,0.829,0.618,0.633,0.846,0.848,0.487,0.675,0.496,0.496,0.575,0.497,0.49,0.513,0.499,0.555,0.567,0.792,0.824,0.663,0.636,0.667,0.674,0.676,0.643,0.643,0.623,0.634,0.642,0.825,0.801,0.745,0.486,0.607,0.637,0.63,0.711,0.735,0.734,0.823,0.834,0.832,0.501,0.486,0.549,0.495,0.752,0.733,0.777,0.626,OrganismalFitness,R1AB_SARS2,Medium,Virus
0.605,0.585,0.66,0.663,0.675,0.692,0.735,0.703,0.836,0.846,0.794,0.748,0.769,0.726,0.846,0.868,0.761,0.754,0.797,0.714,0.788,0.824,0.803,0.766,0.816,0.744,0.808,0.754,0.747,0.799,0.725,0.681,0.649,0.75,0.834,0.745,0.745,0.811,0.744,0.734,0.762,0.723,0.811,0.62,0.625,0.726,0.761,0.666,0.865,0.778,Stability,RAD_ANTMA,High,Eukaryote
0.708,0.719,0.706,0.712,0.725,0.725,0.525,0.684,0.762,0.766,0.76,0.732,0.769,0.523,0.619,0.74,0.756,0.744,0.734,0.678,0.654,0.715,0.708,0.696,0.699,0.712,0.708,0.696,0.708,0.727,0.764,0.73,0.569,0.653,0.688,0.702,0.693,0.703,0.711,0.717,0.734,0.737,0.607,0.529,0.779,0.707,0.638,0.725,0.639,0.665,OrganismalFitness,RAF1_HUMAN,Low,Human
0.798,0.811,0.827,0.842,0.839,0.844,0.689,0.772,0.805,0.81,0.757,0.787,0.811,0.807,0.849,0.835,0.85,0.817,0.735,0.859,0.819,0.805,0.805,0.791,0.809,0.791,0.791,0.767,0.71,0.815,0.789,0.779,0.648,0.787,0.803,0.76,0.821,0.83,0.808,0.839,0.844,0.846,0.838,0.662,0.72,0.822,0.711,0.641,0.807,0.644,Activity,RASH_HUMAN,High,Human
0.691,0.69,0.75,0.75,0.74,0.746,0.625,0.662,0.749,0.738,0.725,0.692,0.714,0.727,0.754,0.748,0.736,0.7,0.668,0.763,0.716,0.726,0.744,0.726,0.709,0.734,0.742,0.698,0.716,0.754,0.692,0.668,0.634,0.682,0.736,0.734,0.714,0.751,0.756,0.742,0.756,0.756,0.705,0.652,0.632,0.718,0.644,0.652,0.751,0.655,Expression,RASK_HUMAN,High,Human
0.691,0.69,0.75,0.75,0.74,0.746,0.625,0.662,0.749,0.738,0.725,0.692,0.714,0.727,0.754,0.748,0.736,0.7,0.668,0.763,0.716,0.726,0.744,0.726,0.709,0.734,0.742,0.698,0.716,0.754,0.692,0.668,0.634,0.682,0.736,0.734,0.714,0.751,0.756,0.742,0.756,0.756,0.705,0.652,0.632,0.718,0.644,0.652,0.751,0.655,Binding,RASK_HUMAN,High,Human
0.584,0.542,0.656,0.66,0.659,0.657,0.646,0.65,0.618,0.635,0.728,0.718,0.713,0.669,0.708,0.759,0.781,0.684,0.682,0.633,0.694,0.577,0.656,0.654,0.653,0.565,0.591,0.673,0.631,0.701,0.704,0.676,0.644,0.655,0.698,0.708,0.666,0.679,0.678,0.666,0.675,0.666,0.667,0.636,0.709,0.714,0.754,0.778,0.796,0.73,Stability,RBP1_HUMAN,High,Human
0.694,0.683,0.725,0.728,0.728,0.723,0.66,0.662,0.706,0.733,0.757,0.669,0.695,0.685,0.692,0.784,0.792,0.787,0.783,0.739,0.628,0.616,0.668,0.71,0.659,0.759,0.749,0.727,0.767,0.744,0.787,0.752,0.519,0.638,0.657,0.66,0.717,0.721,0.715,0.742,0.743,0.735,0.655,0.644,0.727,0.666,0.744,0.757,0.801,0.773,Stability,RCD1_ARATH,Medium,Eukaryote
0.665,0.773,0.805,0.8,0.788,0.806,0.533,0.64,0.728,0.758,0.737,0.649,0.697,0.591,0.654,0.66,0.786,0.786,0.803,0.801,0.506,0.524,0.549,0.541,0.414,0.522,0.439,0.482,0.798,0.799,0.782,0.771,0.518,0.525,0.495,0.778,0.713,0.708,0.795,0.789,0.8,0.823,0.452,0.545,0.698,0.548,0.78,0.806,0.866,0.807,Stability,RCRO_LAMBD,High,Prokaryote
0.619,0.649,0.714,0.714,0.711,0.711,0.576,0.735,0.804,0.781,0.75,0.792,0.805,0.603,0.836,0.78,0.768,0.761,0.723,0.735,0.705,0.725,0.722,0.743,0.769,0.765,0.764,0.749,0.765,0.747,0.725,0.718,0.729,0.646,0.749,0.737,0.703,0.747,0.75,0.716,0.742,0.748,0.747,0.507,0.788,0.772,0.724,0.783,0.787,0.745,Stability,RD23A_HUMAN,High,Human
0.667,0.699,0.727,0.732,0.779,0.781,0.524,0.728,0.791,0.792,0.612,0.547,0.554,0.535,0.54,0.59,0.698,0.724,0.785,0.768,0.734,0.768,0.778,0.789,0.588,0.723,0.716,0.712,0.751,0.796,0.766,0.729,0.568,0.73,0.761,0.781,0.75,0.768,0.779,0.79,0.799,0.808,0.535,0.522,0.612,0.536,0.626,0.646,0.622,0.54,OrganismalFitness,RDRP_I33A0,Low,Virus
0.596,0.574,0.603,0.606,0.603,0.603,0.521,0.646,0.61,0.613,0.566,0.616,0.624,0.526,0.522,0.585,0.613,0.638,0.629,0.575,0.6,0.623,0.617,0.608,0.635,0.637,0.576,0.617,0.623,0.63,0.667,0.672,0.525,0.608,0.627,0.613,0.614,0.625,0.61,0.616,0.623,0.611,0.529,0.533,0.599,0.537,0.626,0.612,0.639,0.604,OrganismalFitness,REV_HV1H2,Medium,Virus
0.507,0.596,0.607,0.618,0.618,0.616,0.487,0.62,0.624,0.617,0.622,0.571,0.585,0.469,0.529,0.511,0.649,0.637,0.632,0.635,0.454,0.519,0.559,0.553,0.464,0.565,0.577,0.552,0.576,0.61,0.636,0.61,0.5,0.498,0.558,0.576,0.543,0.572,0.583,0.61,0.61,0.611,0.547,0.447,0.585,0.54,0.649,0.622,0.689,0.658,Stability,RFAH_ECOLI,High,Prokaryote
0.688,0.851,0.867,0.866,0.866,0.87,0.593,0.855,0.85,0.848,0.886,0.885,0.875,0.591,0.706,0.753,0.908,0.899,0.907,0.879,0.587,0.798,0.786,0.78,0.774,0.789,0.805,0.818,0.861,0.865,0.843,0.832,0.531,0.774,0.803,0.79,0.812,0.836,0.832,0.852,0.875,0.875,0.484,0.434,0.769,0.622,0.856,0.858,0.936,0.906,Stability,RL20_AQUAE,High,Prokaryote
0.682,0.687,0.708,0.736,0.71,0.726,0.561,0.724,0.721,0.721,0.611,0.656,0.681,0.572,0.761,0.785,0.81,0.754,0.798,0.741,0.71,0.795,0.776,0.755,0.78,0.754,0.756,0.739,0.727,0.7,0.72,0.727,0.561,0.72,0.77,0.718,0.738,0.777,0.742,0.751,0.773,0.738,0.665,0.539,0.657,0.667,0.575,0.598,0.647,0.534,OrganismalFitness,RL40A_YEAST,Medium,Eukaryote
0.682,0.687,0.708,0.736,0.71,0.726,0.561,0.724,0.721,0.721,0.611,0.656,0.681,0.572,0.761,0.785,0.81,0.754,0.798,0.741,0.71,0.795,0.776,0.755,0.78,0.754,0.756,0.739,0.727,0.7,0.72,0.727,0.561,0.72,0.77,0.718,0.738,0.777,0.742,0.751,0.773,0.738,0.665,0.539,0.657,0.667,0.575,0.598,0.647,0.534,OrganismalFitness,RL40A_YEAST,Medium,Eukaryote
0.682,0.687,0.708,0.736,0.71,0.726,0.561,0.724,0.721,0.721,0.611,0.656,0.681,0.572,0.761,0.785,0.81,0.754,0.798,0.741,0.71,0.795,0.776,0.755,0.78,0.754,0.756,0.739,0.727,0.7,0.72,0.727,0.561,0.72,0.77,0.718,0.738,0.777,0.742,0.751,0.773,0.738,0.665,0.539,0.657,0.667,0.575,0.598,0.647,0.534,Activity,RL40A_YEAST,Medium,Eukaryote
0.772,0.804,0.803,0.809,0.812,0.813,0.531,0.719,0.799,0.806,0.806,0.803,0.81,0.535,0.782,0.801,0.809,0.807,0.81,0.808,0.779,0.794,0.765,0.755,0.786,0.802,0.802,0.801,0.795,0.809,0.799,0.776,0.584,0.77,0.777,0.718,0.794,0.801,0.777,0.818,0.819,0.815,0.769,0.534,0.806,0.792,0.657,0.777,0.65,0.597,Activity,RNC_ECOLI,Medium,Prokaryote
0.818,0.857,0.864,0.875,0.833,0.856,0.841,0.829,0.86,0.866,0.891,0.898,0.902,0.876,0.89,0.901,0.894,0.88,0.85,0.884,0.865,0.886,0.889,0.871,0.882,0.894,0.89,0.891,0.87,0.897,0.869,0.834,0.836,0.826,0.881,0.881,0.874,0.888,0.887,0.873,0.873,0.869,0.888,0.854,0.898,0.887,0.875,0.847,0.925,0.889,Stability,RPC1_BP434,High,Virus
0.66,0.748,0.786,0.798,0.774,0.772,0.616,0.786,0.766,0.772,0.81,0.792,0.808,0.67,0.669,0.732,0.83,0.852,0.856,0.758,0.631,0.711,0.735,0.766,0.629,0.732,0.712,0.7,0.848,0.762,0.882,0.859,0.563,0.594,0.714,0.799,0.658,0.713,0.792,0.756,0.774,0.804,0.684,0.678,0.737,0.692,0.653,0.728,0.73,0.631,Activity,RPC1_LAMBD,High,Prokaryote
0.66,0.748,0.786,0.798,0.774,0.772,0.616,0.786,0.766,0.772,0.81,0.792,0.808,0.67,0.669,0.732,0.83,0.852,0.856,0.758,0.631,0.711,0.735,0.766,0.629,0.732,0.712,0.7,0.848,0.762,0.882,0.859,0.563,0.594,0.714,0.799,0.658,0.713,0.792,0.756,0.774,0.804,0.684,0.678,0.737,0.692,0.653,0.728,0.73,0.631,Activity,RPC1_LAMBD,High,Prokaryote
0.698,0.672,0.685,0.682,0.672,0.675,0.587,0.62,0.713,0.716,0.734,0.709,0.701,0.636,0.657,0.758,0.714,0.702,0.67,0.663,0.601,0.652,0.667,0.658,0.657,0.672,0.7,0.679,0.686,0.701,0.726,0.723,0.548,0.711,0.659,0.662,0.725,0.687,0.69,0.703,0.679,0.673,0.665,0.62,0.719,0.683,0.801,0.723,0.817,0.768,Stability,RS15_GEOSE,Medium,Prokaryote
0.774,0.8,0.818,0.824,0.825,0.832,0.712,0.8,0.838,0.832,0.829,0.841,0.867,0.768,0.79,0.796,0.845,0.829,0.817,0.52,0.78,0.838,0.849,0.837,0.8,0.849,0.856,0.842,0.82,0.835,0.833,0.772,0.686,0.795,0.843,0.835,0.812,0.851,0.851,0.845,0.857,0.854,0.773,0.644,0.825,0.801,0.73,0.797,0.788,0.59,Expression,S22A1_HUMAN,Medium,Human
0.774,0.8,0.818,0.824,0.825,0.832,0.712,0.8,0.838,0.832,0.829,0.841,0.867,0.768,0.79,0.796,0.845,0.829,0.817,0.52,0.78,0.838,0.849,0.837,0.8,0.849,0.856,0.842,0.82,0.835,0.833,0.772,0.686,0.795,0.843,0.835,0.812,0.851,0.851,0.845,0.857,0.854,0.773,0.644,0.825,0.801,0.73,0.797,0.788,0.59,Activity,S22A1_HUMAN,Medium,Human
0.537,0.586,0.693,0.677,0.692,0.687,0.702,0.788,0.755,0.761,0.762,0.765,0.778,0.593,0.739,0.757,0.765,0.786,0.732,0.723,0.771,0.756,0.75,0.766,0.776,0.786,0.768,0.771,0.769,0.785,0.764,0.733,0.703,0.736,0.778,0.773,0.714,0.758,0.746,0.698,0.719,0.719,0.768,0.459,0.787,0.774,0.647,0.658,0.709,0.767,Stability,SAV1_MOUSE,High,Eukaryote
0.606,0.599,0.685,0.666,0.714,0.699,0.607,0.603,0.752,0.766,0.661,0.626,0.642,0.614,0.629,0.687,0.789,0.833,0.674,0.68,0.61,0.63,0.64,0.639,0.607,0.619,0.611,0.629,0.688,0.789,0.798,0.75,0.602,0.589,0.598,0.606,0.641,0.646,0.648,0.674,0.681,0.685,0.629,0.608,0.659,0.655,0.836,0.828,0.854,0.812,Stability,SBI_STAAM,Medium,Prokaryote
0.71,0.745,0.728,0.734,0.771,0.78,0.686,0.766,0.794,0.801,0.788,0.782,0.787,0.588,0.675,0.77,0.792,0.793,0.78,0.795,0.764,0.771,0.762,0.761,0.771,0.774,0.773,0.776,0.771,0.788,0.745,0.693,0.683,0.772,0.77,0.759,0.783,0.788,0.781,0.793,0.796,0.791,0.762,0.564,0.79,0.782,0.746,0.778,0.762,0.598,Activity,SC6A4_HUMAN,Medium,Human
0.535,0.56,0.633,0.63,0.654,0.641,0.552,0.53,0.632,0.64,0.62,0.618,0.607,0.585,0.625,0.613,0.638,0.67,0.675,0.634,0.538,0.563,0.549,0.555,0.564,0.576,0.56,0.578,0.585,0.629,0.638,0.602,0.49,0.522,0.534,0.565,0.566,0.564,0.574,0.626,0.62,0.628,0.592,0.566,0.623,0.607,0.763,0.758,0.763,0.733,Stability,SCIN_STAAR,High,Prokaryote
0.537,0.543,0.558,0.558,0.553,0.559,0.548,0.51,0.569,0.563,0.589,0.613,0.567,0.623,0.591,0.582,0.594,0.569,0.554,0.579,0.546,0.557,0.567,0.567,0.536,0.547,0.548,0.543,0.58,0.545,0.588,0.582,0.532,0.534,0.525,0.532,0.537,0.53,0.529,0.553,0.552,0.556,0.542,0.585,0.574,0.585,0.529,0.561,0.527,0.504,OrganismalFitness,SCN5A_HUMAN,Medium,Human
0.944,0.971,0.971,0.969,0.973,0.973,0.59,0.86,0.961,0.964,0.969,0.939,0.952,0.72,0.734,0.947,0.955,0.952,0.957,0.954,0.628,0.652,0.652,0.77,0.643,0.799,0.565,0.776,0.862,0.967,0.965,0.962,0.353,0.579,0.738,0.808,0.934,0.936,0.908,0.962,0.96,0.947,0.576,0.497,0.818,0.562,0.841,0.827,0.961,0.952,Stability,SDA_BACSU,Medium,Prokaryote
0.678,0.722,0.759,0.759,0.745,0.75,0.509,0.715,0.753,0.764,0.747,0.757,0.76,0.587,0.692,0.754,0.765,0.776,0.76,0.755,0.736,0.744,0.746,0.735,0.738,0.755,0.747,0.755,0.745,0.744,0.753,0.732,0.588,0.747,0.753,0.749,0.748,0.754,0.757,0.757,0.759,0.759,0.651,0.519,0.759,0.725,0.696,0.735,0.681,0.593,OrganismalFitness,SERC_HUMAN,High,Human
0.599,0.664,0.689,0.69,0.685,0.69,0.606,0.679,0.628,0.692,0.696,0.689,0.702,0.613,0.618,0.627,0.711,0.695,0.648,0.694,0.624,0.679,0.693,0.677,0.626,0.693,0.692,0.698,0.678,0.704,0.704,0.677,0.574,0.621,0.651,0.687,0.627,0.648,0.682,0.682,0.682,0.698,0.623,0.611,0.713,0.639,0.65,0.681,0.638,0.545,OrganismalFitness,SHOC2_HUMAN,Medium,Human
0.592,0.618,0.628,0.627,0.639,0.634,0.694,0.584,0.636,0.636,0.62,0.659,0.663,0.644,0.687,0.661,0.66,0.625,0.624,0.615,0.576,0.587,0.586,0.599,0.631,0.632,0.596,0.626,0.599,0.611,0.535,0.517,0.609,0.561,0.63,0.62,0.593,0.609,0.615,0.635,0.631,0.631,0.63,0.572,0.598,0.671,0.756,0.671,0.768,0.724,Stability,SOX30_HUMAN,High,Human
0.748,0.788,0.799,0.788,0.822,0.822,0.411,0.796,0.768,0.801,0.7,0.434,0.456,0.436,0.438,0.427,0.457,0.447,0.468,0.794,0.386,0.48,0.586,0.546,0.428,0.447,0.504,0.674,0.733,0.811,0.736,0.75,0.476,0.461,0.471,0.505,0.744,0.738,0.737,0.82,0.818,0.812,0.387,0.418,0.411,0.445,0.753,0.72,0.871,0.785,Stability,SPA_STAAU,Medium,Prokaryote
0.562,0.619,0.554,0.564,0.616,0.624,0.546,0.535,0.668,0.676,0.682,0.653,0.634,0.648,0.655,0.672,0.694,0.694,0.724,0.657,0.623,0.602,0.599,0.609,0.602,0.633,0.618,0.613,0.646,0.633,0.728,0.705,0.514,0.624,0.583,0.628,0.631,0.611,0.641,0.636,0.617,0.645,0.522,0.472,0.62,0.546,0.643,0.619,0.718,0.601,Binding,SPG1_STRSG,Low,Prokaryote
0.562,0.619,0.554,0.564,0.616,0.624,0.546,0.535,0.668,0.676,0.682,0.653,0.634,0.648,0.655,0.672,0.694,0.694,0.724,0.657,0.623,0.602,0.599,0.609,0.602,0.633,0.618,0.613,0.646,0.633,0.728,0.705,0.514,0.624,0.583,0.628,0.631,0.611,0.641,0.636,0.617,0.645,0.522,0.472,0.62,0.546,0.643,0.619,0.718,0.601,Binding,SPG1_STRSG,Low,Prokaryote
0.562,0.619,0.554,0.564,0.616,0.624,0.546,0.535,0.668,0.676,0.682,0.653,0.634,0.648,0.655,0.672,0.694,0.694,0.724,0.657,0.623,0.602,0.599,0.609,0.602,0.633,0.618,0.613,0.646,0.633,0.728,0.705,0.514,0.624,0.583,0.628,0.631,0.611,0.641,0.636,0.617,0.645,0.522,0.472,0.62,0.546,0.643,0.619,0.718,0.601,Binding,SPG1_STRSG,Medium,Prokaryote
0.562,0.619,0.554,0.564,0.616,0.624,0.546,0.535,0.668,0.676,0.682,0.653,0.634,0.648,0.655,0.672,0.694,0.694,0.724,0.657,0.623,0.602,0.599,0.609,0.602,0.633,0.618,0.613,0.646,0.633,0.728,0.705,0.514,0.624,0.583,0.628,0.631,0.611,0.641,0.636,0.617,0.645,0.522,0.472,0.62,0.546,0.643,0.619,0.718,0.601,Binding,SPG1_STRSG,Medium,Prokaryote
0.767,0.811,0.804,0.823,0.84,0.839,0.704,0.705,0.734,0.782,0.785,0.752,0.744,0.719,0.756,0.769,0.792,0.789,0.81,0.8,0.736,0.757,0.744,0.739,0.705,0.771,0.712,0.772,0.796,0.866,0.842,0.835,0.416,0.722,0.766,0.778,0.697,0.718,0.743,0.833,0.836,0.842,0.647,0.564,0.66,0.642,0.761,0.715,0.902,0.837,Stability,SPG2_STRSG,Medium,Prokaryote
0.588,0.63,0.562,0.613,0.684,0.684,0.465,0.682,0.738,0.752,0.493,0.457,0.472,0.464,0.471,0.481,0.482,0.49,0.528,0.67,0.653,0.682,0.68,0.688,0.69,0.672,0.654,0.69,0.655,0.66,0.651,0.673,0.59,0.663,0.665,0.682,0.665,0.668,0.667,0.698,0.7,0.706,0.477,0.488,0.481,0.488,0.774,0.759,0.719,0.59,Binding,SPIKE_SARS2,Medium,Virus
0.588,0.63,0.562,0.613,0.684,0.684,0.465,0.682,0.738,0.752,0.493,0.457,0.472,0.464,0.471,0.481,0.482,0.49,0.528,0.67,0.653,0.682,0.68,0.688,0.69,0.672,0.654,0.69,0.655,0.66,0.651,0.673,0.59,0.663,0.665,0.682,0.665,0.668,0.667,0.698,0.7,0.706,0.477,0.488,0.481,0.488,0.774,0.759,0.719,0.59,Expression,SPIKE_SARS2,Medium,Virus
0.794,0.805,0.81,0.778,0.798,0.787,0.605,0.745,0.743,0.762,0.797,0.816,0.807,0.444,0.797,0.801,0.796,0.857,0.822,0.788,0.782,0.808,0.789,0.782,0.786,0.789,0.814,0.767,0.778,0.787,0.791,0.792,0.711,0.746,0.777,0.766,0.808,0.813,0.804,0.792,0.795,0.791,0.736,0.402,0.723,0.736,0.702,0.693,0.809,0.802,Stability,SPTN1_CHICK,High,Eukaryote
0.678,0.75,0.781,0.788,0.785,0.787,0.529,0.686,0.765,0.788,0.729,0.654,0.714,0.574,0.708,0.745,0.804,0.815,0.753,0.796,0.59,0.701,0.715,0.718,0.64,0.743,0.76,0.724,0.741,0.809,0.786,0.77,0.576,0.571,0.696,0.735,0.727,0.741,0.768,0.791,0.78,0.791,0.582,0.538,0.779,0.771,0.832,0.816,0.813,0.823,Stability,SQSTM_MOUSE,Medium,Eukaryote
0.82,0.856,0.869,0.869,0.873,0.87,0.382,0.779,0.831,0.844,0.878,0.842,0.851,0.347,0.853,0.878,0.863,0.877,0.864,0.843,0.419,0.682,0.687,0.762,0.76,0.801,0.825,0.819,0.823,0.865,0.866,0.848,0.686,0.504,0.575,0.678,0.853,0.851,0.855,0.868,0.868,0.865,0.794,0.321,0.871,0.825,0.567,0.81,0.859,0.864,Stability,SR43C_ARATH,High,Eukaryote
0.711,0.786,0.866,0.866,0.886,0.883,0.788,0.697,0.853,0.892,0.837,0.859,0.876,0.767,0.867,0.881,0.888,0.842,0.867,0.852,0.866,0.846,0.853,0.839,0.845,0.842,0.849,0.841,0.832,0.864,0.887,0.868,0.809,0.825,0.844,0.841,0.858,0.875,0.875,0.878,0.889,0.887,0.69,0.574,0.786,0.769,0.786,0.778,0.823,0.842,Stability,SRBS1_HUMAN,High,Human
0.766,0.771,0.757,0.763,0.773,0.773,0.775,0.744,0.693,0.761,0.762,0.802,0.814,0.714,0.737,0.746,0.792,0.772,0.762,0.76,0.736,0.725,0.725,0.701,0.741,0.754,0.735,0.724,0.676,0.788,0.807,0.8,0.725,0.717,0.722,0.681,0.759,0.762,0.751,0.778,0.778,0.774,0.793,0.695,0.769,0.787,0.655,0.66,0.704,0.544,Activity,SRC_HUMAN,Medium,Human
0.766,0.771,0.757,0.763,0.773,0.773,0.775,0.744,0.693,0.761,0.762,0.802,0.814,0.714,0.737,0.746,0.792,0.772,0.762,0.76,0.736,0.725,0.725,0.701,0.741,0.754,0.735,0.724,0.676,0.788,0.807,0.8,0.725,0.717,0.722,0.681,0.759,0.762,0.751,0.778,0.778,0.774,0.793,0.695,0.769,0.787,0.655,0.66,0.704,0.544,Activity,SRC_HUMAN,Medium,Human
0.766,0.771,0.757,0.763,0.773,0.773,0.775,0.744,0.693,0.761,0.762,0.802,0.814,0.714,0.737,0.746,0.792,0.772,0.762,0.76,0.736,0.725,0.725,0.701,0.741,0.754,0.735,0.724,0.676,0.788,0.807,0.8,0.725,0.717,0.722,0.681,0.759,0.762,0.751,0.778,0.778,0.774,0.793,0.695,0.769,0.787,0.655,0.66,0.704,0.544,OrganismalFitness,SRC_HUMAN,Medium,Human
0.718,0.703,0.735,0.747,0.778,0.773,0.58,0.755,0.765,0.785,0.753,0.78,0.8,0.645,0.8,0.818,0.802,0.717,0.686,0.808,0.631,0.743,0.769,0.758,0.786,0.732,0.777,0.757,0.684,0.767,0.77,0.763,0.628,0.657,0.788,0.689,0.743,0.805,0.736,0.763,0.809,0.763,0.803,0.548,0.716,0.815,0.808,0.751,0.814,0.757,OrganismalFitness,SUMO1_HUMAN,High,Human
0.61,0.647,0.668,0.676,0.671,0.676,0.667,0.719,0.642,0.685,0.774,0.775,0.772,0.669,0.7,0.699,0.702,0.748,0.753,0.753,0.683,0.735,0.698,0.697,0.654,0.717,0.731,0.689,0.687,0.755,0.736,0.712,0.579,0.694,0.755,0.72,0.658,0.724,0.692,0.679,0.717,0.697,0.665,0.617,0.719,0.697,0.495,0.634,0.519,0.472,OrganismalFitness,SYUA_HUMAN,Medium,Human
0.555,0.538,0.554,0.552,0.547,0.545,0.62,0.503,0.534,0.525,0.512,0.525,0.524,0.552,0.517,0.516,0.447,0.502,0.533,0.474,0.568,0.532,0.504,0.502,0.582,0.551,0.517,0.525,0.498,0.525,0.554,0.57,0.471,0.595,0.619,0.567,0.571,0.59,0.569,0.556,0.566,0.563,0.538,0.584,0.499,0.528,0.638,0.524,0.59,0.529,OrganismalFitness,TADBP_HUMAN,Low,Human
0.707,0.64,0.678,0.687,0.721,0.708,0.439,0.774,0.711,0.725,0.616,0.738,0.74,0.479,0.499,0.498,0.522,0.461,0.529,0.646,0.76,0.758,0.775,0.781,0.772,0.68,0.591,0.67,0.649,0.756,0.787,0.779,0.709,0.767,0.649,0.639,0.765,0.688,0.665,0.757,0.709,0.685,0.509,0.465,0.712,0.625,0.65,0.702,0.726,0.64,OrganismalFitness,TAT_HV1BR,High,Virus
0.837,0.852,0.88,0.885,0.887,0.888,0.883,0.686,0.915,0.927,0.874,0.922,0.933,0.908,0.914,0.94,0.931,0.915,0.929,0.837,0.785,0.843,0.837,0.865,0.854,0.861,0.888,0.884,0.851,0.909,0.899,0.886,0.84,0.777,0.85,0.885,0.895,0.907,0.91,0.897,0.908,0.906,0.905,0.588,0.827,0.901,0.853,0.797,0.928,0.917,Stability,TCRG1_MOUSE,Medium,Eukaryote
0.707,0.76,0.81,0.805,0.811,0.81,0.509,0.561,0.838,0.842,0.836,0.804,0.828,0.576,0.848,0.849,0.84,0.851,0.857,0.831,0.441,0.692,0.695,0.668,0.683,0.717,0.618,0.75,0.795,0.852,0.853,0.843,0.775,0.469,0.721,0.686,0.784,0.816,0.809,0.803,0.825,0.824,0.641,0.547,0.797,0.711,0.796,0.796,0.812,0.868,Stability,THO1_YEAST,High,Eukaryote
0.712,0.742,0.774,0.767,0.769,0.769,0.422,0.71,0.728,0.754,0.757,0.762,0.765,0.505,0.76,0.791,0.778,0.776,0.785,0.752,0.643,0.691,0.709,0.707,0.696,0.726,0.69,0.704,0.719,0.779,0.753,0.732,0.602,0.536,0.67,0.682,0.767,0.766,0.763,0.786,0.775,0.774,0.653,0.465,0.781,0.735,0.733,0.813,0.839,0.816,Stability,TNKS2_HUMAN,High,Human
0.622,0.631,0.626,0.629,0.632,0.631,0.547,0.639,0.639,0.657,0.658,0.653,0.675,0.571,0.618,0.644,0.684,0.68,0.706,0.64,0.555,0.575,0.618,0.646,0.569,0.647,0.652,0.635,0.669,0.641,0.642,0.606,0.563,0.571,0.614,0.669,0.632,0.638,0.671,0.64,0.64,0.655,0.578,0.56,0.673,0.601,0.617,0.645,0.633,0.559,OrganismalFitness,TPK1_HUMAN,Medium,Human
0.722,0.754,0.773,0.782,0.778,0.787,0.656,0.761,0.776,0.773,0.812,0.785,0.802,0.706,0.751,0.814,0.807,0.756,0.749,0.779,0.694,0.725,0.761,0.766,0.742,0.777,0.757,0.746,0.736,0.805,0.802,0.779,0.708,0.698,0.768,0.719,0.785,0.797,0.765,0.799,0.805,0.783,0.736,0.637,0.797,0.777,0.779,0.788,0.807,0.641,Expression,TPMT_HUMAN,Medium,Human
0.723,0.695,0.677,0.655,0.658,0.667,0.765,0.752,0.755,0.732,0.739,0.732,0.739,0.694,0.748,0.704,0.685,0.736,0.678,0.677,0.681,0.737,0.714,0.726,0.749,0.634,0.806,0.78,0.708,0.741,0.751,0.63,0.747,0.756,0.73,0.751,0.776,0.768,0.773,0.75,0.739,0.757,0.709,0.712,0.717,0.738,0.578,0.69,0.681,0.511,OrganismalFitness,TPOR_HUMAN,Low,Human
0.832,0.841,0.818,0.827,0.829,0.834,0.63,0.804,0.865,0.874,0.858,0.849,0.869,0.689,0.817,0.858,0.864,0.86,0.847,0.835,0.758,0.832,0.8,0.832,0.792,0.798,0.817,0.803,0.799,0.808,0.846,0.808,0.62,0.804,0.829,0.827,0.834,0.848,0.844,0.841,0.854,0.847,0.763,0.539,0.85,0.8,0.674,0.788,0.793,0.564,OrganismalFitness,TRPC_SACS2,Medium,Prokaryote
0.768,0.78,0.76,0.764,0.76,0.762,0.691,0.748,0.788,0.789,0.772,0.797,0.807,0.661,0.796,0.797,0.794,0.793,0.811,0.773,0.728,0.76,0.762,0.783,0.756,0.763,0.746,0.744,0.787,0.753,0.765,0.732,0.603,0.731,0.784,0.775,0.762,0.784,0.779,0.77,0.783,0.777,0.757,0.558,0.79,0.754,0.64,0.721,0.73,0.52,OrganismalFitness,TRPC_THEMA,Medium,Prokaryote
0.697,0.771,0.796,0.801,0.788,0.794,0.477,0.72,0.776,0.788,0.731,0.773,0.79,0.498,0.499,0.716,0.756,0.786,0.803,0.816,0.625,0.727,0.746,0.732,0.734,0.76,0.759,0.747,0.745,0.766,0.757,0.745,0.551,0.63,0.727,0.74,0.678,0.752,0.762,0.749,0.792,0.803,0.648,0.493,0.733,0.774,0.684,0.695,0.754,0.643,OrganismalFitness,UBC9_HUMAN,Medium,Human
0.703,0.811,0.829,0.828,0.834,0.833,0.628,0.78,0.842,0.85,0.815,0.845,0.837,0.751,0.81,0.854,0.843,0.847,0.858,0.818,0.66,0.792,0.795,0.801,0.784,0.803,0.787,0.789,0.807,0.83,0.863,0.852,0.813,0.612,0.615,0.757,0.772,0.769,0.784,0.833,0.831,0.823,0.763,0.484,0.72,0.726,0.805,0.763,0.845,0.755,Stability,UBE4B_HUMAN,High,Human
0.779,0.799,0.824,0.831,0.842,0.844,0.536,0.594,0.758,0.772,0.762,0.838,0.846,0.817,0.838,0.847,0.834,0.786,0.752,0.798,0.59,0.764,0.749,0.732,0.837,0.8,0.786,0.775,0.731,0.826,0.845,0.825,0.534,0.492,0.58,0.698,0.782,0.749,0.776,0.834,0.828,0.842,0.815,0.499,0.814,0.826,0.694,0.773,0.469,0.54,Activity,UBE4B_MOUSE,Low,Eukaryote
0.735,0.832,0.832,0.834,0.837,0.845,0.601,0.665,0.811,0.804,0.813,0.742,0.791,0.627,0.635,0.587,0.588,0.84,0.835,0.795,0.754,0.749,0.777,0.804,0.765,0.784,0.795,0.789,0.801,0.815,0.784,0.717,0.669,0.668,0.758,0.742,0.76,0.786,0.784,0.845,0.846,0.845,0.555,0.552,0.707,0.589,0.784,0.716,0.854,0.82,Stability,UBR5_HUMAN,Medium,Human
0.583,0.623,0.591,0.609,0.612,0.609,0.618,0.467,0.63,0.733,0.831,0.785,0.79,0.674,0.761,0.808,0.844,0.817,0.85,0.566,0.701,0.765,0.747,0.813,0.715,0.736,0.729,0.752,0.815,0.766,0.782,0.715,0.487,0.652,0.76,0.78,0.659,0.7,0.753,0.655,0.684,0.709,0.737,0.637,0.781,0.752,0.742,0.783,0.792,0.759,Stability,VG08_BPP22,High,Virus
0.687,0.772,0.869,0.894,0.896,0.897,0.552,0.811,0.882,0.9,0.914,0.886,0.896,0.695,0.618,0.904,0.912,0.88,0.817,0.862,0.668,0.757,0.842,0.812,0.793,0.826,0.812,0.792,0.843,0.88,0.919,0.913,0.692,0.683,0.791,0.789,0.812,0.84,0.831,0.894,0.898,0.888,0.626,0.66,0.79,0.795,0.816,0.793,0.922,0.861,Stability,VILI_CHICK,High,Eukaryote
0.704,0.716,0.72,0.731,0.738,0.744,0.563,0.715,0.746,0.754,0.744,0.748,0.76,0.569,0.697,0.733,0.758,0.76,0.756,0.748,0.59,0.602,0.684,0.708,0.632,0.736,0.731,0.72,0.73,0.75,0.73,0.692,0.578,0.568,0.631,0.742,0.721,0.73,0.763,0.747,0.754,0.768,0.579,0.555,0.748,0.663,0.678,0.716,0.736,0.592,Expression,VKOR1_HUMAN,Medium,Human
0.704,0.716,0.72,0.731,0.738,0.744,0.563,0.715,0.746,0.754,0.744,0.748,0.76,0.569,0.697,0.733,0.758,0.76,0.756,0.748,0.59,0.602,0.684,0.708,0.632,0.736,0.731,0.72,0.73,0.75,0.73,0.692,0.578,0.568,0.631,0.742,0.721,0.73,0.763,0.747,0.754,0.768,0.579,0.555,0.748,0.663,0.678,0.716,0.736,0.592,Activity,VKOR1_HUMAN,Medium,Human
0.422,0.514,0.587,0.615,0.55,0.572,0.548,0.603,0.69,0.699,0.801,0.722,0.733,0.669,0.755,0.811,0.86,0.874,0.813,0.616,0.488,0.567,0.575,0.636,0.613,0.622,0.57,0.622,0.664,0.563,0.809,0.769,0.638,0.514,0.514,0.553,0.468,0.474,0.456,0.528,0.537,0.49,0.656,0.521,0.819,0.728,0.833,0.812,0.84,0.842,Stability,VRPI_BPT7,Medium,Virus
0.65,0.816,0.795,0.809,0.807,0.803,0.38,0.783,0.808,0.793,0.798,0.618,0.733,0.432,0.574,0.791,0.813,0.844,0.851,0.8,0.459,0.404,0.435,0.633,0.431,0.409,0.373,0.498,0.771,0.803,0.854,0.84,0.471,0.363,0.451,0.75,0.677,0.682,0.766,0.791,0.788,0.806,0.459,0.363,0.582,0.479,0.709,0.691,0.813,0.767,Stability,YAIA_ECOLI,Medium,Prokaryote
0.726,0.674,0.743,0.742,0.735,0.738,0.673,0.654,0.548,0.541,0.677,0.649,0.654,0.716,0.736,0.734,0.74,0.698,0.667,0.607,0.598,0.597,0.588,0.592,0.657,0.623,0.637,0.612,0.586,0.677,0.729,0.74,0.569,0.66,0.605,0.618,0.712,0.672,0.691,0.728,0.712,0.731,0.75,0.454,0.673,0.75,0.679,0.685,0.7,0.603,Binding,YAP1_HUMAN,Low,Human
0.904,0.927,0.955,0.954,0.948,0.945,0.819,0.853,0.938,0.941,0.969,0.967,0.971,0.874,0.883,0.973,0.974,0.961,0.97,0.942,0.848,0.912,0.929,0.933,0.923,0.93,0.886,0.934,0.952,0.923,0.942,0.919,0.911,0.856,0.907,0.897,0.922,0.926,0.923,0.942,0.938,0.944,0.732,0.658,0.826,0.739,0.775,0.825,0.98,0.932,Stability,YNZC_BACSU,Medium,Prokaryote
0.703,0.731,0.737,0.743,0.752,0.755,0.595,0.7,0.744,0.752,0.735,0.721,0.737,0.612,0.676,0.723,0.744,0.741,0.738,0.72,0.671,0.702,0.71,0.715,0.692,0.72,0.716,0.719,0.729,0.763,0.762,0.742,0.608,0.666,0.696,0.714,0.737,0.743,0.75,0.76,0.761,0.764,0.647,0.546,0.714,0.678,0.706,0.727,0.737,0.659,,,,
